# Variant Queried: chr3	4976067	4976790	.
# Mapping to relative reference coordinates: chr3 4770000 5180000
# Bp to adjust after Variant: 723
chr3	4270000	5275000	4.2597	4.1874	4.0811	4.1057	4.3975	4.8504	4.4759	4.5135	4.4305	5.1748	4.467	5.2705	4.7498	4.9967	4.4293	5.1936	4.657	5.0161	5.58	5.443	5.3575	5.2832	4.9282	5.0518	5.0153	4.7936	4.5846	4.6853	4.2558	4.4769	4.4858	3.9227	4.1446	3.8866	4.2988	4.1542	4.3864	4.4217	4.7403	4.3605	4.7419	4.1017	4.5332	4.3831	4.4743	4.3574	4.8505	3.9639	4.1239	3.7045	3.4576	3.4176	3.4132	3.1671	3.3559	3.2157	2.8135	2.7251	3.1248	2.8371	2.8943	3.002	3.0351	2.7153	3.017	3.1385	2.8793	2.9399	2.7267	3.1704	2.8587	2.8627	3.0855	3.0248	3.1096	3.0451	3.132	2.9795	3.2133	2.8517	3.0452	3.3771	3.3664	3.6491	3.7089	3.6285	3.8592	3.4288	3.5212	3.5426	3.7608	4.1884	3.7784	3.8212	3.7995	3.9704	3.6407	3.9288	3.8527	3.8863	3.8995	4.0936	4.305	4.4001	4.1395	4.3317	4.5938	4.1039	4.5356	4.8708	4.655	4.3689	4.7063	4.4489	4.7951	4.6805	4.5583	4.6749	4.5873	4.6483	4.8834	4.3376	4.1897	4.673	4.5682	4.4231	4.6722	4.3884	4.378	4.5021	4.609	4.1432	4.3409	4.6956	4.3193	4.2707	4.5103	4.2539	4.4257	5.0654	4.6015	4.8021	4.6219	4.5231	4.7566	4.3976	4.9076	4.743	4.6928	4.2174	4.4841	4.69	4.5657	4.6016	4.698	4.5995	4.5687	4.8314	4.6722	4.7507	4.7295	4.7428	5.3034	4.8605	4.9263	4.9901	4.9744	5.3321	4.9089	5.0806	5.3056	5.4063	5.4204	5.2864	5.2186	5.2316	5.2444	5.5436	4.7378	4.9944	4.9938	4.8702	5.4748	4.9428	4.815	4.821	4.8522	4.4738	4.7102	4.9389	4.6403	4.3992	4.4515	4.5314	4.4347	4.5663	4.553	4.6476	3.9094	4.1639	4.5245
chr3	4275000	5280000	4.2811	4.0014	4.1932	4.2051	4.459	4.8141	4.4793	4.4318	4.4553	4.9948	4.3198	5.0711	4.6367	4.776	4.2724	4.9905	4.6131	4.9748	5.4388	5.3581	5.2894	5.3462	5.0395	5.2753	5.2599	5.0472	5.0164	5.0252	4.64	4.5962	4.7805	4.1441	4.4166	4.1451	4.5168	4.2688	4.4091	4.3043	4.5144	4.3054	4.76	4.3242	4.4869	4.4701	4.6048	4.5639	4.9911	4.3671	4.4949	4.1334	3.8864	3.8097	3.779	3.568	3.5549	3.4731	3.1801	3.0031	3.3161	2.9224	3.0541	3.0186	3.0765	2.7231	2.974	3.2133	3.0843	3.1818	2.7777	3.2632	2.9124	2.9208	3.2927	3.1198	3.2182	3.1481	3.4297	2.993	3.314	2.9349	3.079	3.5072	3.464	3.6835	3.8348	3.6742	3.8761	3.5214	3.4135	3.6647	3.8506	4.1688	3.8111	3.8447	4.0057	3.9652	3.6975	4.1163	3.9456	4.0129	4.0033	4.1496	4.3842	4.3369	4.2716	4.4537	4.7047	4.1512	4.6825	5.0271	4.7895	4.4466	4.6768	4.5336	4.782	4.487	4.6249	4.6648	4.5186	4.4691	4.7077	4.262	4.142	4.5809	4.6099	4.2227	4.6674	4.4177	4.3004	4.4408	4.5672	4.1557	4.3173	4.6165	4.3629	4.184	4.4964	4.2656	4.3432	4.9807	4.5126	4.7112	4.4266	4.3477	4.7963	4.4002	4.8586	4.6363	4.7825	4.2728	4.3943	4.4536	4.4247	4.5544	4.5812	4.586	4.4356	4.7226	4.6335	4.6457	4.7041	4.7392	5.1366	4.7421	4.964	4.9274	4.994	5.3267	4.7559	5.205	5.4489	5.4276	5.5431	5.4151	5.2358	5.0979	5.1841	5.5182	4.7747	5.0695	5.1107	4.9445	5.2741	4.8716	4.9743	4.9708	4.8395	4.5402	4.8169	5.0605	4.749	4.5669	4.5743	4.6035	4.5364	4.5269	4.604	4.6364	3.829	4.0745	4.459
chr3	4280000	5285000	4.2451	3.9824	4.27	4.2131	4.4461	4.6994	4.2838	4.3839	4.147	4.8075	4.1027	4.729	4.3761	4.5656	4.2411	4.9091	4.5458	4.7453	5.2815	5.2942	5.1078	5.1954	4.9516	5.2763	5.3364	5.0488	5.0983	5.3482	4.904	4.8668	5.1165	4.4242	4.577	4.2749	4.6787	4.2947	4.3056	4.3018	4.5766	4.2524	4.6809	4.2367	4.3747	4.5684	4.705	4.8742	5.0802	4.4771	4.5774	4.4069	4.1254	4.1683	4.0716	4.1158	3.9215	3.7178	3.4809	3.3948	3.572	3.0009	3.2996	3.1551	3.2724	2.6879	3.1094	3.1299	3.1311	3.2487	2.8657	3.4171	3.1108	2.9739	3.4467	3.3327	3.3568	3.0706	3.4395	3.1911	3.4883	2.9846	3.2676	3.4471	3.4258	3.7406	4.0081	3.6756	3.8016	3.7022	3.6066	3.8878	4.0231	4.3083	3.8176	4.0385	4.015	4.0952	3.7285	4.1662	4.015	4.0209	4.2517	4.1451	4.5287	4.4121	4.3827	4.5471	4.6812	4.3632	4.8443	5.1821	4.7409	4.3272	4.8286	4.5937	4.7187	4.4953	4.582	4.5295	4.4364	4.4683	4.6233	4.2689	4.0384	4.5797	4.5106	4.2056	4.6569	4.3715	4.305	4.4105	4.531	4.1392	4.0873	4.6115	4.2562	4.0537	4.4788	4.1416	4.03	4.8854	4.387	4.6743	4.3742	4.1352	4.7356	4.2519	4.8061	4.5811	4.6871	4.236	4.4029	4.3847	4.4999	4.4672	4.5676	4.6561	4.3218	4.7341	4.7171	4.5629	4.8554	4.6682	5.2525	4.651	4.8316	4.7743	4.9314	5.1276	4.7354	5.0322	5.2784	5.4385	5.5429	5.3489	5.2144	4.9572	5.1174	5.486	4.8474	5.0964	5.2297	4.9444	5.3823	4.8202	4.9935	5.1307	4.9866	4.5914	4.9106	5.1459	4.9858	4.6631	4.6549	4.736	4.6871	4.701	4.5252	4.7919	3.9261	4.145	4.3438
chr3	4285000	5290000	4.2094	3.9378	4.1041	4.1513	4.2624	4.4718	4.1186	4.2459	3.8706	4.6161	3.9596	4.5791	4.3135	4.341	4.2663	4.787	4.4148	4.6346	5.0395	5.1136	4.8448	5.0477	4.8472	5.3262	5.1446	5.0122	5.334	5.4859	5.1147	5.2334	5.4183	4.6834	5.0228	4.6714	4.9376	4.4286	4.5127	4.354	4.6686	4.3022	4.8016	4.2308	4.481	4.4752	4.6224	5.0294	5.1841	4.7101	4.9086	4.5273	4.1951	4.4367	4.4787	4.3736	4.2983	4.0124	3.867	3.7241	3.7704	3.441	3.595	3.3162	3.6121	2.7873	3.2765	3.3126	3.4016	3.3291	2.9818	3.4757	3.2565	3.1523	3.7522	3.4763	3.4708	3.254	3.4905	3.2923	3.6133	3.1452	3.2404	3.4317	3.505	3.7406	4.0827	3.7053	3.8998	3.837	3.671	3.9577	3.8601	4.2901	3.9451	4.0174	4.0615	4.2296	3.7962	4.2516	4.1041	4.2599	4.4524	4.3053	4.5868	4.476	4.6195	4.6906	4.797	4.5408	4.9377	5.264	4.7255	4.3807	4.7066	4.6439	4.8545	4.4533	4.5351	4.4272	4.5149	4.392	4.6497	4.1844	4.1073	4.4876	4.5036	4.1743	4.6541	4.2984	4.4143	4.3835	4.6095	4.098	4.049	4.4349	4.29	4.1684	4.2422	4.2034	4.0505	4.7851	4.2654	4.7334	4.2313	4.1186	4.6709	4.2868	4.6418	4.4509	4.6537	4.293	4.4268	4.443	4.3157	4.4064	4.5245	4.7693	4.4597	4.7616	4.6893	4.5247	4.7532	4.5346	5.0807	4.4969	4.7041	4.6282	4.9102	5.1273	4.6434	5.0222	5.1636	5.3	5.1562	5.2833	5.2987	4.8879	5.215	5.5483	4.726	5.0819	5.1769	5.0036	5.567	4.8956	5.0728	5.2604	5.0019	4.7221	4.8543	5.2093	4.9851	4.8486	4.7893	4.7997	4.75	4.7572	4.5705	4.8164	4.0376	4.3283	4.4654
chr3	4290000	5295000	4.1967	3.8602	3.7997	3.7969	4.0158	4.0967	3.8268	4.0904	3.7182	4.4593	3.9571	4.4415	4.228	4.2802	4.1954	4.663	4.319	4.3713	4.9835	4.8154	4.7891	4.87	4.8925	5.0716	5.068	5.0683	5.1247	5.5534	5.2111	5.5086	5.5627	5.076	5.2736	4.8846	5.1541	4.7113	4.6793	4.5948	4.7698	4.548	4.7286	4.3819	4.5485	4.5571	4.5454	4.8626	5.0622	4.8297	4.9483	4.6572	4.5084	4.5039	4.6557	4.685	4.5327	4.3054	4.3759	4.0507	4.2342	3.7945	3.9091	3.7163	3.8983	3.1559	3.4966	3.3411	3.5559	3.3529	3.1565	3.6691	3.1439	3.2917	3.8729	3.5498	3.6406	3.3321	3.5134	3.3327	3.7666	3.2929	3.4667	3.6136	3.7808	3.7596	4.0509	3.8175	4.0575	3.7613	3.819	3.9892	4.0594	4.3347	3.9889	4.0503	4.3535	4.3595	4.0389	4.4975	4.2974	4.2708	4.5307	4.4323	4.7321	4.551	4.7472	4.9295	4.9812	4.6796	4.9972	5.2543	4.7399	4.5196	4.6733	4.7411	4.922	4.4439	4.5556	4.2644	4.5441	4.2527	4.5232	4.2508	4.1481	4.5254	4.5801	4.1323	4.8505	4.2864	4.4535	4.3216	4.575	4.1726	4.1812	4.3983	4.1653	4.0573	4.1467	4.2581	3.9564	4.6547	4.2722	4.5414	4.2359	4.133	4.7208	4.356	4.7004	4.3923	4.543	4.2641	4.3482	4.3577	4.462	4.4074	4.5426	4.6839	4.3271	4.6753	4.6967	4.5862	4.7646	4.5667	5.1914	4.6044	4.7176	4.5668	4.8011	5.1122	4.4692	4.9291	4.9781	5.1863	4.8811	4.9609	5.2012	4.8628	5.0821	5.3286	4.7506	5.0425	5.0513	5.0295	5.637	4.972	4.9772	5.2237	5.1634	4.7207	4.9677	5.0764	4.9264	4.6569	4.7723	4.7679	4.8556	4.9153	4.6604	4.7735	4.1826	4.4111	4.5621
chr3	4295000	5300000	4.0196	3.5593	3.5822	3.4768	3.6897	3.9044	3.745	4.017	3.669	4.3718	3.9716	4.2412	4.1763	4.2672	4.1921	4.3604	4.2237	4.2405	4.7777	4.7186	4.6046	4.9009	4.7631	5.0254	4.9427	4.9149	4.9691	5.5382	5.2787	5.6984	5.6725	5.1448	5.5066	5.3044	5.5702	5.141	4.9792	4.9085	5.0147	4.8397	4.8894	4.535	4.6085	4.513	4.6355	4.9174	4.9484	4.7063	4.8922	4.7146	4.4653	4.7717	4.7061	4.6668	4.8348	4.4888	4.5334	4.5279	4.5442	4.2371	4.1976	4.0735	4.1927	3.34	3.7967	3.5551	3.9671	3.4648	3.322	3.7724	3.272	3.3861	3.9455	3.6991	3.7315	3.4604	3.767	3.4479	3.8653	3.2613	3.6657	3.6713	3.665	3.8346	4.2147	3.8254	4.0238	3.8154	3.8747	4.1612	4.2637	4.5104	4.0858	4.1007	4.334	4.4664	4.0534	4.5515	4.4669	4.402	4.6894	4.4825	4.9202	4.726	4.8497	4.8427	4.9325	4.6977	4.9315	5.1702	4.7013	4.544	4.6927	4.7904	4.7636	4.3292	4.6425	4.2181	4.3714	4.0892	4.4536	4.1917	4.1948	4.549	4.5759	4.0218	4.825	4.2517	4.4152	4.3344	4.6508	4.1157	4.1067	4.3501	4.0574	3.8834	4.2289	4.0512	3.9429	4.4238	4.2073	4.4027	4.0956	4.058	4.6027	4.1088	4.5249	4.3561	4.5354	4.1273	4.3089	4.2322	4.3083	4.4296	4.4505	4.6559	4.3229	4.7603	4.5011	4.6134	4.736	4.4664	5.2353	4.4618	4.5195	4.3861	4.7881	4.9555	4.4658	4.8636	4.8253	4.9933	4.7662	4.7284	4.9879	4.5774	4.7439	5.2805	4.7879	5.018	5.1251	5.0662	5.5915	5.042	5.085	5.19	5.1884	4.7308	4.8471	5.0395	4.8804	4.7591	4.7822	4.8129	4.8181	5.0641	4.8561	4.9435	4.4905	4.5383	4.8809
chr3	4300000	5305000	3.9901	3.5139	3.4979	3.3452	3.6015	3.7322	3.7592	3.9205	3.646	4.4058	3.853	4.1915	3.9818	4.1456	4.0414	4.2191	4.1286	4.1291	4.7077	4.6815	4.5302	4.6923	4.7768	5.0648	4.9278	4.8295	4.9538	5.4262	5.0908	5.5652	5.6042	5.3176	5.595	5.4307	5.7237	5.4295	5.3161	5.4673	5.4	5.1906	5.2119	4.7044	4.8428	4.6399	4.7701	5.0023	4.9911	4.6842	4.8443	4.592	4.4768	4.8251	4.8127	4.8759	5.177	4.7009	4.7966	4.8616	4.86	4.7044	4.6237	4.6236	4.6704	3.5902	4.2304	3.9543	4.2392	3.6561	3.6182	3.8293	3.4902	3.3738	4.1753	3.8638	3.7585	3.4558	3.9241	3.5678	3.9996	3.4591	3.7206	3.7461	3.6958	3.9203	4.2226	3.8814	4.1047	3.974	4.0874	4.3455	4.2906	4.4079	4.1175	4.2281	4.4535	4.6352	4.1601	4.8398	4.4126	4.5747	4.8649	4.6776	4.9518	4.8087	4.7604	4.982	4.9661	4.5857	4.7503	5.0696	4.5265	4.4661	4.7214	4.7744	4.6853	4.2733	4.4487	4.0216	4.3769	4.115	4.5609	4.2155	4.324	4.6484	4.5309	4.1039	4.835	4.1949	4.3776	4.3122	4.4941	3.9812	4.1148	4.2951	4.0202	3.8989	4.1994	3.9777	3.8762	4.4888	4.0205	4.3499	4.2635	4.0537	4.5295	4.172	4.4202	4.3367	4.4866	4.124	4.2874	4.2226	4.2155	4.4435	4.4121	4.651	4.2027	4.7422	4.5146	4.6456	4.8554	4.5506	5.2427	4.5464	4.5949	4.4275	4.6161	4.7179	4.3381	4.601	4.6803	4.8729	4.688	4.5	4.8686	4.6201	4.7991	5.184	4.6632	5.1126	5.1936	5.1602	5.5759	5.0799	5.0439	5.2019	5.2775	4.9524	5.0478	5.1183	4.7404	4.7688	4.735	4.8957	4.9467	5.0978	4.8741	5.0242	4.4325	4.5853	4.8899
chr3	4305000	5310000	4.1287	3.6682	3.6866	3.4017	3.6916	3.6207	3.7191	3.8308	3.5328	4.4588	3.8476	4.2091	4.1035	4.1641	4.0796	4.2304	4.1272	4.1807	4.8394	4.5814	4.4366	4.6325	4.7254	5.0881	4.8656	5.0332	4.7602	5.3118	4.9128	5.4886	5.5756	5.2408	5.5929	5.5909	5.8682	5.5778	5.6813	5.8144	5.7657	5.4798	5.4697	4.943	5.1386	4.8602	4.8677	5.0145	5.1071	4.8193	4.8506	4.7263	4.4365	4.8936	4.8269	5.1104	5.3221	4.8677	4.9562	4.9788	5.1327	5.0236	5.0603	4.8538	5.0684	4.0246	4.7055	4.2587	4.6563	4.0657	4.1203	4.1896	3.7347	3.5587	4.2294	3.9305	3.9634	3.7084	4.0362	3.6248	4.1166	3.5591	3.8849	3.7808	3.7204	3.9009	4.3439	4.02	4.2764	3.9636	4.1313	4.3863	4.4012	4.6114	4.2203	4.3495	4.5619	4.5695	4.2061	4.9038	4.5897	4.637	4.8844	4.7772	4.88	4.7181	4.7763	4.9251	4.8814	4.4982	4.7232	4.8681	4.4328	4.4223	4.6886	4.6364	4.4842	4.0784	4.3329	4.112	4.2609	3.9912	4.4928	4.3262	4.3473	4.5038	4.4385	4.0858	4.7406	4.2095	4.3475	4.1297	4.3818	3.8933	4.0712	4.1565	3.9738	3.9141	4.2123	4.0445	3.9293	4.4365	4.1694	4.3439	4.2854	4.1546	4.6355	4.2983	4.3666	4.2682	4.3954	4.1036	4.3154	4.2509	4.2799	4.3594	4.3594	4.5398	4.2854	4.7746	4.4144	4.6159	4.7221	4.5898	5.0705	4.4991	4.4839	4.3138	4.5075	4.6627	4.2081	4.7192	4.542	4.8622	4.6355	4.5062	4.8613	4.6563	4.8077	5.1519	4.7701	5.118	4.9878	5.302	5.6745	4.9816	5.0078	5.0544	5.1946	4.7506	4.9444	5.0591	4.927	4.8258	4.6666	4.8621	4.9466	5.0852	4.8123	4.9351	4.4391	4.484	4.8015
chr3	4310000	5315000	4.2268	3.6738	3.8988	3.7155	3.8293	3.748	3.8014	3.8457	3.6722	4.5077	3.908	4.0734	4.0841	4.199	3.9836	4.1237	4.0551	4.2178	4.8928	4.5499	4.469	4.5583	4.5681	4.8573	4.662	4.7384	4.6502	5.2266	4.8469	5.3382	5.4438	5.1296	5.3689	5.5275	5.7818	5.6134	5.8159	5.9532	6.0905	5.8844	5.7962	5.1832	5.4456	5.1396	5.18	5.2146	5.3173	4.9446	5.1258	4.8788	4.4116	5.0461	5.0025	5.2106	5.3298	4.9174	5.0751	5.1939	5.3673	5.2934	5.3159	5.2995	5.2843	4.4013	5.1845	4.691	5.0959	4.4664	4.3245	4.4156	4.0973	4.0104	4.3641	4.0932	4.1249	3.79	4.1641	3.7377	4.2105	3.7176	4.0279	4.0131	3.7692	4.0194	4.5427	4.1075	4.2763	4.0663	4.3113	4.3937	4.48	4.7944	4.5127	4.5541	4.7936	4.8151	4.4573	5.1397	4.7488	4.7642	4.8326	4.8096	4.8646	4.7442	4.7817	4.8925	4.771	4.3794	4.6243	4.8002	4.3625	4.3721	4.6686	4.5707	4.4861	4.1061	4.2624	4.176	4.2166	3.9894	4.5163	4.2993	4.3905	4.5698	4.3918	4.0291	4.6949	4.0847	4.2306	4.2087	4.3172	3.9075	4.0645	4.1873	4.0749	3.9314	4.1287	3.9542	3.9036	4.4015	4.2126	4.3688	4.1985	4.1997	4.4338	4.1072	4.4499	4.1942	4.4607	4.0499	4.2404	4.2397	4.2393	4.3694	4.3033	4.6193	4.2588	4.6518	4.4453	4.5865	4.6293	4.6375	5.0955	4.4579	4.4151	4.3227	4.4519	4.6222	4.1454	4.4933	4.4888	4.6964	4.5603	4.5554	4.8656	4.6744	4.6912	5.1176	4.7853	5.0818	4.8208	5.1093	5.5147	5.0225	4.9652	5.0722	5.3171	4.861	4.7828	5.0833	4.922	4.9052	4.6871	4.8159	4.8374	5.0717	4.7993	4.9685	4.476	4.4737	4.7745
chr3	4315000	5320000	4.2676	3.7535	4.0198	3.8608	3.8976	3.8691	3.9217	3.8638	3.8201	4.532	4.0554	4.1992	4.1363	4.3371	4.1046	4.2211	4.2202	4.2576	4.9554	4.6834	4.5479	4.5654	4.5219	4.795	4.5798	4.7268	4.5346	5.2299	4.8943	5.3445	5.4488	5.1951	5.3641	5.318	5.6923	5.608	5.8111	5.9426	6.0795	6.1917	5.957	5.6428	5.6302	5.4232	5.5124	5.5725	5.6775	5.1976	5.3596	5.1665	4.7848	5.0855	5.1818	5.3052	5.373	5.0712	5.2313	5.3653	5.5431	5.615	5.5653	5.4681	5.5044	4.7842	5.4579	5.0524	5.4531	4.9743	4.6906	4.7627	4.4978	4.3667	4.7616	4.3577	4.4205	3.9532	4.2752	3.8624	4.3548	3.7989	4.158	4.204	3.8713	4.1296	4.4956	4.2423	4.3559	4.1871	4.423	4.3465	4.6058	4.8931	4.6593	4.6262	4.8314	4.9276	4.494	5.1812	4.7236	4.8019	4.7452	4.9175	4.8169	4.6789	4.7619	4.8843	4.6524	4.3602	4.6222	4.8359	4.284	4.2858	4.6219	4.384	4.3968	4.0471	4.1793	4.22	4.2705	3.9522	4.3446	4.3519	4.3606	4.5801	4.2818	4.0996	4.6601	4.1237	4.0991	4.088	4.331	3.8239	3.9481	4.1725	3.9201	4.0593	4.093	3.9326	3.9437	4.3628	4.168	4.4176	4.3813	3.9784	4.4737	4.0722	4.3772	4.2825	4.4962	4.0503	4.0262	4.1284	4.23	4.3427	4.3866	4.4624	4.2595	4.5669	4.464	4.6755	4.4699	4.5101	4.8647	4.3496	4.3807	4.2958	4.4749	4.4899	4.108	4.3027	4.5502	4.6541	4.6101	4.5087	4.8144	4.698	4.6604	5.0816	4.5912	5.0049	4.7173	5.0221	5.4537	4.8941	4.934	5.0351	5.2948	4.9729	4.8753	5.065	4.8234	4.9108	4.615	4.8306	4.7953	5.0551	4.7451	4.8537	4.3355	4.2865	4.7435
chr3	4320000	5325000	4.3919	3.9165	4.1653	4.0944	4.1862	4.2406	4.1548	4.1446	4.1053	4.7783	4.1337	4.2296	4.2808	4.458	4.199	4.2877	4.3857	4.3751	4.9952	4.7103	4.5059	4.5662	4.3867	4.7397	4.733	4.736	4.5406	5.2163	4.9006	5.3417	5.4823	5.1086	5.1403	5.1883	5.6604	5.4235	5.7846	5.8428	6.0257	6.188	6.063	5.6679	5.731	5.6704	5.9217	5.8956	5.9378	5.5706	5.6879	5.3002	5.0375	5.1257	5.3027	5.4667	5.5204	5.2153	5.3526	5.435	5.4634	5.6656	5.6097	5.5973	5.725	4.9738	5.5566	5.356	5.8032	5.3258	5.1645	5.174	4.9318	4.5771	5.0655	4.7061	4.7821	4.0328	4.6187	4.0857	4.5415	3.9391	4.2813	4.26	4.0394	4.1629	4.7343	4.4368	4.6101	4.3775	4.6049	4.5079	4.998	5.0535	4.7419	4.7597	4.9553	4.9669	4.5138	5.2642	4.8394	4.6975	4.6397	4.8309	4.7002	4.6814	4.6879	4.9039	4.6811	4.4402	4.5951	4.6781	4.2149	4.4901	4.5699	4.3591	4.431	4.096	4.1101	4.0768	4.3508	3.991	4.3921	4.3446	4.2859	4.4422	4.2795	4.1504	4.6208	4.2118	4.0286	4.0916	4.2885	3.8322	3.9715	4.0902	3.9699	3.985	4.1191	3.9569	3.9445	4.3609	4.1924	4.3365	4.4122	4.0652	4.4989	4.1985	4.4167	4.3877	4.4038	4.1727	4.1057	4.0885	4.3698	4.341	4.283	4.4288	4.2846	4.6367	4.3254	4.5001	4.5311	4.658	4.6521	4.2325	4.3899	4.2671	4.3919	4.3872	4.0621	4.3156	4.5758	4.647	4.5609	4.5507	4.7805	4.6169	4.6291	5.0156	4.8044	4.8444	4.6614	4.9328	5.3597	4.8254	4.8304	4.9154	5.1231	4.8723	4.8902	5.1719	4.8513	5.0156	4.6973	4.8414	4.7733	5.1346	4.8714	4.8834	4.4447	4.432	4.6664
chr3	4325000	5330000	4.4387	3.7989	4.1865	4.1502	4.2372	4.2289	4.318	4.2824	4.3564	4.8287	4.442	4.5076	4.5202	4.7287	4.5544	4.5384	4.5325	4.4421	5.079	4.7767	4.5898	4.6798	4.5977	4.8506	4.7182	4.8447	4.5728	5.189	4.7394	5.3901	5.4589	4.9683	5.177	5.1513	5.4892	5.3525	5.71	5.6496	5.7554	6.0393	5.9775	5.8338	5.8536	5.8229	6.2119	6.3042	6.2942	5.9766	5.959	5.5782	5.3744	5.5237	5.6474	5.5605	5.6967	5.2531	5.5491	5.3956	5.672	5.7823	5.5321	5.7473	5.9194	5.2079	5.8296	5.6364	5.8003	5.7199	5.5531	5.6405	5.3872	5.0753	5.5157	5.0926	4.9768	4.3376	4.9839	4.2414	4.8605	4.0698	4.2728	4.4447	4.1591	4.4478	4.9204	4.5853	4.7281	4.5084	4.8273	4.7364	5.2312	5.246	4.9362	4.8527	4.875	5.0035	4.5168	5.239	4.7288	4.6603	4.5388	4.899	4.6374	4.5618	4.6998	4.8429	4.5582	4.3235	4.6588	4.6052	4.3686	4.3443	4.5335	4.319	4.438	4.1233	4.1542	4.1485	4.3497	3.9312	4.4297	4.2719	4.1281	4.3327	4.2895	4.1174	4.6963	4.0874	3.9767	4.1742	4.3724	3.9035	4.0029	4.1061	3.9649	4.0721	4.2001	4.0249	3.8892	4.3385	4.1398	4.3449	4.3619	4.0658	4.4753	4.2917	4.3919	4.348	4.4884	4.1082	4.07	4.0493	4.2961	4.2457	4.3143	4.4125	4.1843	4.5612	4.2167	4.5699	4.3678	4.6856	4.5822	4.1097	4.2852	4.2904	4.4078	4.3289	4.0325	4.4803	4.6183	4.6322	4.5118	4.6591	4.6783	4.4719	4.5173	4.9961	4.6327	4.7524	4.6663	4.7621	5.1568	4.7839	4.8751	4.8278	4.9713	4.6305	4.7252	5.1835	4.9063	4.9385	4.8328	4.7627	4.7146	5.1318	4.7602	4.8888	4.5565	4.3748	4.7516
chr3	4330000	5335000	4.3278	3.8493	4.1536	4.0716	4.348	4.1661	4.3286	4.3252	4.5623	5.0342	4.7652	4.7037	4.9129	4.9035	4.847	4.704	4.6679	4.5316	4.9025	4.8395	4.7129	4.6671	4.6463	4.7122	4.7622	4.8229	4.6495	5.2097	4.8011	5.2634	5.4133	4.9844	5.046	5.0267	5.3415	5.1724	5.555	5.5244	5.7115	5.9101	5.8046	5.8205	5.8698	6.0033	6.3038	6.4589	6.4685	6.3618	6.3346	5.9906	5.7635	5.8752	5.9274	5.9435	5.9417	5.4241	5.825	5.5961	5.8298	5.8531	5.7582	5.7832	6.0232	5.4076	5.9193	5.845	6.1881	5.8435	5.6817	6.0406	5.5993	5.4467	5.83	5.4586	5.4389	4.7585	5.3832	4.6263	5.2397	4.3437	4.465	4.7233	4.4315	4.6593	5.1058	4.8229	4.968	4.9247	4.9762	4.8982	5.3564	5.3232	4.917	4.9462	4.8842	5.1083	4.4541	5.3687	4.7891	4.59	4.4604	4.8664	4.7252	4.5893	4.6346	4.8776	4.7002	4.5458	4.5647	4.5401	4.3633	4.3425	4.6461	4.3752	4.4154	4.1809	4.0728	4.1175	4.2765	3.7586	4.4522	4.1496	4.0521	4.2347	4.4038	4.191	4.6596	4.1726	4.0548	4.1035	4.3301	3.8769	3.9066	4.2299	3.8593	4.15	4.2369	4.216	3.9753	4.2952	4.321	4.3481	4.3575	4.1596	4.5874	4.2722	4.5465	4.2227	4.5904	4.0975	4.189	3.9566	4.2952	4.184	4.3103	4.331	4.1381	4.3801	4.191	4.5001	4.2854	4.5928	4.5035	4.0773	4.2868	4.2535	4.4051	4.3748	4.1343	4.3767	4.6665	4.5182	4.3738	4.5042	4.6971	4.496	4.449	4.7927	4.5201	4.6626	4.4697	4.6945	5.0756	4.6789	4.7451	4.7471	4.8434	4.5619	4.7282	4.9739	4.6725	4.9078	4.7947	4.6735	4.7738	5.0779	4.6744	4.85	4.5098	4.6119	4.7886
chr3	4335000	5340000	4.4319	4.0278	4.2609	4.1839	4.2942	4.3791	4.4828	4.558	4.7409	5.2225	4.9703	5.0132	5.0346	5.1549	4.974	4.7737	4.8412	4.6489	5.0943	5.0557	4.8436	4.8458	4.7369	4.8925	4.7781	4.9899	4.8466	5.2686	4.9602	5.2259	5.5488	5.1061	5.2636	5.0317	5.3201	5.0615	5.4673	5.3884	5.6734	5.9187	5.773	5.7626	5.9807	6.0302	6.2792	6.6498	6.5883	6.5776	6.5353	6.3492	6.0313	6.1824	6.324	6.2603	6.3287	5.7962	6.0726	5.7523	5.987	5.8531	5.8671	5.8845	6.1792	5.4315	5.9731	6.1179	6.3177	6.0675	5.7992	6.1809	5.7448	5.6579	6.151	5.8772	5.7839	5.2091	5.9044	5.0108	5.4986	4.7595	4.873	4.9799	4.7966	4.8747	5.2557	4.8877	5.0844	4.9437	5.1075	4.9516	5.3057	5.3652	4.8705	4.8897	4.8951	4.9873	4.3632	5.2143	4.7391	4.6211	4.5622	4.7724	4.6843	4.5165	4.5317	4.8658	4.6963	4.5009	4.7586	4.4029	4.2992	4.2916	4.5377	4.4933	4.4812	4.2148	4.0487	4.1248	4.3457	3.6132	4.4339	4.1337	3.9996	4.3562	4.392	4.2114	4.531	4.2696	4.0163	4.0612	4.4909	3.7863	3.9044	4.102	3.9251	4.1259	4.1985	4.215	3.9966	4.2496	4.245	4.2697	4.3681	3.9112	4.5445	4.2547	4.587	4.2757	4.5595	3.9548	4.1401	3.8479	4.1681	4.0387	4.2324	4.2612	4.0864	4.2643	4.1478	4.1635	4.1156	4.495	4.5232	3.9039	4.2745	4.1286	4.3054	4.4292	4.0082	4.3096	4.5796	4.3445	4.1978	4.3818	4.5434	4.2789	4.3289	4.6837	4.4258	4.4692	4.406	4.5276	4.8939	4.5076	4.5298	4.5536	4.5176	4.219	4.4442	4.7139	4.4269	4.5457	4.4218	4.5397	4.7154	4.8298	4.531	4.703	4.1994	4.3463	4.5598
chr3	4340000	5345000	4.4052	3.9726	4.3976	4.3247	4.5036	4.5527	4.6576	4.6648	4.9318	5.2902	4.9507	5.0199	5.0224	5.141	5.094	4.9439	4.992	5.0168	5.2425	5.2671	4.8331	4.9029	4.8346	4.9666	4.9263	4.9857	4.9113	5.308	5.0387	5.2587	5.4213	5.1542	5.1113	4.9384	5.2061	5.0679	5.3705	5.4135	5.6027	5.8951	5.7424	5.7527	5.8128	6.0012	6.2348	6.5609	6.491	6.634	6.6718	6.5595	6.1922	6.5813	6.5674	6.6218	6.6292	6.2111	6.3761	5.9648	6.2381	6.0655	6.1363	6.0011	6.2799	5.6929	6.0515	6.1885	6.1931	6.1495	5.9869	6.4844	5.9758	5.7946	6.337	6.1746	6.1347	5.4746	6.2181	5.5069	5.8741	5.1472	5.3665	5.3275	5.3001	5.2724	5.6765	5.0859	5.152	5.226	5.1836	5.0319	5.3985	5.321	4.9128	4.8862	4.8934	4.9613	4.3698	5.2528	4.7222	4.7001	4.5736	4.8302	4.7443	4.5116	4.4008	4.8691	4.6337	4.4949	4.6747	4.4872	4.2523	4.2731	4.4152	4.4012	4.4035	4.2228	4.1181	3.9827	4.2671	3.6465	4.3536	4.0562	4.156	4.3319	4.4048	4.1247	4.5741	4.2488	4.0852	4.0685	4.3332	3.9592	3.8997	4.1276	4.0712	4.1898	4.1752	4.3947	4.1089	4.4241	4.074	4.2875	4.3504	3.846	4.5804	4.1298	4.4661	4.2243	4.555	3.9929	4.1329	3.852	4.1083	4.1142	4.1775	4.1892	3.9917	4.1773	4.0259	4.0013	4.0752	4.5224	4.5235	3.9438	4.2061	4.091	4.2012	4.3262	4.0175	4.2616	4.5469	4.3901	4.0425	4.2256	4.4135	4.1645	4.264	4.5861	4.3888	4.3248	4.2673	4.3883	4.7091	4.4679	4.4483	4.4241	4.4681	4.1246	4.2334	4.6855	4.4191	4.4415	4.3954	4.4872	4.5627	4.8649	4.5068	4.7951	4.2574	4.6097	4.4575
chr3	4345000	5350000	4.4241	4.2053	4.5938	4.4402	4.7968	4.6569	4.9667	4.6373	4.7893	5.1015	4.8759	5.0248	5.0161	5.1401	5.1835	5.1027	5.1744	5.2623	5.5072	5.5113	5.0202	5.164	5.021	5.1076	5.0518	5.121	5.0555	5.244	5.1646	5.2792	5.3133	5.0959	5.1851	4.7858	5.3079	5.0853	5.4879	5.3381	5.6669	5.8251	5.7662	5.6347	5.9092	5.8689	6.0988	6.5512	6.4291	6.5609	6.6475	6.6549	6.3488	6.8257	6.7371	6.9681	6.976	6.4485	6.72	6.2729	6.5795	6.2919	6.4335	6.2119	6.3529	5.7815	6.2155	6.1897	6.2588	6.2935	5.9847	6.5183	6.1318	5.9824	6.6094	6.2842	6.3697	6.0152	6.581	5.9425	6.2959	5.6781	5.8169	5.703	5.5761	5.7739	5.9924	5.2742	5.4515	5.2333	5.2314	5.1181	5.3286	5.2153	4.9468	4.9745	4.9847	4.9661	4.4028	5.1212	4.6522	4.6158	4.6434	4.7213	4.6336	4.3943	4.4702	4.7238	4.6494	4.5123	4.6752	4.4849	4.3321	4.2416	4.3584	4.4455	4.2408	4.1635	3.9969	3.913	4.2256	3.6195	4.3245	3.97	4.1583	4.2847	4.3705	4.3278	4.4961	4.3088	4.0957	3.909	4.2084	3.8497	4.0012	4.1352	4.0603	4.3417	4.222	4.4107	4.1421	4.3821	4.1141	4.2512	4.4185	3.9595	4.5247	4.2143	4.3725	4.2516	4.4496	4.0351	4.1806	3.7263	4.0138	4.0118	4.0392	4.0652	4.0121	4.1313	4.0685	3.9306	4.1615	4.4845	4.5907	3.8849	4.2331	4.0857	4.1391	4.3016	3.9011	4.3033	4.4842	4.3016	3.9743	4.0754	4.2951	4.166	4.177	4.6224	4.2187	4.3165	4.1326	4.254	4.6125	4.4096	4.4215	4.4173	4.4284	4.0445	4.1791	4.6523	4.3993	4.5121	4.3783	4.4797	4.6143	4.8086	4.3806	4.9127	4.2687	4.7483	4.6352
chr3	4350000	5355000	4.5787	4.2553	4.7617	4.6499	5.0082	4.8414	4.9912	4.6025	4.6794	5.008	4.8631	4.972	4.936	5.1154	5.2753	5.1371	5.1558	5.4138	5.6916	5.6705	5.312	5.4565	5.2636	5.1983	5.1682	5.2228	5.1281	5.4142	5.1557	5.2222	5.2905	5.082	5.1731	4.7988	5.4236	5.1691	5.5216	5.2884	5.6267	5.7388	5.8663	5.6405	5.9272	5.952	5.9483	6.3902	6.375	6.5266	6.7106	6.5666	6.2848	6.9379	6.7874	7.2034	7.0536	6.6738	6.9317	6.6712	6.8467	6.4818	6.7165	6.4157	6.4824	5.954	6.3058	6.2679	6.2907	6.3172	5.9394	6.5667	6.1852	6.0857	6.7375	6.4647	6.5572	6.2244	6.7276	6.2435	6.6607	6.2028	6.3782	6.1008	6.0362	6.0307	6.2514	5.4326	5.6292	5.2291	5.246	4.9176	5.213	5.0527	5.051	4.9119	4.8633	4.892	4.4112	5.032	4.5423	4.7066	4.5513	4.633	4.5624	4.3385	4.397	4.6597	4.6861	4.3225	4.5871	4.3978	4.1672	4.1456	4.2776	4.4	4.2761	4.0499	4.0451	3.8527	4.2475	3.7078	4.2188	3.9782	4.275	4.22	4.3674	4.2317	4.4062	4.3168	3.9838	4.0232	4.2628	3.8108	4.0876	4.1906	4.1953	4.3128	4.1612	4.2955	4.0651	4.3385	4.1922	4.2871	4.3166	4.0872	4.5103	4.2821	4.4872	4.162	4.2254	4.0196	4.039	3.7876	3.9802	3.9403	4.0706	4.0872	3.9553	4.2208	4.0983	3.9586	4.1046	4.4182	4.4852	3.7604	4.2808	4.0973	4.0887	4.316	3.8498	4.244	4.379	4.1331	4.0345	4.1159	4.1997	4.0907	3.8657	4.6182	4.1822	4.2199	4.011	4.2017	4.4873	4.3337	4.1505	4.1445	4.3081	4.0105	4.1348	4.649	4.1721	4.3264	4.2219	4.2105	4.5727	4.6633	4.4207	4.6146	4.0798	4.4958	4.5841
chr3	4355000	5360000	4.4818	4.4211	4.6749	4.6732	4.5257	4.7138	4.6207	4.5085	4.6093	4.8714	4.8646	5.0638	4.9394	5.1411	5.2753	5.1102	5.2373	5.4399	5.8035	5.6512	5.4322	5.61	5.4511	5.4001	5.2143	5.1772	5.0869	5.365	5.0263	5.2293	5.3908	5.1052	5.3995	4.9539	5.4837	5.1894	5.4688	5.3893	5.6153	5.7066	5.8874	5.6533	5.9144	5.8649	5.9289	6.482	6.3564	6.5044	6.7645	6.5922	6.1779	6.998	6.8035	7.2473	7.2286	6.8075	7.1009	7.103	7.0952	6.8778	7.0635	6.8212	6.8221	6.2513	6.522	6.4613	6.5941	6.4666	6.2167	6.6196	6.3582	6.2416	6.905	6.5295	6.7961	6.5522	6.9904	6.5888	6.9123	6.4998	6.815	6.518	6.3546	6.3433	6.5548	5.6831	5.7549	5.5071	5.4946	5.0856	5.3743	5.0567	5.1353	4.9631	4.8309	4.9754	4.4306	5.0033	4.5555	4.6511	4.5701	4.7153	4.6275	4.3214	4.3282	4.8365	4.7451	4.3474	4.6839	4.3553	4.2685	4.0461	4.1839	4.3538	4.1489	4.0461	4.1643	4.0052	4.1614	3.7133	4.2595	3.8469	4.2698	4.4225	4.4306	4.116	4.649	4.2847	4.0116	4.1986	4.3322	3.8297	4.1735	4.1891	4.0183	4.3296	4.2897	4.3351	4.0918	4.4062	4.1761	4.2567	4.3236	4.0072	4.3128	4.0189	4.4145	4.0968	4.1193	3.863	3.9897	3.7513	3.9268	3.8608	4.1307	3.9118	3.9742	4.053	4.074	4.176	4.0169	4.2513	4.4577	3.7003	4.2182	3.8968	3.9787	4.1554	3.8009	4.0379	4.3013	3.9396	3.9031	4.0206	4.1384	3.86	3.6647	4.4244	4.0717	4.0998	3.8334	3.8954	4.1659	4.0933	3.9837	3.9732	4.2575	3.9214	3.9419	4.4283	3.964	4.1588	4.0268	4.0058	4.2642	4.2792	4.0637	4.4439	3.884	4.1826	4.4517
chr3	4360000	5365000	4.5759	4.2235	4.2075	4.4032	4.1487	4.4573	4.6152	4.4167	4.6516	4.9311	5.003	5.0953	4.9569	5.2004	5.3338	5.2367	5.2879	5.419	5.6867	5.6709	5.5224	5.7716	5.4803	5.5862	5.2852	5.2965	5.2389	5.5522	5.2951	5.4965	5.4833	5.3177	5.5849	5.1304	5.5965	5.4116	5.5257	5.3931	5.6741	5.7574	5.8609	5.787	6.0053	5.8436	5.9609	6.4161	6.4091	6.4684	6.5169	6.4637	6.1883	6.9243	6.6839	7.2653	7.1258	6.776	7.1398	7.2875	7.0512	7.1402	7.3515	7.1415	7.0245	6.5558	6.9062	6.6166	6.9817	6.6442	6.5643	6.8463	6.5901	6.3853	7.1004	6.6584	6.8537	6.8136	7.1695	6.9635	7.1515	6.7553	7.0035	6.8164	6.5693	6.494	6.6582	5.9185	6.049	5.734	5.5748	5.3924	5.5385	5.178	5.159	5.0072	4.8314	4.9657	4.4742	5.058	4.7758	4.7957	4.6822	4.6956	4.7041	4.3717	4.3285	4.8349	4.7024	4.3769	4.6988	4.349	4.2454	4.1223	4.3043	4.479	4.1821	3.9796	4.1889	3.8572	4.2546	3.8388	4.2375	3.8062	4.2844	4.4535	4.4082	4.2051	4.4394	4.3803	4.0725	4.2184	4.2766	3.8927	3.9748	4.0894	4.1609	4.1302	4.2703	4.2001	4.0535	4.438	4.2619	4.1621	4.1756	3.9574	4.1911	4.0026	4.2998	4.1022	4.0561	3.7356	3.9872	3.6573	3.8311	3.7123	4.059	3.9365	3.9971	4.085	4.116	4.2175	4.0285	4.3123	4.2912	3.6436	4.1922	3.9149	4.0734	4.1797	3.8232	3.8809	4.2713	3.9692	3.8441	3.8678	4.1228	3.8265	3.4895	4.3606	4.0333	4.0432	3.7061	3.904	4.1768	4.1602	3.9369	4.0064	4.2551	3.8841	3.9875	4.4421	4.0183	4.198	4.0821	4.0152	4.2119	4.2833	4.1793	4.4124	3.898	4.0492	4.4464
chr3	4365000	5370000	4.4237	3.9447	3.7223	3.8766	4.0659	4.2812	4.6516	4.5084	4.6595	4.9338	5.105	4.9862	4.9285	5.1703	5.3711	5.1943	5.2199	5.4404	5.6956	5.5567	5.4382	5.7105	5.4449	5.5011	5.3766	5.3425	5.4566	5.6066	5.5296	5.4284	5.5886	5.4157	5.7453	5.1783	5.6629	5.5898	5.5889	5.5374	5.6653	5.8769	6.0775	5.7255	6.031	5.92	5.9625	6.3871	6.3399	6.4347	6.5102	6.3302	6.0667	6.8665	6.8128	7.1915	6.991	6.8105	7.0848	7.3449	7.1057	7.2451	7.5438	7.4264	7.391	6.8385	7.1205	7.0635	7.2037	6.9368	6.865	6.9718	6.9414	6.7237	7.392	6.9432	7.0617	7.1514	7.3132	7.0122	7.2456	6.8193	6.9989	6.7846	6.5502	6.7371	6.7983	6.1044	6.1832	5.9647	5.7493	5.6015	5.6904	5.3449	5.3516	5.1204	5.1071	5.0969	4.5569	5.13	4.8458	4.8144	4.7255	4.7703	4.5761	4.4135	4.3683	4.6175	4.592	4.4433	4.7123	4.2931	4.324	4.168	4.3258	4.4422	4.1422	4.0251	4.25	3.9375	4.2955	3.783	4.233	3.9285	4.1006	4.4357	4.3239	4.164	4.4483	4.3474	4.1571	4.1539	4.3589	3.7893	3.9873	4.1797	4.1008	4.2511	4.3042	4.2328	4.1073	4.3763	4.1252	4.1371	4.1759	3.8432	4.2168	3.9252	4.2497	4.0912	4.0648	3.7731	3.9059	3.8267	3.7703	3.6056	4.0481	3.8935	3.8817	4.1462	4.2256	4.3251	4.1451	4.3732	4.2581	3.7159	4.1263	3.8597	4.0507	4.256	3.7505	3.9172	4.167	3.9705	3.8806	3.8236	4.1092	3.9065	3.4715	4.2816	4.049	4.0691	3.6657	3.8398	4.1737	4.1271	3.9677	4.0618	4.3361	3.9658	3.9842	4.3644	3.9765	4.2608	4.0154	4.0279	4.244	4.1958	4.1545	4.3941	3.9657	4.1062	4.4061
chr3	4370000	5375000	4.4907	3.8306	4.0373	3.8439	4.146	4.2229	4.5409	4.5493	4.4982	4.8953	5.0093	4.9032	4.935	5.1135	5.3832	5.3082	5.285	5.3389	5.4645	5.5007	5.3541	5.4856	5.3754	5.4734	5.3682	5.4316	5.4567	5.9117	5.6381	5.5975	5.6744	5.5121	5.8393	5.2726	5.6266	5.7156	5.7715	5.6654	5.848	6.0029	6.15	5.7484	6.0003	5.976	5.9236	6.3497	6.3722	6.6745	6.4405	6.3673	6.1128	6.7823	6.7035	7.0148	6.8812	6.8296	6.9651	7.2099	7.2009	7.3595	7.6601	7.5633	7.4478	7.1878	7.4728	7.3252	7.5415	7.3515	7.24	7.2324	7.4048	7.0194	7.6123	7.1425	7.3847	7.3619	7.2287	6.8896	7.0962	6.8095	7.0922	6.8306	6.6036	6.5923	6.7809	6.2984	6.1917	6.2181	5.9906	5.8586	5.9442	5.5268	5.5155	5.2441	5.305	5.143	4.5745	5.2866	4.8532	4.7239	4.758	4.7688	4.5383	4.243	4.4674	4.5819	4.4832	4.3985	4.7133	4.2517	4.4995	4.1773	4.3092	4.3372	4.2567	4.0697	4.2545	4.0318	4.3344	3.8599	4.2527	4.1032	4.1323	4.4277	4.4808	4.1314	4.5497	4.28	4.1416	4.1836	4.3485	3.8062	3.9857	4.2166	4.1337	4.2422	4.3948	4.2199	4.1192	4.3005	4.2239	4.1732	4.1819	3.9912	4.1266	3.9534	4.2884	4.0339	3.9867	3.8097	3.876	3.7234	3.8117	3.7932	4.0416	4.0408	3.8824	4.0705	4.19	4.2808	4.0713	4.5018	4.2138	3.7539	4.1123	3.7384	3.9526	4.1674	3.7842	3.8742	4.1036	4.0223	3.7917	3.7731	4.0728	3.9156	3.4644	4.1723	4.0107	4.0336	3.7325	4.0157	4.2682	4.1255	3.8478	3.9481	4.3235	3.8489	4.0161	4.3585	3.9126	4.0815	3.8604	3.9163	4.1664	4.2206	4.1114	4.3266	3.9464	4.1267	4.3194
chr3	4375000	5380000	4.612	4.0933	4.577	4.3763	4.4459	4.3023	4.4951	4.5245	4.4454	4.847	4.9508	4.8466	4.9527	5.1312	5.1943	5.1806	5.1898	5.2277	5.3757	5.4713	5.2911	5.4767	5.3791	5.4697	5.3438	5.4876	5.5401	5.9606	5.7913	5.9094	5.7333	5.6888	6.0433	5.519	5.81	5.8846	5.9483	5.7738	5.9235	6.1063	6.2895	5.8869	6.016	6.1355	5.9994	6.4736	6.3008	6.7186	6.4101	6.3686	6.1021	6.7603	6.7639	6.8724	6.8484	6.7975	6.9274	7.151	7.0802	7.4088	7.6167	7.6034	7.5773	7.4007	7.7222	7.6553	8.0256	7.7504	7.7589	7.4652	7.7736	7.329	7.7763	7.5455	7.3863	7.3985	7.3373	6.9008	7.2367	6.841	6.9437	6.9218	6.6244	6.7678	6.8666	6.2813	6.2374	6.3561	6.2693	6.1071	6.306	5.959	5.8357	5.4654	5.5591	5.3959	4.8474	5.4258	4.9669	4.8058	4.724	4.8223	4.615	4.4195	4.6227	4.6009	4.5594	4.4619	4.9259	4.3474	4.482	4.316	4.4291	4.4948	4.4194	4.1724	4.2999	3.9713	4.4213	3.8104	4.295	4.1865	4.1611	4.4529	4.5673	4.2314	4.5416	4.4291	4.029	4.3132	4.4184	3.8303	3.9861	4.1029	4.043	4.252	4.3379	4.1937	4.1591	4.3675	4.0616	4.0831	4.1093	3.9301	4.1181	3.8352	4.2217	4.1224	4.0454	3.8266	3.9199	3.7174	3.8973	3.8867	4.0626	4.1974	3.8437	4.0242	4.0384	4.2251	4.1227	4.5661	4.127	3.6794	4.0367	3.6369	4.0278	4.0872	3.8691	3.7629	4.1885	3.9484	3.678	3.7596	4.0831	3.9011	3.5879	4.0596	4.155	4.027	3.7904	3.9551	4.2603	4.1518	3.9009	3.9479	4.3915	3.8892	3.9647	4.2783	4.0188	4.205	3.8796	3.95	4.1751	4.2933	4.2078	4.435	4.1192	4.0541	4.3851
chr3	4380000	5385000	4.6378	4.2137	4.6313	4.6994	4.6099	4.4702	4.6799	4.3825	4.5058	4.9341	4.8039	4.8902	4.9479	5.1651	4.9649	5.0066	4.9734	5.1787	5.1955	5.4217	5.3016	5.4305	5.3196	5.5095	5.4582	5.4128	5.5429	5.927	5.8588	6.0393	5.7864	5.8642	6.1796	5.7816	5.9441	5.9362	6.1063	5.999	5.9992	6.1642	6.3025	5.8981	6.1456	6.0464	5.9446	6.4234	6.3426	6.6616	6.5787	6.3889	5.9799	6.7025	6.6643	6.8976	6.8171	6.8255	6.9639	7.1753	7.0351	7.4029	7.4386	7.5194	7.6139	7.537	7.9184	7.9083	8.3906	8.1729	7.9583	7.8844	8.0094	7.6881	7.9561	7.6094	7.3989	7.3851	7.3857	6.9065	7.1933	6.8493	6.8143	6.808	6.5824	6.667	6.7929	6.5358	6.3197	6.4853	6.2372	6.2872	6.5305	6.2203	6.0297	5.7367	5.6847	5.5111	5.054	5.6062	4.9854	4.9104	4.8008	4.7895	4.6222	4.443	4.5292	4.5978	4.5517	4.4191	4.8745	4.4564	4.5227	4.3951	4.4498	4.5339	4.4172	4.2051	4.3153	4.0192	4.4623	3.9541	4.3913	4.2496	4.2081	4.5103	4.4529	4.2993	4.4927	4.4305	4.1476	4.2692	4.406	4.0699	3.9718	4.0878	4.112	4.1938	4.4412	4.2813	4.2066	4.2775	3.9893	3.9789	4.2022	3.8656	4.0978	3.8597	4.1976	4.2882	4.2553	3.8556	3.9441	3.6327	3.9074	3.7738	4.0186	4.2014	3.899	3.8701	4.0528	4.1678	4.1492	4.6048	4.098	3.6359	4.0273	3.7251	3.9789	4.0942	3.9065	3.8548	4.0394	3.9709	3.5942	3.7404	4.1187	3.8522	3.794	4.1124	4.1159	4.1204	3.7776	4.01	4.2716	4.17	3.8908	3.9849	4.3213	3.8431	4.0377	4.1344	3.9272	4.058	3.9724	3.8755	4.1399	4.3418	4.2193	4.4076	4.1379	4.0905	4.2114
chr3	4385000	5390000	4.6486	4.1342	4.5229	4.6622	4.6764	4.5668	4.8802	4.6143	4.579	4.9845	4.8133	4.7383	4.7175	4.9701	4.7992	4.7736	4.7679	4.8837	5.1269	5.3799	5.3578	5.2953	5.2971	5.5991	5.5807	5.5192	5.6143	5.9151	5.8387	6.0557	5.8113	5.9761	6.3385	5.9341	6.0754	5.9081	6.2636	6.0742	6.1648	6.1469	6.2661	5.9766	6.1343	5.8983	6.0656	6.4229	6.3984	6.605	6.5173	6.2831	6.1425	6.7648	6.6823	6.8641	6.9637	6.762	6.8261	7.1428	7.0451	7.5174	7.4646	7.5456	7.7597	7.5534	8.0837	8.0205	8.5822	8.3847	8.0827	8.1582	8.0935	7.7728	7.9847	7.7371	7.4925	7.4853	7.4696	6.7314	7.189	6.7383	6.7644	6.7523	6.5722	6.6291	6.871	6.466	6.3019	6.4931	6.422	6.4178	6.7446	6.3711	6.2376	5.9526	5.878	5.6179	5.2961	5.7935	5.2542	5.0172	4.9806	5.1019	4.7399	4.5429	4.7057	4.7765	4.6826	4.5862	4.9753	4.4635	4.5058	4.3923	4.5399	4.5477	4.5247	4.1873	4.2997	4.0407	4.4186	3.9733	4.5393	4.5459	4.0225	4.4829	4.4789	4.3267	4.5693	4.4898	4.1902	4.2635	4.3835	4.1222	4.0162	4.0009	3.9761	4.1888	4.4158	4.3295	4.1024	4.1139	4.0414	3.9031	4.2115	3.939	3.979	3.8374	4.181	4.2764	4.3264	3.8621	3.7956	3.7441	3.9571	3.7258	4.1189	4.0936	3.8697	3.9846	4.0845	4.1861	4.1663	4.4888	3.9751	3.7188	4.1278	3.6881	3.9492	4.1758	3.907	3.9083	3.9456	3.8234	3.7397	3.8264	4.1035	3.9275	3.8273	4.1333	4.0981	4.0143	3.9203	3.9462	4.3157	4.1686	3.9533	4.0109	4.2872	3.9202	4.0271	4.1864	4.0479	4.0649	3.9176	3.8997	4.0524	4.3445	4.2206	4.3475	4.1064	4.1283	4.1887
chr3	4390000	5395000	4.811	4.0393	4.5679	4.7275	4.7197	4.6792	4.9848	4.7223	4.7334	5.1017	4.7421	4.7133	4.7203	4.8529	4.7301	4.6554	4.8438	4.8043	5.006	5.3138	5.3298	5.2761	5.3269	5.5388	5.5074	5.3923	5.6138	5.861	5.9656	6.1323	5.7976	6.0356	6.4097	5.9461	6.1473	6.0123	6.2754	6.1241	6.2116	6.2217	6.3547	6.0699	6.2852	5.9336	6.0603	6.4968	6.2957	6.6166	6.6546	6.2486	6.2063	6.8653	6.4525	6.863	6.9207	6.5815	6.8172	7.1313	7.1037	7.4815	7.5241	7.5998	7.7458	7.6958	8.0714	8.1587	8.448	8.5311	8.045	8.1778	8.1362	7.9325	8.1392	7.7928	7.6177	7.5979	7.6547	6.7396	7.3706	6.6849	6.7442	6.747	6.5075	6.6877	6.7339	6.5056	6.289	6.4769	6.4512	6.4434	6.8395	6.4146	6.1856	6.0859	5.8883	5.8134	5.5055	6.0048	5.4627	5.2458	5.2557	5.2276	4.9446	4.8816	4.8512	4.9325	4.6625	4.6707	5.0197	4.4165	4.5385	4.4511	4.492	4.6227	4.6303	4.3084	4.3237	4.0651	4.3767	3.9163	4.5054	4.4494	4.1441	4.5113	4.5912	4.3981	4.5421	4.3549	4.1008	4.377	4.4057	4.0353	4.0213	4.028	3.8595	4.1077	4.2421	4.1242	4.1327	4.1906	3.9615	3.862	4.101	3.9794	3.9329	4.0072	4.2948	4.3472	4.4075	3.9078	3.8423	3.7202	4.0079	3.9063	3.982	4.1533	3.8876	3.9146	3.902	4.0546	4.1341	4.4008	3.9277	3.4795	4.1449	3.6469	3.9185	4.1269	3.7208	3.7833	3.9206	4.0007	3.8121	3.8787	4.0996	3.8226	3.6202	4.1504	4.0375	3.915	3.7522	3.9838	4.255	4.218	3.8504	4.1506	4.1357	3.7374	4.0557	3.9966	3.9623	4.1138	3.9591	3.8992	4.073	4.2675	4.2005	4.3226	4.0846	4.0566	4.0416
chr3	4395000	5400000	4.9062	4.0167	4.6374	4.672	4.6514	4.7458	4.8308	4.6228	4.5175	4.9306	4.4931	4.6408	4.8011	4.84	4.6891	4.581	4.8723	4.8072	4.9935	5.3079	5.2242	5.2563	5.2665	5.6019	5.4572	5.491	5.6471	5.9913	5.9946	6.0609	5.9382	6.0068	6.4424	6.0343	6.0558	6.0472	6.4563	6.335	6.3861	6.3385	6.5411	6.1884	6.4841	6.0458	6.1692	6.5723	6.5073	6.6092	6.7609	6.2793	6.2026	6.7808	6.5867	6.8058	7.023	6.6708	7.018	7.2313	7.1818	7.6638	7.6121	7.6242	7.8539	7.8492	8.0041	8.0828	8.142	8.2753	7.8209	8.103	8.0693	7.7841	8.0459	7.7847	7.7075	7.6503	7.6938	6.9969	7.3781	6.8718	6.7809	6.787	6.501	6.728	6.7293	6.5484	6.3076	6.5566	6.3941	6.4912	6.9201	6.5237	6.2144	6.1256	6.0282	6.1013	5.6646	6.0884	5.6531	5.5009	5.5128	5.3993	5.1877	5.0955	4.8602	5.1658	4.8838	4.6816	5.1238	4.5595	4.6382	4.3703	4.582	4.6248	4.6445	4.4198	4.4116	4.1459	4.4309	3.9084	4.6221	4.4456	4.2402	4.6148	4.5211	4.4504	4.5347	4.5071	4.1224	4.2443	4.3074	4.0516	3.9971	4.1528	3.9034	4.0963	4.2851	4.148	4.2322	4.1362	4.0922	3.8899	4.2722	3.9679	3.9425	3.969	4.2653	4.3539	4.3622	3.7524	4.0296	3.8459	4.049	4.0044	4.067	4.1815	3.9221	3.8385	4.0807	3.9906	4.0823	4.3094	3.9619	3.596	4.0123	3.7366	3.797	4.05	3.7438	3.7591	3.8248	4.0585	3.7278	3.8916	4.1087	3.882	3.7561	4.1896	3.9917	3.8907	3.7561	3.9713	4.1345	4.1235	3.8166	4.1225	4.1211	3.8351	4.0361	4.0044	4.0459	4.1153	3.9364	3.9578	4.0337	4.2987	4.2279	4.1663	4.2174	4.1584	3.9897
chr3	4400000	5405000	5.0458	4.0121	4.695	4.7247	4.6563	4.5698	4.4893	4.3142	4.3089	4.6028	4.3936	4.7627	4.8463	4.9191	4.8929	4.5864	4.9457	4.7684	4.9179	5.2113	5.235	5.2117	5.1818	5.5337	5.3912	5.5649	5.6923	6.0443	6.013	5.9876	5.9648	6.028	6.2857	6.0153	5.9892	6.079	6.5119	6.4651	6.4367	6.4668	6.5977	6.3077	6.5572	6.0772	6.2292	6.7345	6.5612	6.7975	6.8009	6.2753	6.381	6.9033	6.7432	6.9072	7.1434	6.7955	7.0687	7.4459	7.429	7.6922	7.8078	7.7158	7.7996	7.8482	7.8448	7.9259	7.8338	7.8662	7.5248	7.8273	7.8217	7.6036	7.9886	7.6782	7.6773	7.6002	7.7066	7.2263	7.2909	7.0861	7.0907	6.8414	6.66	6.7414	6.8206	6.4648	6.4457	6.4616	6.2388	6.4751	6.6483	6.3776	6.2468	6.1008	6.0127	6.0188	5.614	6.2765	5.8272	5.7559	5.6611	5.6686	5.3775	5.2933	4.9957	5.3112	4.9457	4.8965	5.4233	4.4555	4.6286	4.5645	4.6897	4.7469	4.6554	4.5123	4.4933	4.2076	4.3975	4.0002	4.63	4.5066	4.2212	4.649	4.5295	4.5063	4.5162	4.502	4.0922	4.1602	4.2445	4.1084	3.915	4.1167	3.9166	4.1708	4.1525	4.2103	4.2455	4.1677	4.1659	4.0054	4.3182	3.9635	3.9395	3.871	4.2011	4.2943	4.1962	3.8619	3.9431	3.8584	3.8953	3.9354	3.9161	4.1265	4.0424	3.9351	4.0991	3.9421	4.1243	4.2394	3.8849	3.6981	4.0634	3.6719	3.8851	4.09	3.7498	3.7483	3.7841	3.9206	3.6373	3.719	4.0626	3.7656	3.6762	4.1499	4.0691	3.9023	3.5494	3.858	4.0598	4.1464	3.7955	4.0775	4.0485	3.8158	3.9581	4.0421	4.1224	4.0976	3.9381	3.804	4.0746	4.2748	4.1718	4.1541	4.0472	4.0687	4.0812
chr3	4405000	5410000	4.9111	3.9398	4.4719	4.5396	4.2778	4.2818	4.2477	4.0676	4.2362	4.6294	4.4	4.6395	4.7469	4.9021	5.0957	4.8191	5.107	4.7637	5.0153	5.1583	5.1805	5.1152	5.2928	5.4181	5.2392	5.5766	5.5759	5.8571	5.8008	5.9781	5.9014	5.9267	6.1615	5.8528	5.955	6.1189	6.5144	6.2702	6.3034	6.4938	6.6648	6.313	6.5956	6.1601	6.4051	6.7163	6.6154	6.8199	6.8024	6.5092	6.4847	7.0142	6.9486	7.0711	7.2158	6.8258	7.1721	7.5998	7.5437	7.715	7.8122	7.7065	7.6505	7.6192	7.6499	7.6969	7.5506	7.5573	7.3953	7.7251	7.6128	7.3169	7.671	7.6115	7.6156	7.5816	7.5287	7.2438	7.4765	7.2889	7.2591	6.9385	6.8698	6.6973	6.7965	6.5101	6.4332	6.4613	6.1566	6.2425	6.5554	6.3172	6.1136	6.0379	6.199	6.0155	5.8614	6.3801	5.7919	5.88	5.7157	5.8887	5.6385	5.5747	5.26	5.4114	5.0937	4.9606	5.528	4.7463	4.8673	4.6639	4.6415	4.8912	4.7559	4.5571	4.5549	4.2624	4.5354	4.1273	4.7443	4.5383	4.3092	4.6408	4.4863	4.5123	4.4428	4.4316	4.0657	4.1717	4.2087	3.9501	4.1198	4.144	3.9149	4.2673	4.1635	4.2595	4.2728	4.2361	4.1741	4.0475	4.2277	4.03	3.9735	3.7989	4.2126	4.3091	4.1578	3.9682	3.9375	3.9082	3.9645	3.9076	3.8914	4.2396	3.9312	3.9071	3.9109	3.9449	3.9798	4.1788	3.8431	3.6562	4.081	3.8377	3.8989	4.0586	3.8251	3.7086	3.9302	3.8999	3.6826	3.6986	4.039	3.881	3.6301	4.1615	3.9675	3.8782	3.497	3.7628	3.9804	4.186	3.8793	4.147	4.2721	3.7202	4.023	3.9872	4.0355	4.0642	3.9438	3.7925	4.1268	4.2244	4.1737	4.1917	3.9609	3.9765	4.0104
chr3	4410000	5415000	4.6814	3.827	3.9889	4.0457	3.9782	4.1293	4.3327	4.1328	4.3084	4.6043	4.4358	4.6716	4.7365	4.7174	5.0312	4.8503	5.0472	4.8133	5.07	5.2569	5.2173	5.0489	5.2545	5.3698	5.2843	5.5995	5.4488	5.9399	5.5931	5.8391	5.8213	5.7613	6.0769	5.8107	5.8099	5.8877	6.3619	6.1561	6.1735	6.3899	6.6827	6.2686	6.6993	6.323	6.5093	6.771	6.7811	6.9196	6.9047	6.6602	6.6786	6.9535	7.0772	7.1948	7.3918	6.9923	7.3775	7.6937	7.5654	7.6425	7.6075	7.6244	7.3227	7.3917	7.2994	7.5647	7.205	7.3121	7.0171	7.3848	7.4059	7.0363	7.4429	7.2806	7.4489	7.403	7.4714	7.2458	7.3852	7.3523	7.3176	6.9288	6.8163	6.8458	6.8649	6.6006	6.4364	6.3326	6.1882	6.2454	6.4464	6.2256	6.0529	5.9931	6.2396	6.1341	5.8659	6.4798	5.9707	5.8623	5.8008	6.1556	5.7538	5.6689	5.549	5.6785	5.522	5.1602	5.7027	4.9962	5.1111	4.8305	4.8064	4.9344	4.6853	4.6379	4.6222	4.4254	4.6395	4.2356	4.7246	4.5401	4.2116	4.6364	4.4835	4.4083	4.4632	4.3617	4.0407	4.0552	4.2031	3.985	4.0383	4.1162	3.9204	4.1754	4.1637	4.2235	4.3365	4.4249	4.2913	4.0303	4.3092	3.8924	4.0547	3.9526	4.1624	4.3232	4.1156	3.9834	4.0656	4.0774	3.8974	3.9832	3.8059	4.1635	3.9094	3.8708	3.955	3.9281	3.9327	4.1604	3.8753	3.642	4.0953	3.8944	3.866	4.1763	3.7324	3.7264	3.8612	4.0327	3.6635	3.8171	3.9908	3.9521	3.5817	4.1414	3.82	3.8905	3.4312	3.8078	4.082	3.9677	4.0017	3.9537	4.0814	3.7673	4.1426	4.0068	3.9175	4.0647	3.9719	3.8706	4.0669	4.2316	4.2471	4.2551	3.9556	4.0629	4.0297
chr3	4415000	5420000	4.6931	3.5321	3.7097	3.7967	3.9866	4.1539	4.4013	4.3233	4.3198	4.6458	4.5065	4.6821	4.779	4.7165	5.0055	4.8675	5.0966	4.8799	5.2365	5.3296	5.2405	5.2268	5.2058	5.3686	5.2862	5.5729	5.3777	5.6908	5.5558	5.7617	5.7493	5.8555	6.012	5.7865	5.7375	5.8125	6.2993	6.0568	6.0995	6.3018	6.5667	6.2899	6.6214	6.4181	6.6805	6.9284	6.8559	7.1113	6.9253	6.7494	6.8321	7.1872	7.29	7.4784	7.6448	7.2343	7.3298	7.6944	7.6031	7.5022	7.4616	7.6406	7.0629	7.2244	7.2131	7.1816	7.0719	7.0586	6.8029	7.2143	7.0945	6.8871	7.1395	7.0233	7.0766	7.0936	7.1931	7.1494	7.3409	7.3552	7.3379	7.0708	7.061	6.9179	6.916	6.6762	6.5344	6.5164	6.1673	6.2847	6.5243	6.3083	6.0143	6.0017	6.2131	6.0624	5.8278	6.4448	5.9164	6.1225	5.9266	6.2262	5.8433	5.9154	5.8814	5.9204	5.7167	5.489	6.0139	5.1734	5.2922	4.9466	4.9487	5.0162	4.8733	4.5685	4.7387	4.5684	4.5389	4.3393	4.7059	4.4988	4.2079	4.4996	4.6323	4.4705	4.3645	4.3225	3.9984	4.076	4.2919	3.8681	4.1704	4.1197	3.8683	4.1343	4.0669	4.2532	4.2413	4.3785	4.2708	4.0607	4.0812	3.7491	4.0558	3.9531	4.2821	4.3226	4.0344	3.9632	4.0162	4.1162	3.871	3.9371	3.7759	4.0657	3.7581	3.984	3.8796	3.9474	3.8798	4.1477	3.9836	3.5897	4.1636	3.9282	3.7642	4.1012	3.8612	3.7355	3.8377	4.0076	3.6345	3.8503	4.0895	3.9508	3.5995	3.9436	3.9757	3.8197	3.4392	3.9064	4.1005	4.0347	3.9819	3.9641	4.0754	3.8204	4.0892	4.0821	3.9396	4.0027	3.9704	3.8293	3.9403	4.1481	4.2188	4.2981	3.9978	3.937	4.1957
chr3	4420000	5425000	4.7988	3.4707	4.2809	3.9621	4.127	4.2118	4.4852	4.4453	4.3907	4.6046	4.6023	4.7722	4.7823	4.7408	5.0566	4.7653	5.056	4.9625	5.2168	5.3348	5.1415	5.2332	5.2887	5.3375	5.2146	5.4479	5.3034	5.5263	5.5129	5.5177	5.58	5.6615	5.938	5.8142	5.7305	5.6598	6.158	5.9901	6.0559	6.3088	6.5154	6.2058	6.5996	6.4821	6.7882	7.0688	6.9614	7.1969	7.0851	7.0694	7.0106	7.3269	7.6041	7.6575	7.6983	7.2531	7.1988	7.617	7.4452	7.287	7.2883	7.5028	6.9367	7.1411	7.0927	7.2021	6.8204	6.8664	6.5474	7.0003	6.9192	6.6226	6.9717	6.7726	6.7829	7.0504	7.0727	6.9307	7.1142	7.1636	7.2784	7.1306	7.0196	6.8607	7.0047	6.6715	6.6271	6.5157	6.3048	6.2584	6.6476	6.4488	6.0689	6.0827	6.3064	5.9625	5.8562	6.4153	5.9392	6.1722	6.0693	6.3431	6.1584	6.033	5.9405	6.2081	5.8436	5.7807	6.3495	5.3405	5.6236	5.2326	5.1379	5.267	5.0965	4.814	4.8841	4.5448	4.4139	4.2844	4.7465	4.4814	4.2201	4.5124	4.5597	4.3312	4.4243	4.2228	3.9605	4.1713	4.2042	3.8803	4.154	4.1329	4.0865	4.3215	4.1327	4.2068	4.1821	4.416	4.2225	3.962	4.1972	3.8399	3.999	3.99	4.2359	4.28	3.9569	3.8316	4.037	4.0278	3.89	3.8792	3.835	4.0722	3.7689	3.817	3.8692	4.0201	4.0274	4.1274	4.1221	3.685	4.2632	3.9882	3.8085	4.1053	3.8644	3.7563	3.8137	4.023	3.6854	3.7817	4.0648	3.9063	3.7658	3.9078	4.0412	3.8394	3.5823	3.8075	4.0744	4.0885	4.1018	4.0825	4.1187	3.8738	3.9777	3.9895	3.9353	3.9071	3.8528	3.7838	3.9473	4.1195	4.2552	4.3084	3.9173	3.879	4.1936
chr3	4425000	5430000	4.9268	3.9451	4.9293	4.2988	4.6187	4.4255	4.7189	4.4898	4.6471	4.6593	4.5769	4.7632	4.7939	4.8919	5.1212	4.9398	5.021	4.9767	5.1769	5.3297	5.1264	5.2583	5.2438	5.4624	5.1345	5.5647	5.2033	5.5721	5.4341	5.4662	5.6138	5.6226	5.9037	5.6209	5.5078	5.6119	5.9989	5.9416	6.0488	6.1711	6.541	6.1446	6.5773	6.4044	6.8319	6.9618	7.0809	7.3066	7.3029	7.223	7.1683	7.4656	7.6595	7.7627	7.4947	7.1651	7.063	7.3851	7.2237	7.1427	7.1494	7.3724	6.788	6.9945	6.9231	7.0301	6.6689	6.8089	6.35	6.8327	6.7879	6.4698	6.7642	6.6101	6.7388	6.7766	6.883	6.8809	6.8847	6.9222	7.0298	6.939	6.9136	6.8572	6.9641	6.8352	6.691	6.6905	6.4411	6.5163	6.6406	6.5355	6.2197	6.3334	6.2696	6.087	5.9615	6.4644	5.9262	6.1213	6.0837	6.3336	6.1883	6.183	6.1646	6.182	5.9633	5.9268	6.4546	5.5905	5.8884	5.4763	5.4193	5.3515	5.303	5.0387	4.9064	4.5495	4.6603	4.3938	4.8296	4.4535	4.1853	4.3466	4.5604	4.3625	4.561	4.3841	4.0607	4.205	4.2548	3.9214	4.1087	4.299	4.1025	4.3948	4.1799	4.2794	4.2044	4.4128	4.2571	4.0742	4.1679	3.8616	4.1211	4.0502	4.21	4.2173	4.1538	3.7416	4.0637	4.075	3.96	3.9042	3.8145	4.0128	3.7426	3.8224	4.1017	4.0517	4.0758	4.3532	4.1421	3.7957	4.3576	3.9873	3.9651	4.167	3.8177	3.7456	4.0167	4.0407	3.6545	3.8796	4.248	4.0637	3.6395	3.9321	4.0481	3.9661	3.4385	3.9246	4.2732	4.1558	4.0359	4.0498	4.0812	3.7914	3.9958	4.016	3.9647	3.8593	3.8999	3.73	3.9225	4.2844	4.1901	4.2825	3.848	3.9212	4.1206
chr3	4430000	5435000	4.9675	4.1411	4.9387	4.8165	4.9605	4.6552	5.019	4.7586	4.7793	4.5929	4.632	4.7285	4.965	4.8591	5.1212	4.855	5.0179	5.0569	5.0742	5.2053	4.8927	5.2475	5.0653	5.3223	5.2064	5.6318	5.3156	5.4847	5.3695	5.3936	5.6045	5.538	5.7843	5.5349	5.5221	5.5735	5.7959	5.8518	5.8811	6.1162	6.4611	6.1082	6.5679	6.3389	6.91	7.0358	7.1438	7.3171	7.382	7.2591	7.1209	7.5757	7.4589	7.7027	7.4616	7.0447	7.0924	7.312	6.9993	7.0044	7.0692	7.129	6.6352	6.8388	6.8264	6.9271	6.6118	6.7948	6.1654	6.6821	6.6791	6.317	6.7481	6.5955	6.5104	6.6801	6.7396	6.7573	6.4947	6.7055	6.8539	6.7365	6.6753	6.7753	6.9445	6.8231	6.709	6.7927	6.6355	6.66	6.7117	6.6471	6.4186	6.5537	6.4501	6.1078	5.9763	6.509	5.9517	6.2447	6.0433	6.3535	6.2274	6.2584	6.1345	6.27	6.0231	5.8554	6.5105	5.8372	5.9503	5.678	5.6039	5.5786	5.4808	5.1632	5.1212	4.8855	4.779	4.6082	4.8652	4.4913	4.2481	4.3933	4.8085	4.3093	4.5786	4.4548	4.254	4.2423	4.522	3.9122	4.1786	4.4156	4.1903	4.4169	4.2622	4.2243	4.1865	4.3626	4.2699	4.1031	4.2135	3.8789	4.0758	4.0252	4.336	4.2734	4.0798	3.7228	4.0314	3.9028	3.8527	4.0235	3.9896	4.1456	3.7474	3.968	4.0389	4.2138	4.2134	4.3032	4.0956	3.8691	4.2974	4.0161	4.0444	4.1834	3.6714	3.7953	4.0253	4.0528	3.6584	3.992	4.2501	4.0377	3.6288	3.915	4.0043	3.9864	3.3708	3.9223	4.3804	4.0894	4.0606	4.0684	4.1228	3.8698	3.8998	3.9671	3.9877	4.0246	4.0285	3.7925	3.9618	4.1844	4.1942	4.271	3.7992	3.8254	4.1085
chr3	4435000	5440000	4.7484	4.0518	4.7281	4.7143	4.8847	4.9452	5.0907	4.9001	4.9541	4.734	4.77	4.7352	5.0439	5.0001	5.2639	5.0611	5.0789	4.9815	5.0525	5.1726	4.9467	5.2591	4.973	5.216	5.091	5.5277	5.279	5.4767	5.4115	5.3056	5.5857	5.5052	5.7576	5.5124	5.4254	5.2835	5.7334	5.8543	5.7947	6.0664	6.5306	6.0382	6.6969	6.6255	7.0134	7.083	7.1312	7.5145	7.3012	7.2536	6.8121	7.4553	7.1957	7.4655	7.3818	6.9434	6.9856	7.2209	6.9661	6.9085	6.9159	6.9717	6.5689	6.6829	6.6791	6.7935	6.5923	6.7086	6.2251	6.5626	6.6062	6.1335	6.5684	6.4278	6.3946	6.6176	6.3655	6.4429	6.309	6.5199	6.8079	6.5096	6.496	6.6964	6.6783	6.9309	6.6103	6.8079	6.6446	6.7374	6.8942	6.7787	6.4694	6.5461	6.4377	6.2209	6.0823	6.5086	6.2278	6.2486	6.1175	6.4088	6.1859	6.2267	6.1762	6.2773	6.0051	5.9961	6.5764	5.8061	6.0239	5.8734	5.6508	5.7827	5.6386	5.2266	5.2086	4.9856	4.8924	4.774	5.0443	4.5881	4.4136	4.5192	4.8966	4.3671	4.6362	4.4143	4.3287	4.4401	4.5672	4.0084	4.1794	4.4193	4.1528	4.4161	4.2918	4.3275	4.2616	4.2942	4.2192	4.1857	4.288	3.9114	4.0441	3.9343	4.3077	4.2654	4.0393	3.5301	3.9617	3.7843	3.9146	3.9912	3.9502	4.082	3.7128	3.9516	3.9874	4.1998	4.2057	4.4322	4.0439	3.8023	4.1888	3.9177	4.0055	4.1177	3.7088	3.8162	4.0556	4.0428	3.6308	3.9603	4.2352	4.1045	3.6547	3.9111	3.9575	3.919	3.4983	3.8922	4.1861	4.0605	4.1484	4.157	4.1691	3.8805	3.8788	4.0896	3.9862	4.2046	3.9489	3.8626	3.9206	4.1985	4.2473	4.2101	3.8765	3.8004	4.0905
chr3	4440000	5445000	4.7598	4.2794	4.8423	4.719	4.9745	4.9424	5.2629	5.1707	5.2641	5.0287	5.0849	4.9374	5.2555	5.0975	5.2751	4.9526	4.9742	4.9618	4.9872	5.2245	4.9228	5.2991	5.069	5.2529	5.0208	5.4543	5.2292	5.3125	5.4948	5.4413	5.5264	5.5468	5.8013	5.4215	5.4803	5.3428	5.7733	5.783	5.9126	6.1486	6.5659	6.0264	6.8254	6.6578	6.9724	7.1267	7.1992	7.4207	7.1254	6.949	6.5306	7.1666	6.9052	7.1098	7.1123	6.88	6.7936	7.071	6.7822	6.6452	6.7171	6.7382	6.4848	6.5532	6.5439	6.6288	6.5158	6.7093	6.1299	6.5673	6.3584	5.9927	6.5447	6.384	6.0737	6.5145	6.1953	6.3903	6.1571	6.2873	6.5873	6.4557	6.2701	6.558	6.5381	6.7226	6.5986	6.6733	6.6529	6.7203	6.7361	6.8473	6.526	6.7279	6.4116	6.4107	6.1759	6.6254	6.3988	6.2194	6.1768	6.4022	6.211	6.2487	6.2292	6.3743	6.0569	6.226	6.5409	5.8208	6.0578	5.922	5.6846	5.8846	5.7614	5.4172	5.4422	5.0498	5.2338	4.8135	5.2171	4.713	4.6644	4.6665	5.0074	4.4637	4.5959	4.4722	4.388	4.4697	4.4929	4.1046	4.0992	4.324	4.1954	4.2866	4.2863	4.416	4.2744	4.3534	4.1382	4.1948	4.4167	3.7548	3.9866	3.9998	4.2339	4.1539	4.0076	3.5529	4.0774	4.007	4.0325	3.8615	3.9503	4.0867	3.8582	4.0635	4.0093	4.2426	4.2236	4.5155	3.9303	3.8451	4.2428	3.852	3.9765	4.2582	3.714	3.7931	4.0332	4.1167	3.7667	3.8585	4.2401	3.9623	3.6571	3.8043	3.9014	3.8706	3.5132	3.9012	4.1671	4.1765	4.0445	4.1292	4.2031	3.9671	3.8528	4.12	3.9913	4.0983	4.0296	3.8748	3.9956	4.1137	4.2699	4.1343	3.8365	3.8037	4.202
chr3	4445000	5450000	4.7252	4.2812	4.794	4.6907	4.9444	4.9892	5.41	5.1314	5.0803	5.2532	5.159	5.077	5.4171	5.0682	5.236	4.8308	4.9434	4.9481	4.9785	5.1661	4.9714	5.3437	4.9903	5.2792	5.0514	5.3979	5.0665	5.1181	5.3749	5.3678	5.4625	5.5708	5.7497	5.4814	5.4421	5.347	5.9196	5.9022	5.8548	6.0465	6.5966	6.169	6.7825	6.6217	6.8837	7.1015	6.8475	7.1818	6.795	6.5869	6.2371	6.8499	6.6515	6.7641	6.7697	6.6832	6.4569	6.8785	6.597	6.4289	6.4958	6.7061	6.4184	6.4095	6.4132	6.502	6.4369	6.4865	5.8812	6.3578	6.1489	5.8979	6.3065	6.1033	5.8628	6.2595	6.096	6.1613	6.0179	6.06	6.3034	6.2704	6.2454	6.2257	6.3238	6.5957	6.2997	6.3325	6.311	6.5912	6.6431	6.6486	6.4979	6.8964	6.6617	6.6132	6.2503	6.6381	6.4866	6.2381	6.2368	6.3317	6.2366	6.1883	6.0774	6.3904	6.018	6.1016	6.3779	5.8378	6.1176	5.9922	5.613	5.7724	5.6278	5.4819	5.4577	5.2199	5.2791	4.9964	5.3566	4.9869	4.8166	4.7883	5.1905	4.5744	4.6339	4.4501	4.2849	4.3408	4.412	4.028	4.2666	4.4592	4.1695	4.4614	4.2967	4.4346	4.2782	4.3573	4.0343	4.0675	4.2819	3.874	3.9775	3.9709	4.2136	4.1733	4.0563	3.6507	3.9427	3.929	4.0716	3.8827	3.9679	4.013	3.7627	4.119	4.0938	4.1175	4.1284	4.2917	3.9027	3.934	4.1794	3.8464	4.0159	4.3419	3.8028	3.8519	4.0022	3.9924	3.6909	3.9076	4.2996	4.0609	3.801	3.6933	4.105	3.8568	3.5442	3.9603	4.1417	4.1208	4.002	4.1566	4.3254	3.8752	3.7533	3.9612	3.9555	4.0771	4.0131	3.9408	3.9979	4.0197	4.2567	4.0404	3.8379	3.8228	4.079
chr3	4450000	5455000	4.7865	4.1256	4.7238	4.631	5.0037	4.9729	5.3876	5.0655	4.9764	5.3269	5.1531	5.1798	5.2066	5.1553	5.3352	4.8549	5.1469	4.9601	4.9204	5.1977	4.9415	5.2252	4.9286	5.2871	4.9146	5.3137	4.998	5.1782	5.3079	5.3379	5.5147	5.6731	5.7153	5.4274	5.5102	5.4891	5.9671	5.8882	6.0396	6.0958	6.7263	6.202	6.6015	6.5038	6.5388	6.8712	6.6533	6.8125	6.5048	6.3769	6.0237	6.6419	6.3835	6.5604	6.5011	6.3121	6.2072	6.5446	6.6225	6.3081	6.4708	6.5527	6.2132	6.365	6.2933	6.4074	6.3721	6.3575	5.8274	6.3143	5.9187	5.7408	6.2599	5.8852	5.7877	6.2278	6.0096	6.0153	5.8908	5.9251	6.1273	6.116	6.0985	6.0462	6.235	6.3728	6.1235	6.1057	6.1541	6.4125	6.6186	6.6799	6.6364	6.7833	6.6392	6.7544	6.3925	6.8047	6.6171	6.3102	6.5586	6.4876	6.3017	6.4124	6.1634	6.4891	5.9699	6.044	6.2637	5.7503	6.0385	5.9481	5.719	5.8707	5.8479	5.5771	5.6082	5.4543	5.4042	5.1988	5.5208	5.1095	4.9397	4.9399	5.4244	4.7476	4.8139	4.5443	4.6162	4.4567	4.5758	4.113	4.3669	4.4673	4.1952	4.5328	4.428	4.5647	4.2955	4.4292	4.0882	4.0048	4.369	3.9777	3.8638	3.9613	4.2004	4.2082	4.1413	3.6644	3.9108	3.9489	4.0726	3.9809	3.9925	4.1315	3.8409	4.0585	4.1798	3.993	4.1693	4.3044	3.8837	3.8736	4.1475	3.871	3.903	4.4348	3.7653	3.9143	3.8654	4.0053	3.7361	3.8143	4.1117	3.9599	3.7518	3.7128	3.9359	3.9024	3.5933	3.9532	4.1521	4.1349	4.0226	4.0647	4.2791	3.874	3.8306	3.9765	4.0666	4.1324	3.8438	3.9646	3.8051	4.1434	4.241	4.0288	3.9015	3.7858	4.0298
chr3	4455000	5460000	4.8553	4.2968	4.712	4.6696	5.1296	5.0431	5.2695	5.0262	4.828	5.166	4.9847	4.945	5.0812	5.0833	5.296	4.8531	5.0952	5.0158	4.9283	5.2363	4.9931	5.1183	4.8472	5.3766	4.8902	5.2099	5.0685	5.2658	5.3927	5.2346	5.4591	5.6111	5.764	5.5986	5.5954	5.6773	6.1756	5.9605	6.2689	6.1913	6.6909	6.1242	6.4359	6.3403	6.2785	6.4451	6.3405	6.5749	6.2301	6.0777	5.638	6.3303	6.2038	6.237	6.2637	6.1075	5.8949	6.3199	6.2771	6.0655	6.4472	6.5785	6.103	6.2591	6.2383	6.2498	6.3209	6.2957	5.6421	6.0914	5.7812	5.6434	6.137	5.8169	5.7446	6.041	5.9815	5.8794	5.8527	5.8084	5.9561	6.0275	5.9279	5.9386	6.066	6.2411	5.905	6.0351	6.1204	6.2689	6.5013	6.5203	6.5503	6.7362	6.6305	6.6264	6.2353	6.7554	6.7692	6.4913	6.7568	6.6296	6.4235	6.4516	6.2144	6.4704	5.9272	6.0542	6.2986	5.7096	6.0275	5.8005	5.6595	5.8101	5.8995	5.6408	5.6521	5.4363	5.5807	5.406	5.6714	5.4326	4.9976	5.1396	5.5866	4.9758	4.9013	4.7521	4.7199	4.5325	4.5309	4.2757	4.2457	4.4343	4.2343	4.3012	4.4356	4.4674	4.1782	4.4974	4.0589	3.893	4.2682	3.9177	4.0007	3.9631	4.3527	4.3033	4.3384	3.7496	3.9741	4.059	4.085	4.0257	3.9873	4.0895	3.9387	4.0604	4.2101	3.9878	4.2182	4.4152	3.9372	4.0004	4.0381	3.7996	3.8594	4.4513	3.7351	3.9288	3.8804	3.9403	3.7042	3.8252	4.1224	4.0028	3.6991	3.8513	4.0061	3.8855	3.6224	3.9688	4.1209	4.0594	3.8092	4.1988	4.3222	3.994	3.8852	3.9358	3.9716	4.0785	3.7819	3.9637	3.7524	4.0524	4.2568	4.0773	3.8967	3.8733	4.0548
chr3	4460000	5465000	4.9042	4.2952	4.8098	4.7327	5.0892	5.0648	5.1224	4.8487	4.7977	5.0044	4.7946	4.8763	5.0575	5.0032	5.2554	4.9651	5.1637	5.1219	5.0413	5.3089	5.0446	5.1938	4.9358	5.5029	4.9793	5.3946	5.1338	5.3682	5.5029	5.3651	5.5455	5.6418	5.8906	5.7049	5.7011	5.9138	6.2942	6.2291	6.3005	6.3316	6.5969	5.8856	6.2393	5.9725	6.0168	6.1916	5.9447	6.2071	5.9424	5.7656	5.4217	6.019	5.9912	5.849	5.9245	5.853	5.6788	6.0248	6.1608	5.9581	6.2485	6.4678	5.9839	6.2118	6.0703	6.1163	5.9556	6.1594	5.5522	5.7986	5.7779	5.5481	5.9638	5.7973	5.6957	5.9209	5.9267	5.8677	5.7103	5.7776	5.8658	6.043	5.8969	5.688	6.0904	6.1818	5.839	6.0101	6.0534	6.1839	6.3832	6.538	6.4655	6.6112	6.5082	6.5768	6.3432	6.7356	6.9469	6.6119	6.7787	6.6514	6.5835	6.3745	6.1433	6.4424	6.0882	6.0669	6.1962	5.4709	5.9679	5.7511	5.6193	5.7243	5.8669	5.7723	5.6905	5.5027	5.6693	5.5501	5.8201	5.6659	5.2439	5.257	5.6288	5.0555	5.0548	4.9393	4.8569	4.6955	4.6442	4.4444	4.4129	4.5495	4.2332	4.3515	4.5425	4.3755	4.2731	4.4831	4.0184	3.7932	4.3026	3.9876	4.0554	3.981	4.3911	4.2136	4.3216	3.8781	4.1424	4.0471	4.1456	3.9704	4.0746	4.0853	3.9937	4.0287	4.3059	4.0468	4.3972	4.3912	4.0258	3.9444	4.0121	3.9047	3.8792	4.3896	3.7693	3.9195	3.786	3.8557	3.745	3.8601	4.0187	3.7582	3.7331	3.8359	3.8932	3.897	3.7657	4.0301	4.1284	3.9219	3.9203	4.2214	4.2403	3.9935	3.8356	3.9931	4.055	4.0155	3.7727	3.9336	3.6862	4.052	4.2587	4.0011	3.9073	4.001	4.0978
chr3	4465000	5470000	4.8106	4.0795	4.5677	4.7153	4.7942	4.8807	4.8988	4.7391	4.7927	4.9777	4.8084	4.8614	4.857	4.8252	5.1723	4.8763	5.1601	5.0706	4.9896	5.4054	5.2589	5.1042	5.0396	5.4865	5.0529	5.3425	5.1663	5.5578	5.6538	5.4288	5.6864	5.5909	6.0178	5.7636	5.7349	5.9956	6.2785	6.0653	6.0499	6.1027	6.2371	5.4239	5.8589	5.6278	5.7123	5.8347	5.7118	5.986	5.5601	5.354	5.1906	5.746	5.6879	5.6666	5.7818	5.59	5.6013	5.9357	5.9651	5.8359	6.1969	6.368	5.7838	6.0045	5.854	5.911	6.0183	6.0033	5.4992	5.7522	5.6261	5.3753	5.9515	5.6862	5.6513	5.8097	5.6875	5.7295	5.6232	5.667	5.6547	5.9921	5.8663	5.5624	5.909	6.0683	5.8214	5.7874	5.9903	6.0829	6.1871	6.3527	6.4243	6.5125	6.4995	6.4766	6.2921	6.8164	6.8746	6.6448	6.6574	6.6854	6.5571	6.4898	6.1553	6.3602	6.023	6.0882	6.3082	5.4488	6.0203	5.7068	5.6105	5.851	5.9856	5.7246	5.7754	5.4907	5.6295	5.5512	5.8411	5.7472	5.1748	5.476	5.757	5.2964	5.3611	5.1646	4.8849	4.8093	4.6586	4.53	4.4898	4.6128	4.4034	4.3704	4.377	4.425	4.1816	4.6476	4.1035	3.8503	4.2404	4.0406	4.1426	4.0299	4.3736	4.2524	4.3066	3.8193	4.0455	4.1032	4.1365	3.8957	3.9724	4.0728	4.0955	4.1264	4.3406	3.9784	4.3766	4.2957	3.9474	3.875	4.1823	3.9084	3.814	4.4196	3.7292	3.9857	3.7963	3.8914	3.6771	3.8974	4.0513	3.9428	3.6432	3.7863	3.9248	3.8561	3.7783	3.9207	4.2594	4.0735	3.9951	4.3143	4.2757	4.0625	3.7747	4.0134	3.9454	4.0891	3.7561	3.918	3.744	3.951	4.1659	4.0584	3.8151	3.9776	4.1112
chr3	4470000	5475000	4.6596	4.049	4.3916	4.4664	4.3721	4.5575	4.7158	4.5338	4.6686	4.7914	4.7043	4.7251	4.825	4.6732	5.074	4.7449	4.8809	5.0388	4.9183	5.2686	5.1572	5.3311	5.1382	5.5577	5.1252	5.3245	5.1739	5.6545	5.8905	5.7217	5.9118	5.6041	6.0983	5.85	5.8461	5.9114	6.0267	5.7633	5.7186	5.8627	6.116	5.2314	5.6614	5.4261	5.4042	5.5591	5.3967	5.6181	5.3377	5.0107	4.8915	5.3603	5.4975	5.4844	5.6276	5.4027	5.5458	5.8223	5.8359	5.7704	5.9781	6.0664	5.4993	5.7758	5.8176	5.7911	5.8749	5.99	5.4061	5.7846	5.68	5.2759	5.8872	5.5307	5.6237	5.7293	5.5477	5.6614	5.6322	5.572	5.6643	5.9489	5.8397	5.5287	5.8747	6.0206	5.8405	5.6913	5.8281	5.8753	6.0813	6.3383	6.3028	6.3881	6.4184	6.3425	6.1176	6.6435	6.7007	6.5946	6.5249	6.6121	6.6182	6.5268	6.0922	6.3649	6.1784	6.0987	6.5116	5.7156	6.0775	5.7963	5.6203	5.8267	6.058	5.6839	5.7376	5.5349	5.6665	5.6882	5.8506	5.7578	5.3493	5.4865	5.8882	5.3659	5.5892	5.271	5.1503	4.9684	4.9259	4.5821	4.6747	4.6853	4.5319	4.6021	4.2928	4.3051	4.2428	4.6348	4.143	3.9362	4.2312	4.0893	4.2238	4.0055	4.5187	4.1737	4.2805	3.884	4.0924	4.2195	4.0724	3.9144	4.0011	4.094	4.0483	4.0916	4.1953	4.0561	4.4666	4.2416	3.8996	3.8094	4.2395	3.7962	3.8913	4.2926	3.5796	4.0585	3.8294	3.9106	3.7721	3.9875	4.1186	3.9914	3.7324	3.934	4.0301	3.8512	3.8122	3.9611	4.3145	4.0986	4.0574	4.3428	4.15	4.0161	3.8718	4.0283	3.9708	4.0315	3.789	4.0301	3.8733	3.8817	4.165	4.0431	3.8846	3.897	4.0935
chr3	4475000	5480000	4.6366	4.0141	4.2566	4.0693	4.147	4.4216	4.6187	4.4324	4.6019	4.8661	4.7906	4.7337	4.6733	4.6844	5.0958	4.6509	4.8252	4.9541	4.9747	5.2662	5.0422	5.3619	5.1771	5.6923	5.3361	5.6065	5.4578	5.8229	6.0869	5.8981	6.016	5.8287	6.1544	5.8671	5.6853	5.5949	5.797	5.5664	5.4326	5.5517	5.8087	5.0992	5.5068	5.4103	5.3112	5.3678	5.251	5.5648	5.2565	4.9108	4.779	5.2213	5.3721	5.2551	5.4704	5.3278	5.3548	5.5921	5.6233	5.5992	5.7477	5.7896	5.3675	5.6358	5.5954	5.4577	5.7524	5.6952	5.2988	5.7076	5.4887	5.2	5.7164	5.5392	5.4451	5.7112	5.499	5.6345	5.5853	5.4422	5.5501	5.7874	5.8815	5.4246	5.7202	6.0334	5.7203	5.6166	5.7422	5.8343	6.0634	6.243	6.2237	6.2752	6.3298	6.2604	5.902	6.5017	6.4899	6.2833	6.2524	6.4933	6.4688	6.4332	6.0325	6.3678	6.2236	6.2232	6.5776	5.7918	6.1472	5.8467	5.6488	5.9191	6.0438	5.7283	5.8662	5.4542	5.6197	5.5267	5.7809	5.6785	5.4845	5.571	5.9495	5.4504	5.6408	5.3997	5.188	5.1809	5.0474	4.7184	4.6654	4.951	4.541	4.6663	4.4603	4.3581	4.3168	4.7148	4.2228	4.0801	4.3428	4.1867	4.2099	3.9692	4.513	4.1197	4.399	4.131	3.9966	4.301	4.1679	3.9256	4.0494	4.0759	4.0891	3.9965	4.2864	4.1264	4.4613	4.2164	3.9788	3.8101	4.2267	3.9435	3.8635	4.2345	3.5582	3.8617	3.8175	3.9308	3.762	4.0519	4.0938	4.0157	3.8455	4.0064	4.1116	3.8059	3.7615	3.9707	4.2653	4.0596	3.9555	4.1962	3.9701	4.0539	3.8766	4.1336	3.9367	3.9738	3.8642	3.9702	3.9608	3.7485	4.2715	4.0148	3.947	3.9868	3.8792
chr3	4480000	5485000	4.6488	3.7455	4.2081	3.9083	4.0299	4.3653	4.4526	4.2723	4.6079	4.6526	4.7333	4.6795	4.6515	4.726	4.9127	4.7155	4.9414	4.8694	4.9527	5.3073	5.1606	5.5089	5.2882	5.7688	5.4401	5.83	5.7714	6.0077	6.32	5.9404	6.0844	5.8785	6.114	5.72	5.5491	5.3894	5.5422	5.278	5.2385	5.1794	5.5531	4.9423	5.1865	5.1137	5.1382	5.1989	5.144	5.397	5.022	4.7613	4.6127	5.0651	5.13	5.1703	5.3167	5.0983	5.1971	5.507	5.4325	5.3537	5.5997	5.705	5.2091	5.5438	5.3797	5.2959	5.5992	5.658	5.1387	5.6267	5.3696	5.1117	5.7629	5.5802	5.4159	5.7497	5.4906	5.6779	5.5448	5.5079	5.5509	5.7819	5.8698	5.573	5.7899	5.8681	5.7484	5.5111	5.7033	5.8167	6.038	6.1741	6.0703	6.1946	6.1003	6.1833	5.7619	6.2912	6.283	5.9486	5.8855	6.2233	6.2621	6.4899	6.0828	6.2779	6.1913	6.2822	6.6969	5.7996	6.2482	6.0195	5.6961	6.0396	6.0879	5.7914	5.7934	5.3019	5.4801	5.5262	5.795	5.5837	5.3159	5.4287	5.9775	5.5001	5.5447	5.3901	5.2151	5.4345	5.2793	4.9854	4.8444	4.9787	4.6535	4.6455	4.6854	4.6038	4.5581	4.8338	4.4519	4.1625	4.4992	4.2818	4.3276	4.0377	4.3957	4.2585	4.516	4.1695	3.9744	4.2216	4.1654	4.1037	4.0381	4.1131	4.0783	4.1246	4.2591	4.0536	4.4535	4.4035	3.9313	3.7532	4.2855	3.9578	3.7972	4.1756	3.6632	3.8821	3.9094	3.9497	3.8927	4.1194	4.1432	3.9667	3.7516	3.9722	4.0963	3.8364	3.7235	3.9306	4.3621	4.1626	4.009	4.3701	4.0662	3.8207	4.0031	4.0827	3.96	3.9464	3.8285	4.0524	3.9699	3.9268	4.2535	3.963	3.9827	3.9984	3.9228
chr3	4485000	5490000	4.4984	3.7914	4.4723	3.9339	4.0734	4.3877	4.5865	4.2683	4.5259	4.6683	4.7267	4.6118	4.7316	4.7104	4.9282	4.6736	4.8518	4.8992	5.0789	5.1219	5.1797	5.4737	5.3633	5.8798	5.5551	6.027	5.8894	6.2555	6.2308	6.0616	5.9608	5.6851	5.8429	5.4712	5.2469	5.1714	5.2554	5.1331	4.9576	4.9123	5.2655	4.6187	4.9834	4.8988	4.924	4.9686	4.9889	5.1365	5.0419	4.6329	4.4434	5.0989	4.9095	5.1162	5.1891	4.8939	4.799	5.1716	5.11	5.2346	5.3232	5.4513	5.1881	5.3062	5.2526	5.1937	5.4435	5.5316	5.0064	5.5547	5.2316	4.9853	5.6787	5.5644	5.4394	5.6409	5.4866	5.5947	5.5465	5.5516	5.56	5.822	5.8092	5.4283	5.6073	5.9553	5.6585	5.5421	5.6164	5.8014	5.9522	5.9871	5.8512	5.9372	5.97	5.8177	5.6575	6.2153	6.0222	5.809	5.8189	6.0293	6.098	6.3466	5.9108	6.2221	6.1052	6.1718	6.638	5.955	6.4113	6.0824	5.7563	5.9865	6.1109	5.8645	6.0019	5.4286	5.7445	5.4977	5.8648	5.5185	5.3496	5.3142	5.9023	5.4774	5.5873	5.4468	5.2166	5.3494	5.2221	5.0337	5.2081	5.2032	4.9196	4.949	4.9292	4.8261	4.7368	4.9286	4.6469	4.2567	4.6824	4.3721	4.3563	4.1298	4.4247	4.2078	4.5406	4.1462	4.0066	4.1457	4.1661	4.2825	4.1663	4.205	4.0062	4.1236	4.2162	4.1305	4.534	4.3296	3.9997	3.7098	4.2309	4.0504	3.8459	4.2086	3.6083	4.0025	4.0575	3.9559	3.8717	4.0432	4.3049	4.1057	3.9911	4.0049	4.1054	3.8508	3.7254	3.9581	4.3322	4.199	4.042	4.45	4.1169	3.9785	3.9209	4.0297	3.978	3.9878	3.8261	4.1325	3.929	3.9799	4.329	4.1265	4.1297	4.0555	3.9301
chr3	4490000	5495000	4.4971	4.0109	4.748	4.2142	4.3233	4.4598	4.6742	4.3782	4.4676	4.7239	4.6882	4.5874	4.814	4.6853	4.8765	4.7184	4.8965	4.8675	5.2845	5.3018	5.4158	5.4512	5.5211	6.0367	5.7234	5.9402	5.7981	6.2009	5.8994	5.899	5.6562	5.5283	5.6372	5.1987	4.9433	4.8846	4.9285	4.8611	4.6513	4.621	5.0727	4.4086	4.7569	4.6871	4.6835	4.7418	4.653	5.0046	4.8906	4.4495	4.4237	4.8609	4.7511	5.0312	4.9196	4.6261	4.7467	4.894	4.7193	4.9729	5.0461	5.1395	4.9578	5.108	5.0398	5.0722	5.3226	5.3461	4.8217	5.407	5.0372	4.8432	5.5143	5.3163	5.4137	5.6287	5.4096	5.5937	5.4612	5.5963	5.5192	5.6509	5.6711	5.5311	5.662	5.7791	5.6231	5.5908	5.5235	5.7762	5.8098	5.8122	5.5721	5.748	5.7404	5.7277	5.4702	5.9615	5.9704	5.5315	5.6173	5.9098	5.8304	6.2689	5.8059	6.1025	5.9444	6.2027	6.5269	5.8329	6.2513	6.0652	5.8964	6.0397	6.0954	6.0132	6.0267	5.6011	5.8281	5.4823	6.0275	5.4691	5.3757	5.3743	5.8087	5.3903	5.5127	5.5879	5.3097	5.3762	5.336	5.0719	5.1429	5.3866	4.9573	5.2327	5.0814	5.0054	4.9339	4.9942	4.7614	4.4942	4.8406	4.5123	4.4787	4.243	4.4568	4.2189	4.6188	4.1387	3.9776	4.1882	4.2257	4.409	4.1458	4.0969	4.1034	4.0466	4.2308	4.1641	4.5964	4.3894	4.0791	3.7357	4.2109	3.9835	3.8687	4.2552	3.6082	3.9609	4.1576	3.9558	3.8624	3.9944	4.1804	4.1623	3.8337	3.8999	4.1516	3.8246	3.5591	4.0473	4.3701	4.2556	4.1864	4.4216	4.0971	3.8367	3.9407	3.9403	4.0273	3.9821	3.8357	3.956	3.9399	4.0624	4.3647	4.0813	4.1607	4.1273	3.9026
chr3	4495000	5500000	4.5286	3.8875	4.6107	4.4531	4.4122	4.7392	4.7844	4.573	4.4199	4.6946	4.8193	4.6853	4.9117	4.7409	4.9603	4.7365	5.026	4.949	5.4705	5.3764	5.6498	5.6792	5.5941	6.0035	5.5754	5.8812	5.5472	5.9081	5.5589	5.6306	5.4259	5.3299	5.4437	5.0303	4.7928	4.712	4.6495	4.6501	4.3956	4.4114	4.8681	4.0567	4.5754	4.6478	4.6395	4.6616	4.4847	4.9093	4.6355	4.4024	4.4283	4.7433	4.5627	4.6712	4.7857	4.5098	4.4894	4.766	4.5213	4.9085	4.7809	5.0155	4.8025	4.8517	4.8579	4.8216	5.1493	5.1559	4.7985	5.2468	4.8371	4.7626	5.5009	5.1713	5.2712	5.5777	5.4354	5.5691	5.5109	5.5856	5.5123	5.6125	5.6593	5.5041	5.7707	5.6925	5.6908	5.6177	5.3616	5.6416	5.736	5.7155	5.4435	5.6551	5.6624	5.5338	5.3537	5.6675	5.8673	5.4532	5.4179	5.7594	5.7277	6.1066	5.7783	6.0108	5.7749	6.1832	6.3068	5.8683	6.1509	6.0791	5.6851	6.1494	6.0475	6.0639	6.1242	5.7507	5.774	5.4432	5.9326	5.3234	5.3909	5.2701	5.8678	5.5717	5.468	5.4219	5.2786	5.507	5.4776	5.2403	5.288	5.4208	4.9584	5.3659	5.2232	5.3009	4.9533	5.1077	4.8985	4.5918	4.961	4.6019	4.4714	4.4225	4.5006	4.3269	4.6846	4.2387	3.9973	4.2145	4.245	4.5497	3.9332	4.0707	4.114	4.0217	4.2692	4.1092	4.5198	4.4543	4.0764	3.9984	4.2377	4.0198	3.822	4.3294	3.7642	3.8985	4.3016	3.9959	3.8377	4.2075	4.3041	4.0821	3.7482	3.8451	4.0712	3.8008	3.6333	3.9536	4.2795	4.2986	4.1301	4.3302	4.1974	3.8321	3.9231	3.8807	4.0492	4.0312	3.9071	4.0	3.9352	4.0665	4.3517	4.0441	3.9958	4.0036	3.968
chr3	4500000	5505000	4.4435	3.8561	4.4829	4.3929	4.4099	4.7312	4.8578	4.5811	4.6551	4.8029	4.8744	4.6878	4.9774	4.7485	5.0016	4.7682	5.0619	5.0556	5.5703	5.479	5.772	5.7568	5.559	5.8542	5.3534	5.6406	5.2226	5.5943	5.164	5.3157	5.0649	4.9558	5.1563	4.743	4.6252	4.5514	4.4064	4.4156	4.2123	4.3965	4.6329	3.9691	4.4372	4.3618	4.5948	4.3954	4.1666	4.6424	4.422	4.1656	4.0256	4.5685	4.4241	4.3846	4.623	4.2986	4.3522	4.437	4.3102	4.7776	4.636	4.6721	4.5703	4.6149	4.5494	4.7646	4.7494	5.0917	4.6429	5.0942	4.7485	4.6164	5.2175	4.9773	5.1152	5.5387	5.256	5.4659	5.3891	5.4486	5.561	5.5508	5.6578	5.546	5.7087	5.6805	5.6148	5.5289	5.1615	5.5482	5.5269	5.4975	5.2258	5.3041	5.5924	5.3871	5.2552	5.5313	5.5691	5.4581	5.3765	5.6586	5.673	6.0547	5.605	5.8583	5.4727	6.0144	6.0925	5.7354	5.951	6.1195	5.6852	6.2055	6.0356	6.1233	6.1505	5.7007	5.76	5.4855	5.9435	5.3924	5.5436	5.2368	5.7296	5.477	5.4049	5.4405	5.2891	5.5349	5.3414	5.266	5.4102	5.3581	5.1471	5.3997	5.2718	5.4103	5.073	5.3261	5.0895	4.7547	5.1272	4.6425	4.7305	4.4658	4.6414	4.4559	4.9862	4.2227	4.1	4.2731	4.3143	4.4486	3.9736	4.1961	4.2389	4.0626	4.2569	4.2414	4.575	4.5639	4.0763	4.0697	4.3822	4.0825	3.9679	4.3254	3.8022	3.9314	4.2485	4.0532	3.876	4.1373	4.2624	4.0265	3.7936	3.9029	3.9306	3.9664	3.7067	4.0089	4.2342	4.2579	4.2118	4.3267	4.1293	3.9138	3.9451	3.9453	4.1464	4.1586	3.9562	4.046	3.9815	4.0069	4.286	4.0524	4.1094	3.9537	4.0477
chr3	4505000	5510000	4.3596	3.835	4.4926	4.1548	4.4279	4.806	4.8868	4.6534	4.7298	4.8863	4.9276	4.6934	5.1356	4.8596	5.1909	4.8246	5.1649	5.2521	5.6444	5.4751	5.6046	5.5911	5.2663	5.6562	4.9326	5.2107	4.7204	5.1365	4.8344	4.948	4.7877	4.6263	4.8884	4.4986	4.1941	4.4808	4.2615	4.2624	4.1197	4.2243	4.5397	3.9204	4.3697	4.2332	4.4175	4.218	4.1036	4.4534	4.1645	3.9216	3.855	4.3388	4.2171	4.2496	4.5291	4.1093	4.2076	4.3562	4.3224	4.5707	4.6087	4.6442	4.449	4.4025	4.3851	4.6142	4.5843	5.0199	4.5049	4.9821	4.6583	4.5062	5.1314	4.8446	4.8159	5.3474	5.1076	5.3423	5.3294	5.4259	5.468	5.544	5.5525	5.5386	5.6342	5.618	5.5156	5.4432	5.0516	5.5193	5.3647	5.2853	5.1217	5.3878	5.5224	5.3247	5.0935	5.5785	5.6505	5.3898	5.3435	5.5678	5.5629	5.9901	5.4293	5.7292	5.4782	5.8276	5.9275	5.6453	5.8736	5.9116	5.6701	6.0128	6.0094	5.9846	6.0781	5.7932	5.7513	5.6061	5.888	5.3766	5.649	5.3246	5.8279	5.4643	5.4381	5.4102	5.3481	5.5241	5.2401	5.308	5.4932	5.4522	5.1105	5.5378	5.4545	5.3912	5.2053	5.4762	5.1109	4.9344	5.182	4.8154	4.9089	4.721	4.6983	4.6197	5.0412	4.3359	4.2189	4.3983	4.2766	4.3576	3.9418	4.2546	4.3054	3.9295	4.2828	4.2494	4.5457	4.6767	4.1026	4.1328	4.5122	4.1653	3.9785	4.246	3.7944	3.9815	4.2909	4.1948	3.8951	4.312	4.1347	4.0728	3.8896	3.9191	4.1218	3.9051	3.4526	3.9242	4.1909	4.3133	4.2533	4.3421	4.1888	4.0071	3.9401	3.9401	4.0441	4.15	4.0212	4.131	4.0122	4.1766	4.223	4.0411	4.0846	4.1026	3.9864
chr3	4510000	5515000	4.3961	3.8107	4.412	4.2431	4.606	4.6581	4.7233	4.6012	4.7274	4.8684	5.0825	4.9689	5.4043	5.153	5.3406	5.0002	5.264	5.3368	5.5237	5.3851	5.3905	5.3217	4.9112	5.2809	4.6832	4.8985	4.4507	4.8411	4.5843	4.5809	4.4549	4.2827	4.4989	4.2538	4.0365	4.3958	4.175	4.2407	3.9072	4.0242	4.4984	3.8948	4.2348	4.1259	4.2924	4.1353	3.9278	4.2001	3.9809	3.8685	3.6834	4.2412	4.0615	4.047	4.3298	3.9746	4.0462	4.2891	4.1584	4.469	4.3874	4.4823	4.3907	4.3607	4.3182	4.4915	4.4945	4.6564	4.515	4.8933	4.6084	4.5266	4.7572	4.7711	4.6301	5.3796	5.0661	5.1526	5.1409	5.2733	5.4191	5.4165	5.3262	5.286	5.414	5.4847	5.4536	5.1378	4.8782	5.3159	5.3109	5.3337	5.3026	5.3496	5.461	5.1348	4.884	5.3373	5.5365	5.3401	5.2664	5.5313	5.4594	5.7806	5.3228	5.6278	5.3559	5.6023	5.8713	5.4965	5.8484	5.7675	5.4856	5.8753	5.7311	5.9754	5.9483	5.5563	5.5675	5.794	5.9093	5.3045	5.6929	5.3966	5.9221	5.5451	5.4596	5.468	5.4323	5.5338	5.2717	5.2957	5.5552	5.2955	5.008	5.6259	5.5189	5.3984	5.2743	5.4878	5.2373	5.0426	5.2917	5.0524	4.9927	4.9103	4.9221	4.7593	5.2748	4.4588	4.386	4.4383	4.4139	4.4934	4.1515	4.2514	4.3749	3.9571	4.397	4.2039	4.7006	4.6538	4.1265	4.2423	4.569	4.1718	4.0142	4.1571	3.6576	3.9304	4.2817	4.0619	3.8565	4.3054	4.1149	4.1291	3.8234	3.9501	4.094	3.8807	3.6065	3.9776	4.1133	4.0818	4.0817	4.3695	4.1853	3.9541	3.9229	3.9537	4.0853	4.22	4.1005	4.12	3.958	4.1132	4.1636	4.1465	3.9822	4.0143	4.0097
chr3	4515000	5520000	4.4183	3.8687	4.5568	4.2289	4.7032	4.6307	4.6964	4.6338	4.7396	4.9336	5.2339	4.8673	5.5374	5.2546	5.4793	5.2909	5.2473	5.3817	5.2353	5.1294	5.1125	4.8588	4.5031	4.9716	4.4073	4.6259	4.2991	4.5954	4.4267	4.3352	4.3154	4.1227	4.3823	4.0155	3.8503	4.0762	4.1547	4.1189	3.802	4.0399	4.5452	3.8863	4.31	4.1368	4.1874	3.8434	3.8584	4.0829	3.9517	3.8348	3.5992	4.0312	4.0441	3.9028	4.0732	3.6998	3.7924	4.0171	4.0803	4.2978	4.2243	4.4468	4.1572	4.238	4.1815	4.311	4.5851	4.5727	4.3591	4.6574	4.4982	4.5	4.7051	4.6476	4.6139	5.2946	4.968	5.1065	4.974	5.1513	5.1938	5.2047	5.1532	5.1215	5.1884	5.299	5.1955	5.0547	4.782	5.197	5.3816	5.1961	5.197	5.2304	5.3096	4.9696	4.7654	5.2579	5.317	5.1453	5.1078	5.3018	5.4109	5.6365	5.2228	5.505	5.2631	5.382	5.7146	5.3015	5.7993	5.5313	5.3323	5.7101	5.5757	5.9184	5.7585	5.4158	5.5551	5.722	5.7487	5.4092	5.7989	5.3407	5.9654	5.7054	5.4747	5.4286	5.3814	5.4829	5.2444	5.3252	5.4634	5.4092	5.0065	5.6161	5.5369	5.423	5.2771	5.5076	5.3142	5.0125	5.3764	5.1375	5.0683	4.9801	5.1248	4.9077	5.2756	4.7283	4.4541	4.6003	4.4424	4.5017	4.198	4.2505	4.524	4.0305	4.3978	4.258	4.5549	4.6075	4.2299	4.2206	4.4581	4.2456	4.1097	4.164	3.6903	3.9376	4.2415	4.1478	3.997	4.3799	4.1079	4.1214	3.7931	3.9911	4.0154	3.9938	3.7323	3.971	4.149	4.1228	4.1909	4.2937	4.1124	3.948	3.9285	4.0094	4.0164	4.2001	4.0464	4.2026	3.9052	4.0333	4.0612	4.0585	4.0525	3.9349	4.0254
chr3	4520000	5525000	4.4029	3.8537	4.5228	4.2589	4.8242	4.6314	4.8611	4.6314	4.9544	4.9398	5.2583	4.9386	5.4888	5.3763	5.3045	5.3544	5.0089	5.0563	4.9223	4.9309	4.7571	4.4805	4.2277	4.875	4.1648	4.4802	4.0079	4.356	4.2786	3.9927	4.1899	3.8738	4.3726	3.8065	3.7643	4.0892	4.06	3.9693	3.6443	3.8911	4.2707	3.8248	4.0088	3.8129	4.0719	3.7602	3.6703	3.9603	3.6785	3.617	3.5374	3.7807	3.947	3.7797	3.9292	3.5644	3.6445	3.9333	3.8506	4.152	4.121	4.3226	4.1581	4.2145	4.0886	4.2587	4.4101	4.5926	4.2828	4.4332	4.3347	4.2828	4.6277	4.5203	4.4055	4.9868	4.7331	4.9577	4.7526	4.9606	4.9417	4.948	4.9213	4.9624	4.855	5.0652	5.085	5.0013	4.7984	5.1404	5.2986	5.1257	5.1471	5.2089	5.205	4.8424	4.6881	5.2242	5.2772	5.0246	5.0008	5.3185	5.2411	5.4429	5.1561	5.3727	5.2354	5.2478	5.5296	5.2019	5.5437	5.319	5.2546	5.559	5.3438	5.6798	5.5529	5.3563	5.3795	5.6622	5.754	5.4113	5.663	5.3594	5.8851	5.7594	5.6437	5.5514	5.441	5.6041	5.3446	5.3855	5.4688	5.3192	4.9342	5.5057	5.4913	5.3602	5.1788	5.5636	5.3543	5.1776	5.4766	4.9443	5.1546	5.1726	5.1177	5.0524	5.4515	4.8531	4.645	4.8176	4.502	4.6246	4.3059	4.4203	4.5587	4.1252	4.4609	4.2465	4.568	4.6783	4.0957	4.118	4.4261	4.3159	4.2035	4.105	3.5921	3.9533	4.158	4.0342	3.9842	4.3486	4.1686	4.0233	3.7576	4.0298	4.0752	4.0262	3.7454	3.9617	4.1857	4.1306	3.9976	4.1299	4.0528	3.9177	4.0309	4.0441	4.0892	4.1197	3.9418	4.1075	3.9149	4.0726	4.0548	3.9521	4.0324	3.8432	3.9743
chr3	4525000	5530000	4.3651	3.6827	4.5839	4.2895	4.9072	4.6107	5.0703	4.7058	5.0186	5.0599	5.254	4.981	5.3296	5.3037	4.9001	5.1373	4.5926	4.8856	4.6538	4.7579	4.5584	4.3047	3.9968	4.6525	3.9545	4.183	3.7903	4.0738	4.0693	3.9343	4.131	3.7476	4.1434	3.6349	3.6461	3.8255	3.893	3.8755	3.3833	3.7802	3.967	3.5442	3.7188	3.5939	3.9507	3.5318	3.5376	3.8866	3.6238	3.42	3.426	3.684	3.7331	3.722	3.8461	3.5633	3.5069	3.8386	3.7341	4.1353	3.9412	4.3255	4.0462	4.2288	4.1371	4.1661	4.3197	4.398	4.1081	4.3547	4.2854	4.1471	4.5407	4.4226	4.2624	4.7938	4.5365	4.7037	4.5855	4.7976	4.6708	4.8502	4.6159	4.6899	4.7451	4.9464	4.9301	4.7798	4.6981	5.0033	5.2547	5.0059	5.1978	5.0507	5.1829	4.785	4.5953	5.1798	5.1958	4.9214	4.9901	5.0976	5.2409	5.1655	5.0386	5.3018	5.0808	5.1221	5.3251	5.1479	5.4318	5.1906	5.0423	5.3144	5.1622	5.5869	5.4052	5.3359	5.3007	5.6777	5.5932	5.5406	5.655	5.3953	5.7899	5.7625	5.7261	5.6267	5.3903	5.5355	5.2899	5.3102	5.6361	5.1753	4.9246	5.4158	5.3552	5.3479	5.1479	5.562	5.3095	5.0608	5.4163	5.0302	5.1672	5.0548	5.1726	5.2724	5.6189	5.0465	4.6711	4.7577	4.6753	4.7736	4.4458	4.5486	4.6033	4.3242	4.5942	4.3515	4.6866	4.6883	4.2054	4.0322	4.2919	4.2416	4.2589	4.1047	3.7019	4.0658	4.2378	4.0442	3.9668	4.4836	4.0851	4.1127	3.6853	4.0839	4.1102	4.023	3.7464	4.003	4.1264	4.1352	4.1673	4.1758	4.1162	3.7264	4.0017	3.9973	3.8884	4.2472	3.9702	4.1316	4.0194	4.1346	4.028	3.8592	3.9109	3.8959	4.0212
chr3	4530000	5535000	4.3603	3.8284	4.6305	4.3457	4.9294	4.4927	5.1856	4.7985	4.9338	5.1341	5.0923	4.7728	4.7124	4.9257	4.3559	4.6026	4.2236	4.6649	4.3665	4.4942	4.2856	4.0954	3.8118	4.448	3.8097	3.9541	3.7658	3.9177	3.8815	3.8186	3.9032	3.6825	4.1225	3.5858	3.5659	3.7318	3.7122	3.684	3.2114	3.4617	3.8669	3.4232	3.6327	3.4442	3.7269	3.4555	3.5118	3.7677	3.4986	3.418	3.2419	3.6052	3.6948	3.7655	3.6878	3.4695	3.5363	3.7893	3.9361	4.0752	3.9159	4.2391	3.9927	4.1828	4.2225	4.2721	4.353	4.4144	4.1744	4.2713	4.2439	4.2444	4.4092	4.4438	4.0414	4.5358	4.2147	4.4957	4.3618	4.5653	4.3692	4.5295	4.4426	4.648	4.6594	4.838	4.8393	4.6646	4.6239	4.9359	5.0983	5.0223	5.1515	5.0573	5.1016	4.7252	4.6102	5.2045	5.1428	4.9458	4.8805	5.0159	5.2226	5.0784	4.9295	5.124	4.8989	5.0723	5.1685	5.0775	5.3116	4.9629	4.9296	5.1937	5.218	5.5286	5.4574	5.1971	5.2212	5.4848	5.5558	5.3516	5.5703	5.3101	5.7665	5.8068	5.8052	5.5584	5.5398	5.7674	5.603	5.2914	5.6362	5.122	5.0544	5.4464	5.3135	5.4072	5.2074	5.5443	5.3454	5.1184	5.4297	5.0636	5.259	5.1648	5.2633	5.2249	5.7548	5.0737	4.8762	5.1094	4.852	4.9135	4.6999	4.7298	4.8303	4.5153	4.6784	4.5362	4.8192	4.6656	4.3993	4.0269	4.4847	4.3673	4.2326	4.157	3.7774	4.1341	4.2698	4.0632	4.1128	4.3148	4.129	4.1516	3.7278	4.1616	4.1566	4.1488	3.8636	4.0435	4.2242	4.1564	4.1782	4.2445	4.2305	3.7944	3.8589	4.0358	3.8456	4.1589	3.9863	4.077	4.0324	4.0928	3.981	3.7288	3.9378	3.8744	4.0729
chr3	4535000	5540000	4.4116	3.9226	4.657	4.4668	4.9884	4.5368	5.0011	4.8235	4.5464	4.8022	4.6175	4.3306	4.2817	4.514	4.1134	4.3002	3.9238	4.3326	3.9843	4.2273	3.8541	3.8909	3.7004	4.3115	3.7411	3.7884	3.8013	3.8917	3.8501	3.8431	3.929	3.6891	3.9895	3.6101	3.4968	3.7523	3.753	3.4829	3.1385	3.2976	3.6333	3.3108	3.4691	3.2325	3.564	3.3972	3.3478	3.7169	3.5854	3.2342	3.1389	3.4148	3.6351	3.6866	3.6159	3.4319	3.558	3.7281	3.915	4.0209	3.9155	4.2332	3.809	4.0604	4.1036	4.1736	4.2585	4.329	4.0144	4.0858	4.2715	4.0653	4.2153	4.0892	3.7027	4.1462	3.9948	4.203	3.9824	4.2397	4.0912	4.3952	4.2131	4.5269	4.5205	4.5604	4.7657	4.5897	4.3707	4.9034	4.9291	4.8814	4.9982	4.9979	4.9492	4.5319	4.3333	4.9496	5.1097	4.8326	4.8255	4.871	5.2582	5.0699	5.0611	5.0239	4.8973	4.9584	4.8732	4.944	5.1514	4.8232	4.7642	5.198	5.1438	5.2902	5.2692	5.1593	5.0522	5.3428	5.463	5.3712	5.4023	5.1802	5.5647	5.7887	5.7823	5.6351	5.4951	5.671	5.7304	5.2029	5.6831	5.1911	5.2053	5.3399	5.394	5.4595	5.0679	5.5252	5.2074	5.0857	5.4135	5.0002	5.3421	5.2272	5.2622	5.3355	5.834	5.084	4.85	5.2404	4.9632	5.1425	4.8638	4.8202	4.9491	4.6438	4.6665	4.6837	4.9671	4.8001	4.5482	4.2553	4.4761	4.4548	4.2554	4.2171	3.8113	4.1912	4.3182	4.1947	4.129	4.3375	4.3005	4.2546	3.8417	4.26	4.2543	4.1566	3.8024	4.0445	4.2117	4.2565	4.3039	4.242	4.2281	3.763	3.9018	4.0517	3.7357	4.2301	4.11	4.1388	4.0178	4.138	4.0749	3.808	3.9792	3.8876	4.1425
chr3	4540000	5545000	4.3274	3.8426	4.5188	4.4175	4.6884	4.5371	4.628	4.4158	4.1873	4.4006	4.2222	3.9748	3.9182	4.2684	3.7753	3.9247	3.6963	3.977	3.7765	3.8889	3.5569	3.7113	3.5446	4.1663	3.7055	3.76	3.6357	3.9662	3.7908	3.7757	3.7949	3.5646	3.8112	3.5374	3.2537	3.5377	3.4884	3.3913	3.0108	3.154	3.5156	3.2112	3.4201	3.1803	3.511	3.3719	3.3066	3.6141	3.4231	3.213	3.0217	3.4218	3.5317	3.6928	3.6076	3.4368	3.6412	3.6352	3.8923	3.9234	3.8284	4.1694	3.8827	4.126	4.1516	4.1925	4.1659	4.2628	4.033	4.1582	4.203	3.9264	4.1321	4.0613	3.5115	3.8087	3.7471	4.0439	3.7762	3.941	4.0413	4.2883	4.1769	4.2957	4.3179	4.4623	4.7528	4.5151	4.3285	4.7789	4.7752	4.7737	4.8534	4.8857	4.8823	4.5197	4.3443	5.0362	5.0508	4.832	4.627	4.879	5.1589	4.9124	4.7838	4.9294	4.6186	4.7587	4.6788	4.7264	5.0554	4.7423	4.7685	5.0342	5.0296	5.2262	5.2929	5.0753	5.0643	5.2758	5.3366	5.2849	5.3436	5.107	5.4263	5.6775	5.5765	5.5731	5.445	5.6906	5.7123	5.2951	5.7517	5.3247	5.3664	5.4459	5.3799	5.6127	5.151	5.5301	5.2641	5.1864	5.3309	5.0297	5.2996	5.0776	5.1881	5.3366	5.8158	5.209	4.995	5.2838	5.0995	5.2617	4.9699	5.0353	5.0472	4.7763	4.7858	4.7984	4.9912	4.9318	4.7726	4.247	4.6949	4.4865	4.2477	4.2755	3.8017	4.2378	4.3716	4.1925	4.2267	4.2455	4.3318	4.3422	4.0761	4.1594	4.196	4.101	3.8971	4.1984	4.2764	4.1432	4.2599	4.3195	4.2016	3.7799	3.7917	4.1731	3.8616	4.1175	4.0626	4.0326	3.9517	4.1653	4.027	3.8679	3.9111	3.8845	4.17
chr3	4545000	5550000	4.2273	3.7057	4.248	4.1273	4.1182	3.9863	4.2228	3.9497	3.8543	3.8815	3.9737	3.5479	3.7055	4.0102	3.4641	3.6321	3.4728	3.7198	3.5238	3.6061	3.4773	3.5712	3.4139	3.9951	3.6386	3.7952	3.6893	3.9661	3.7598	3.8129	3.7412	3.4377	3.6533	3.3149	3.2374	3.3114	3.3407	3.2693	3.0654	3.1329	3.5265	3.1528	3.4365	3.229	3.446	3.3517	3.2249	3.5521	3.3761	3.0669	3.0053	3.4995	3.5979	3.6784	3.5775	3.5073	3.721	3.6324	3.7222	3.9952	3.7202	4.034	3.9742	4.143	4.0435	4.1481	4.1167	4.2026	3.8022	3.9795	4.0546	3.7409	4.0837	3.8652	3.3357	3.6062	3.7185	3.8723	3.7922	3.8798	3.9419	4.2241	3.8989	4.1034	4.2846	4.462	4.5586	4.4046	4.2878	4.5937	4.5416	4.6745	4.7046	4.6645	4.6484	4.4274	4.3912	5.0927	4.946	4.6517	4.548	4.829	5.0351	4.7916	4.7913	4.8132	4.5032	4.6382	4.722	4.5863	4.9969	4.6462	4.6975	4.9609	4.9704	5.022	5.1365	5.0058	4.9389	5.1439	5.1532	5.1827	5.3144	5.0709	5.1653	5.5951	5.3767	5.3866	5.1972	5.5107	5.5132	5.3096	5.7311	5.3367	5.4423	5.4679	5.4263	5.6826	5.2996	5.6327	5.3343	5.1969	5.4207	5.1647	5.354	5.1261	5.2212	5.2265	5.7346	5.0887	5.0696	5.2187	5.056	5.2909	4.8152	5.1206	5.0652	4.9215	4.8786	4.9569	5.079	5.1689	4.9052	4.3402	4.7187	4.5051	4.4068	4.2965	3.8991	4.1877	4.265	4.252	4.3185	4.3246	4.2972	4.3986	4.1054	4.1212	4.1937	4.1044	3.732	4.013	4.3844	4.2205	4.2083	4.302	4.1381	3.665	3.7969	4.1245	3.8834	4.0425	4.0611	4.0584	3.9468	4.1463	4.0724	3.8305	3.9051	3.8668	4.3575
chr3	4550000	5555000	4.0968	3.6778	3.5078	3.6029	3.6095	3.5772	3.8528	3.6046	3.5434	3.5051	3.6711	3.3402	3.4902	3.7747	3.3201	3.4108	3.3008	3.5644	3.3843	3.5952	3.4144	3.4281	3.3467	3.9572	3.6391	3.7963	3.6138	4.0943	3.5723	3.7557	3.5708	3.3019	3.6663	3.2355	3.1751	3.3019	3.43	3.3055	3.0612	3.209	3.4748	3.173	3.3936	3.205	3.3406	3.321	3.296	3.4554	3.4492	2.9376	2.8682	3.5415	3.6259	3.7346	3.5948	3.7797	3.7261	3.5996	3.6998	3.9609	3.746	4.0887	3.9239	4.1767	3.9675	4.0337	3.9619	4.1858	3.5429	3.9145	3.8675	3.557	3.8388	3.7081	3.2909	3.658	3.5495	3.7671	3.6493	3.7645	3.9003	3.9939	3.7358	4.0708	4.0174	4.375	4.4758	4.3068	4.1555	4.3607	4.3588	4.559	4.5538	4.6317	4.557	4.2623	4.1369	5.0186	4.7266	4.6063	4.5098	4.7781	4.8644	4.6534	4.5821	4.7102	4.3673	4.6085	4.5888	4.6486	4.9972	4.3904	4.5713	4.8135	4.7284	4.9548	5.1169	5.0464	4.9221	5.0332	5.0731	5.0201	5.0385	4.9003	5.2451	5.4533	5.2172	5.3478	4.9623	5.2772	5.4718	5.2595	5.5544	5.3284	5.4112	5.5714	5.4682	5.6116	5.4035	5.551	5.5073	5.2455	5.5593	5.3635	5.2913	5.0818	5.1126	5.2584	5.701	5.1119	5.0253	5.2366	5.0491	5.305	5.0982	5.087	5.104	5.0169	4.8787	5.0107	5.1795	5.3185	4.9909	4.4457	4.7485	4.7705	4.6213	4.3594	3.8785	4.1612	4.387	4.2542	4.3798	4.26	4.3349	4.3116	4.2276	4.2201	4.1503	4.0703	3.7977	4.0389	4.4395	4.147	4.1839	4.2777	4.2655	3.6165	3.8741	4.0222	3.9965	4.0945	4.0585	4.1515	3.9708	3.9754	4.0244	3.7605	3.9531	3.6538	4.4001
chr3	4555000	5560000	4.028	3.3739	3.0063	3.1207	3.1785	3.1888	3.4647	3.3349	3.4128	3.255	3.5803	3.2457	3.2967	3.6768	3.1777	3.235	3.0596	3.4566	3.2299	3.5355	3.3473	3.2685	3.4219	3.9365	3.4043	3.5593	3.3446	3.7489	3.2286	3.5482	3.3741	3.2514	3.5018	3.1774	3.0876	3.1002	3.3307	3.1981	2.9624	3.057	3.3856	3.1152	3.4746	3.2587	3.3435	3.4013	3.3798	3.3679	3.4241	3.0816	2.8789	3.5124	3.4876	3.674	3.5086	3.6504	3.6872	3.7048	3.6819	4.0278	3.7191	4.072	3.9479	4.0714	3.7751	3.835	3.7463	4.0721	3.2848	3.6932	3.6388	3.3609	3.7435	3.6033	3.2481	3.641	3.5691	3.6274	3.5397	3.631	3.7832	3.9417	3.619	3.8719	3.9959	4.1382	4.3719	3.9559	4.1091	4.142	4.438	4.533	4.5805	4.4284	4.4893	4.1477	4.0087	4.6835	4.3989	4.4112	4.3366	4.698	4.6602	4.5867	4.4552	4.5384	4.3303	4.4587	4.4677	4.5863	4.8658	4.4006	4.5157	4.6813	4.5797	4.9105	5.0206	4.9139	4.7674	4.9343	4.9152	4.8363	4.8976	4.8959	5.1992	5.3203	5.2919	5.2452	4.9118	5.1656	5.2402	5.1277	5.3725	5.2297	5.3706	5.3497	5.3633	5.5687	5.4029	5.5696	5.6132	5.3974	5.5054	5.2278	5.2137	5.0155	5.1388	5.1237	5.6846	5.1029	5.0208	5.3669	4.9193	5.3003	5.1194	5.0982	5.2113	4.9922	4.9196	5.2081	5.1621	5.3536	5.1922	4.528	5.0812	4.6983	4.7074	4.6267	3.8999	4.2975	4.4237	4.2749	4.3348	4.3122	4.3202	4.4062	4.2157	4.1249	4.137	4.0013	3.8192	4.1483	4.3155	4.0412	4.1181	4.3148	4.4531	3.7701	3.9292	4.1754	4.1329	3.9541	4.0273	4.1982	4.1022	3.9802	4.1202	3.7782	4.0238	3.7525	4.5043
chr3	4560000	5565000	4.0804	3.2298	3.1361	2.7471	2.9331	2.9651	3.2349	3.2124	3.2036	3.144	3.2056	3.0137	3.1516	3.5204	3.0136	3.1545	3.1149	3.4569	3.2971	3.3788	3.2639	3.2096	3.325	3.8886	3.2351	3.453	3.0208	3.5391	3.0755	3.3989	3.3512	3.11	3.4316	3.0778	3.0711	3.2633	3.3857	3.2212	3.0304	2.9827	3.3742	3.1145	3.4851	3.4332	3.3927	3.3205	3.5537	3.4353	3.4768	3.164	2.9675	3.5136	3.4777	3.5892	3.4677	3.6912	3.6892	3.6268	3.6806	4.0395	3.6328	4.0773	3.9166	3.8117	3.5416	3.6792	3.5564	3.901	3.1962	3.4634	3.5378	3.284	3.6572	3.5202	3.2882	3.689	3.5287	3.6019	3.6502	3.4355	3.65	3.8318	3.4772	3.8181	3.8154	4.1654	4.1731	3.8213	3.8837	4.0692	4.2618	4.3854	4.6132	4.2879	4.2697	4.1441	3.9709	4.5369	4.2276	4.2238	4.2436	4.5556	4.5959	4.6504	4.4406	4.5251	4.2912	4.434	4.4766	4.644	4.8884	4.4661	4.4367	4.5463	4.5555	4.9095	4.8461	4.8001	4.7718	4.8138	4.7929	4.6894	4.8296	4.7164	5.1777	5.1903	5.2436	5.0371	4.8432	5.1581	5.2339	4.9698	5.2995	5.1677	5.1865	5.3685	5.4073	5.6249	5.3634	5.6402	5.6497	5.4986	5.5304	5.2936	5.3084	5.0218	5.2837	5.2099	5.5771	5.1069	4.9992	5.3684	4.9953	5.1338	5.1507	5.123	5.2993	4.9768	5.0259	5.1399	5.1934	5.4919	5.2196	4.6392	5.1916	4.7248	4.9628	4.6421	4.1005	4.3799	4.6685	4.5201	4.4915	4.3897	4.3458	4.3045	4.1443	4.2295	4.079	3.953	3.7787	4.1525	4.2822	4.1695	4.1412	4.3138	4.396	3.8943	3.9618	4.2193	4.2265	3.8879	4.084	4.305	4.118	4.0599	4.0608	3.8983	4.1216	3.823	4.6472
chr3	4565000	5570000	4.1805	3.2534	3.5299	3.0231	3.2394	2.9827	3.2573	3.0195	2.9437	2.9906	2.8854	2.795	3.0739	3.3585	2.8556	3.0825	3.0686	3.4273	3.299	3.2562	3.2145	3.157	3.1036	3.732	3.1709	3.255	2.9502	3.2834	2.9933	3.2898	3.1974	3.0764	3.3384	3.065	2.9378	3.3551	3.1935	3.3013	2.9741	3.0006	3.4629	3.1005	3.4872	3.2805	3.5832	3.4386	3.5843	3.5454	3.5428	3.1499	3.0825	3.5321	3.3602	3.5883	3.4599	3.7452	3.4851	3.4595	3.6421	3.9875	3.6192	4.0501	3.7329	3.5024	3.5274	3.48	3.4468	3.6563	3.1976	3.3758	3.4943	3.261	3.4933	3.3911	3.182	3.5133	3.3613	3.5714	3.5695	3.3689	3.545	3.6762	3.323	3.6421	3.7391	4.0633	3.906	3.7936	3.8232	3.9249	4.1667	4.1284	4.4697	4.0936	4.1718	3.8296	3.8682	4.2672	4.0101	4.01	4.2726	4.5129	4.4638	4.6489	4.2391	4.6248	4.3532	4.2984	4.5125	4.5478	4.8063	4.4675	4.4578	4.5919	4.4645	4.7712	4.7002	4.6621	4.6128	4.6789	4.6399	4.5854	4.765	4.6081	5.0256	5.1869	5.1035	4.9189	4.764	4.9575	5.0411	4.9219	5.3077	5.0679	5.1033	5.3019	5.319	5.5035	5.2208	5.4919	5.6062	5.425	5.5585	5.2462	5.354	5.0732	5.3005	5.3541	5.5961	5.1537	5.0133	5.2958	4.9086	5.3113	5.2377	5.1132	5.1058	4.9723	5.0379	5.2677	5.36	5.2956	5.2317	4.6869	5.2793	5.0402	5.0668	4.7497	4.2865	4.4525	4.7808	4.5785	4.5965	4.5079	4.3478	4.3612	4.1618	4.3776	4.1292	3.9889	3.9734	4.1228	4.2664	4.1631	3.9935	4.2202	4.3198	3.911	3.9633	4.0993	4.1784	3.9649	4.1049	4.2587	4.1118	4.1595	4.1361	3.97	4.0796	3.8679	4.4206
chr3	4570000	5575000	4.1837	3.659	3.8353	3.3271	3.5409	3.232	3.2146	3.0068	2.8301	2.8105	2.7993	2.765	2.9372	3.3348	2.7805	2.9665	2.98	3.3223	3.1289	3.2125	3.0809	3.0476	2.9549	3.549	3.0837	3.1862	2.8356	3.2053	2.9225	3.2215	3.2046	3.0968	3.3246	3.145	3.0026	3.4013	3.3771	3.4578	3.0594	2.9928	3.5472	3.182	3.5638	3.3691	3.5907	3.514	3.5901	3.4792	3.4935	3.1477	3.1604	3.383	3.2805	3.5473	3.5549	3.5465	3.3871	3.4768	3.518	3.8205	3.5039	3.9136	3.5449	3.5288	3.3719	3.1985	3.1825	3.5277	3.2079	3.4182	3.4645	3.2025	3.4776	3.3616	3.2696	3.4125	3.3238	3.5724	3.5185	3.3098	3.3635	3.6019	3.2894	3.6624	3.6422	3.8056	3.8785	3.6025	3.7304	3.6985	4.0371	3.9741	4.228	3.9776	3.8571	3.6962	3.5298	4.0028	3.8727	3.9241	4.1143	4.4376	4.4962	4.634	4.212	4.4993	4.244	4.2425	4.4582	4.4482	4.6899	4.4265	4.5401	4.5261	4.3849	4.6362	4.7831	4.6668	4.6031	4.6779	4.5208	4.5108	4.5948	4.5233	5.0076	4.9365	4.9491	4.8176	4.7468	4.831	5.0163	4.9438	5.2339	5.0027	4.9081	5.317	5.2641	5.3087	5.091	5.5726	5.5271	5.4704	5.5783	5.2671	5.2887	5.1161	5.3264	5.3991	5.6028	5.185	4.9702	5.3025	4.8923	5.3103	5.1269	5.1235	5.0309	4.9855	5.1292	5.3031	5.3118	5.3744	5.2498	4.6884	5.3179	5.043	5.1955	4.7986	4.3215	4.6386	4.7931	4.6676	4.6989	4.676	4.4081	4.4223	4.3114	4.3891	4.0021	3.9625	4.0706	4.1289	4.2771	4.2187	4.0289	4.2367	4.3425	3.8676	4.0281	4.1791	4.2086	4.0953	4.0846	4.239	4.0392	4.1257	4.0901	3.9018	4.09	3.8497	4.4079
chr3	4575000	5580000	4.033	3.5009	3.8277	3.5978	3.6527	3.3949	3.3582	3.0921	2.9395	2.8518	2.8603	2.6957	2.8379	3.1641	2.7855	3.0262	2.95	3.3363	2.9872	3.1665	2.9247	2.8486	2.902	3.5208	2.8934	3.1444	2.8248	3.2191	2.9395	3.1976	3.1885	3.1102	3.4855	3.1424	3.0088	3.4403	3.3125	3.4358	3.2629	3.0936	3.5025	3.2087	3.7405	3.4195	3.6949	3.6494	3.695	3.4816	3.5862	3.1727	3.3784	3.5216	3.5882	3.6317	3.6452	3.6388	3.3969	3.4593	3.3731	3.6086	3.3249	3.784	3.2312	3.5094	3.4636	3.2555	3.2305	3.5182	3.2356	3.258	3.3408	3.1507	3.5618	3.4625	3.2285	3.3157	3.258	3.3576	3.404	3.0626	3.3336	3.4687	3.3481	3.6005	3.6198	3.736	3.7773	3.4604	3.7161	3.6709	3.805	3.798	3.9805	3.7828	3.8247	3.4498	3.3335	3.9794	3.771	3.8761	4.1268	4.3789	4.6059	4.5415	4.1882	4.4194	4.3194	4.1753	4.425	4.4554	4.6626	4.4152	4.4324	4.3885	4.2739	4.5963	4.7412	4.7076	4.4332	4.6158	4.5814	4.5324	4.5092	4.5253	4.8811	4.9043	4.8056	4.8186	4.5989	4.8187	5.0038	4.8858	5.1383	5.062	4.797	5.3004	5.2138	5.2921	4.9813	5.5874	5.4122	5.4664	5.4917	5.1479	5.3364	5.1887	5.3517	5.3713	5.7477	5.2471	5.0445	5.2255	5.0319	5.4779	4.9965	5.2855	5.1017	4.996	5.0891	5.2098	5.2993	5.4705	5.1592	4.8679	5.4239	5.2107	5.1519	4.9283	4.437	4.8491	4.9131	4.7703	4.865	4.7378	4.517	4.3674	4.4603	4.4698	4.2181	4.1369	4.086	4.1618	4.2873	4.1506	3.9042	4.2907	4.292	3.9232	4.1265	4.1364	4.1199	4.033	4.145	4.3116	4.0634	4.1542	4.2551	4.046	3.9607	3.8649	4.4807
chr3	4580000	5585000	4.1103	3.5128	3.8188	3.5515	3.6256	3.5827	3.5343	3.1926	3.3419	2.9735	3.0505	2.6228	2.9998	3.09	2.7284	2.9238	2.8043	3.1469	2.9334	2.8976	2.8077	2.6893	2.811	3.4377	2.9476	3.0588	2.8735	3.0828	2.9449	3.283	3.2371	3.1201	3.497	3.1487	2.9968	3.4268	3.4208	3.4948	3.355	3.1706	3.6806	3.4845	3.818	3.5098	3.6929	3.5909	3.655	3.5234	3.7633	3.2907	3.415	3.5625	3.5708	3.6519	3.578	3.5412	3.3559	3.4443	3.4	3.3096	3.1741	3.7468	3.1551	3.3837	3.469	3.2532	3.1491	3.4564	3.1251	3.2118	3.2356	3.1712	3.4239	3.2505	3.3057	3.2069	3.2783	3.2774	3.3983	2.9856	3.3026	3.4852	3.257	3.484	3.6023	3.627	3.6665	3.3923	3.5476	3.6667	3.7294	3.5541	3.8444	3.4959	3.5605	3.3833	3.2835	3.9291	3.6213	3.8938	4.0334	4.2809	4.557	4.5623	4.055	4.2026	4.2877	4.1933	4.3932	4.2604	4.3984	4.4202	4.4562	4.4465	4.1794	4.4529	4.625	4.6263	4.3781	4.6887	4.6149	4.4622	4.4956	4.502	4.6515	4.7611	4.7683	4.8358	4.392	4.7561	4.7605	4.6541	4.9806	5.0879	4.7045	5.0777	5.1861	5.1166	4.9789	5.4247	5.2248	5.3487	5.2565	5.0103	5.3785	5.0718	5.3393	5.3944	5.7927	5.3349	5.1376	5.339	5.1121	5.4023	4.9303	5.2925	4.9967	4.929	5.0217	5.1401	5.2171	5.3325	5.0827	4.8965	5.4165	5.1973	5.2614	4.9538	4.4634	4.8195	4.8873	4.7899	4.8558	4.8611	4.5608	4.5	4.5119	4.5825	4.4221	4.3662	4.1547	4.2416	4.2758	3.994	4.0714	4.2562	4.233	3.9424	4.1459	4.2183	4.3395	4.0902	4.0397	4.3113	4.1491	4.2805	4.1957	4.1538	3.9757	3.8297	4.4363
chr3	4585000	5590000	4.1015	3.445	3.8354	3.5489	3.6957	3.8123	3.7394	3.5471	3.5781	3.2496	3.1804	3.0007	3.1047	3.0177	2.7713	2.8534	2.6341	2.9348	2.6285	2.7551	2.7137	2.7145	2.8091	3.3691	2.8893	3.0224	2.8574	3.0048	2.951	3.184	3.4062	3.2001	3.3859	3.1515	2.8832	3.2561	3.4627	3.4917	3.348	3.1998	3.7178	3.4711	3.7431	3.5867	3.8301	3.6379	3.7042	3.6101	3.8833	3.3361	3.3654	3.5257	3.5414	3.54	3.4233	3.3443	3.195	3.3781	3.2952	3.0707	3.0895	3.4751	3.1954	3.3652	3.2621	3.1226	3.1033	3.4656	3.0974	3.2462	3.1744	3.1315	3.239	3.1641	3.2165	3.0786	3.1748	3.2145	3.1829	2.9003	3.1419	3.4729	3.044	3.3413	3.4879	3.5508	3.6845	3.3749	3.4441	3.4128	3.5353	3.3512	3.6832	3.4316	3.4052	3.1844	3.1698	3.8471	3.5362	3.7204	3.9235	4.1991	4.3844	4.399	4.0804	4.1923	4.0971	4.0766	4.2033	4.249	4.405	4.1785	4.3885	4.3879	4.0053	4.4016	4.5104	4.5802	4.24	4.5783	4.4663	4.361	4.2975	4.5304	4.6081	4.7669	4.645	4.6097	4.312	4.7609	4.7173	4.7332	4.9966	5.0566	4.6016	4.9964	5.0511	5.0612	4.8132	5.3894	5.0511	5.1766	5.1741	4.7648	5.1355	5.0894	5.3584	5.5509	5.7961	5.372	5.0408	5.3352	5.1297	5.4941	4.9155	5.2852	5.0465	4.9216	5.1221	5.129	5.3022	5.3848	5.0741	4.8478	5.156	5.326	5.1043	4.9799	4.5727	4.9041	4.9562	4.7985	4.914	5.024	4.7703	4.5985	4.6015	4.5891	4.4452	4.4642	4.2803	4.3322	4.4893	4.1128	4.0981	4.2687	4.2438	3.9276	4.0802	4.3357	4.4614	4.1435	4.1585	4.4382	4.2711	4.2468	4.251	4.1824	4.0552	4.0282	4.4547
chr3	4590000	5595000	4.1374	3.5356	3.9231	3.5712	3.7633	3.9681	3.9576	3.7109	3.7379	3.5059	3.3677	3.2493	3.1677	3.0564	2.7657	2.806	2.5478	2.7419	2.5267	2.7548	2.748	2.4734	2.6803	3.1972	2.8446	2.9729	2.8862	3.048	3.0155	3.2109	3.3474	3.1374	3.4739	3.2335	3.0489	3.253	3.4374	3.4807	3.3666	3.2712	3.698	3.3414	3.6854	3.6281	3.8044	3.6036	3.8454	3.6838	3.8779	3.4051	3.241	3.4134	3.403	3.435	3.311	3.3512	3.011	3.1968	3.248	3.0054	3.0874	3.4687	3.0688	3.3336	3.2896	3.112	3.1697	3.2734	2.9863	3.2515	3.1371	3.1786	3.3689	3.0935	3.1878	3.0822	3.1259	3.1252	3.0927	2.8871	3.2745	3.3832	2.9572	3.1933	3.2764	3.4026	3.4656	3.176	3.2702	3.2805	3.3938	3.2344	3.5503	3.1989	3.2775	3.1825	3.093	3.5148	3.5567	3.6375	3.7711	4.0571	4.3203	4.2012	4.0265	4.1687	3.9042	3.9511	4.0601	4.2289	4.3515	4.0456	4.1817	4.3423	3.8877	4.3701	4.4468	4.3938	4.2961	4.5962	4.5503	4.3353	4.2458	4.3405	4.5747	4.7253	4.7221	4.5306	4.2234	4.7777	4.5393	4.5854	4.855	4.9407	4.4647	4.8901	4.8679	4.9784	4.6664	5.2971	4.9014	5.125	5.1464	4.706	5.1857	5.0669	5.322	5.5164	5.6188	5.2397	5.1175	5.3224	5.1929	5.5175	4.9053	5.3981	5.0632	5.0485	5.1297	5.1351	5.3106	5.3651	5.026	4.7879	5.0821	5.0543	5.0277	5.0203	4.6315	4.8947	5.0688	4.8297	4.8061	5.1187	4.9524	4.8071	4.6424	4.8816	4.4899	4.5712	4.2567	4.4173	4.569	4.2161	4.2301	4.3084	4.3588	3.9957	4.2174	4.4038	4.59	4.2782	4.2032	4.4167	4.3819	4.2652	4.2621	4.1148	3.9925	3.9485	4.4184
chr3	4595000	5600000	4.2676	3.7766	4.2534	3.8077	4.0381	4.0405	4.1375	3.807	3.7447	3.5911	3.2656	3.261	3.228	3.1293	2.7785	2.8031	2.6237	2.8389	2.5464	2.6413	2.6881	2.4469	2.6466	3.106	2.8277	2.9435	2.9111	3.2352	2.9946	3.2876	3.4269	3.2029	3.6136	3.2978	3.1429	3.3136	3.5729	3.4696	3.3571	3.1365	3.9025	3.4754	3.8643	3.8048	3.765	3.7944	3.8107	3.5248	3.8372	3.2547	3.0823	3.3981	3.2654	3.3845	3.1449	3.1027	2.9267	3.1469	3.2507	2.904	3.002	3.3063	3.0301	3.2916	3.1107	3.1206	2.93	3.2303	2.8866	3.2429	2.9961	3.0393	3.3585	3.0366	3.1669	2.9268	3.0071	3.0541	2.9827	2.8569	2.8845	3.2345	2.8038	3.2554	3.1639	3.2249	3.3483	3.0464	3.1323	3.1753	3.3801	3.1844	3.4404	2.9874	3.2184	3.1337	2.9845	3.285	3.3448	3.4538	3.5372	3.9089	4.1033	4.0552	3.8349	3.8116	3.742	3.9061	3.9083	4.1033	4.1402	3.9095	4.0721	4.2375	3.7126	4.3816	4.4527	4.3373	4.3149	4.6057	4.4371	4.192	4.3144	4.305	4.5489	4.6091	4.778	4.4937	4.1743	4.6644	4.4551	4.3666	4.6234	4.8539	4.4481	4.6637	4.8029	4.7692	4.6393	5.0155	4.8664	5.0807	4.9259	4.6351	5.0545	4.8605	5.1218	5.2621	5.3918	5.2543	4.9866	5.2988	5.2368	5.4378	4.9909	5.305	5.0785	5.0078	5.1621	5.1896	5.4454	5.3869	5.1225	4.7827	5.0783	4.9028	5.0456	5.0076	4.5486	4.9415	5.1175	4.958	4.9516	5.1677	4.8356	4.8299	4.6552	4.886	4.6795	4.5959	4.5516	4.4784	4.6545	4.2582	4.3784	4.4087	4.4736	4.1407	4.1982	4.4037	4.5262	4.3959	4.2452	4.379	4.4719	4.382	4.23	4.0977	4.028	3.9038	4.4689
chr3	4600000	5605000	4.2728	3.8839	4.3135	3.9831	4.325	4.2202	4.1622	4.0089	3.7103	3.6288	3.3441	3.4788	3.3521	3.1809	2.8439	2.994	2.832	2.9539	2.729	2.6799	2.8403	2.5092	2.6855	3.0756	2.828	2.8106	2.9965	3.2956	3.0348	3.282	3.6198	3.3814	3.7506	3.4307	3.3651	3.2958	3.6384	3.5387	3.3221	3.1158	3.9541	3.4933	3.8684	3.8387	3.7851	3.8302	3.6288	3.4292	3.6021	3.135	2.988	3.3464	3.1647	3.1296	3.1026	3.1805	2.9198	3.2536	3.2403	2.9874	2.9768	3.3692	3.0513	3.2914	3.043	3.1866	2.885	3.174	2.8987	3.3002	2.9562	2.8743	3.2509	3.0362	3.1092	2.9646	2.936	3.0629	3.0095	2.8349	2.8882	3.3131	2.7508	3.081	3.0621	3.19	3.3028	3.1012	3.1166	3.1702	3.3471	3.216	3.445	3.0794	3.3115	3.2248	2.9482	3.2094	3.23	3.441	3.4718	3.7896	3.9386	3.9381	3.692	3.6916	3.7305	3.7876	3.8158	3.9973	4.0292	3.7601	4.1101	4.1694	3.5606	4.3938	4.2942	4.297	4.1661	4.4982	4.3071	3.9789	4.2372	4.272	4.4487	4.482	4.649	4.4284	4.0717	4.5923	4.405	4.3637	4.4436	4.7099	4.2584	4.4743	4.5913	4.6366	4.5953	4.9662	4.6774	5.0077	4.8454	4.4408	4.8536	4.7452	4.9553	5.1797	5.213	5.0041	4.8685	5.2446	5.1374	5.3913	4.8206	5.2698	5.0621	5.0575	5.0914	5.1305	5.4142	5.4178	5.0172	4.8924	4.9445	4.9038	4.9689	5.0112	4.5797	4.8631	4.9345	4.9451	4.913	5.1117	4.7357	4.7073	4.4995	4.8761	4.7304	4.5905	4.4625	4.7108	4.8807	4.4385	4.5098	4.491	4.451	4.0686	4.2777	4.4096	4.4775	4.2973	4.2624	4.398	4.425	4.402	4.2768	4.1443	3.9914	3.9501	4.3628
chr3	4605000	5610000	4.0818	3.9474	4.234	4.0538	4.2123	4.1637	3.9847	3.9668	3.597	3.3578	3.1282	3.3768	3.2975	3.4092	2.9856	3.2142	2.9878	3.0964	2.976	2.8042	2.9742	2.608	2.7031	3.0834	2.805	2.868	3.144	3.2348	3.1629	3.2553	3.7134	3.3406	3.7079	3.3628	3.5045	3.2974	3.6874	3.5379	3.4116	3.2509	3.9754	3.4759	3.8271	3.8108	3.5829	3.6758	3.5214	3.2527	3.3913	3.0947	2.9254	3.248	3.064	3.1375	3.1405	3.1802	3.0249	3.3028	3.0971	3.0827	2.9748	3.4494	3.1249	3.2492	3.0319	3.0687	2.8573	3.1807	2.808	3.2494	2.9605	2.9565	3.1001	3.0049	3.0012	2.8065	2.8371	2.9118	3.0782	2.6829	2.7072	3.2184	2.6859	2.9665	2.9065	3.266	3.3556	3.0873	3.1263	3.1216	3.2853	3.3101	3.4107	2.987	3.3404	3.277	3.0746	3.1136	3.1511	3.2948	3.377	3.5964	3.8699	3.7372	3.5106	3.6274	3.6703	3.7892	3.7052	3.8638	3.9749	3.7907	4.0077	4.1534	3.6315	4.3043	4.2614	4.3059	4.2528	4.6516	4.2631	4.0301	4.219	4.3031	4.3718	4.3338	4.5761	4.3719	3.9783	4.5393	4.3158	4.2698	4.5189	4.5926	4.1503	4.5669	4.4912	4.6498	4.5111	5.0046	4.4781	4.767	4.8999	4.3773	4.83	4.7694	4.8513	5.1724	5.1398	4.968	4.7505	5.0257	4.8939	5.3986	4.9626	5.2075	4.9675	5.1266	5.1099	5.3056	5.4396	5.4245	5.0577	4.8985	4.9456	4.963	5.0214	4.9101	4.6552	4.8373	4.8743	4.8527	4.7651	4.9897	4.8066	4.7596	4.6134	4.9153	4.7189	4.7714	4.701	4.783	4.9434	4.5762	4.6672	4.724	4.6401	4.2521	4.387	4.4386	4.3972	4.4365	4.2973	4.401	4.5966	4.5297	4.3557	4.2945	4.0639	3.9597	4.3894
chr3	4610000	5615000	4.0301	4.0233	3.9072	3.6633	3.7349	3.7929	3.7546	3.717	3.5523	3.358	3.2214	3.2826	3.3718	3.487	3.2255	3.3127	3.1349	3.4555	3.1036	3.001	3.1917	2.8063	2.8418	3.0959	2.9223	2.8776	3.1539	3.2214	3.1352	3.3305	3.617	3.3939	3.6933	3.2953	3.3906	3.4023	3.7669	3.5331	3.5226	3.175	3.9396	3.4702	3.6307	3.6287	3.3072	3.6004	3.3243	3.0998	3.2247	2.8194	2.937	3.1296	3.1703	3.0937	3.1532	3.2247	2.9201	3.3536	3.1139	3.1727	2.8659	3.3317	2.9484	3.1786	3.0923	3.0967	2.8008	3.1712	2.9247	3.2276	2.913	2.9815	3.0556	2.7783	2.8121	2.8178	2.6783	2.8111	2.9644	2.6589	2.5528	2.9954	2.7583	3.0434	2.9251	3.1713	3.3023	3.0912	3.1477	2.9928	3.1636	3.2942	3.4006	3.0667	3.3077	3.2915	3.034	3.1129	3.2301	3.2367	3.1026	3.5717	3.7517	3.5891	3.5327	3.5207	3.5928	3.64	3.594	3.8629	3.9289	3.9122	3.9995	3.9938	3.6459	4.2768	4.356	4.2107	4.1726	4.4609	4.1485	4.0473	4.2603	4.2171	4.3349	4.3389	4.618	4.2874	3.9142	4.3919	4.3366	4.1384	4.503	4.5357	4.2723	4.4608	4.5575	4.5751	4.4046	4.903	4.4816	4.7464	4.8363	4.4698	4.696	4.6497	4.8738	5.0741	4.9483	4.9128	4.6934	4.9065	4.7695	5.2771	4.7084	5.2526	4.7941	5.2353	4.9261	5.1587	5.3792	5.3806	5.1028	4.906	4.9932	4.8432	5.019	5.024	4.6329	4.833	4.8379	4.7998	4.6787	4.8346	4.7923	4.7225	4.6121	4.9494	4.8235	4.7077	4.6115	5.1089	5.0271	4.7125	4.7695	4.7323	4.6811	4.512	4.5982	4.3681	4.5259	4.4209	4.3175	4.4696	4.5471	4.5878	4.2681	4.2204	4.1922	4.05	4.4381
chr3	4615000	5620000	3.9091	3.8322	3.2582	3.2437	3.3272	3.49	3.5265	3.633	3.4249	3.3391	3.3527	3.4834	3.4728	3.5638	3.3267	3.4123	3.2873	3.4648	3.2315	3.2508	3.3725	3.1471	3.1753	3.2948	3.1464	2.9221	3.249	3.2354	3.1153	3.2996	3.4416	3.1008	3.5948	3.301	3.3787	3.52	3.8437	3.6506	3.5168	3.2078	3.7998	3.2972	3.4884	3.3176	3.1523	3.4684	3.0674	2.8968	3.1908	2.7396	2.8816	3.0576	3.144	3.1659	3.1483	3.1166	2.9265	3.3169	3.1062	3.1229	2.8086	3.3294	2.9016	3.1975	3.0172	3.0625	2.9418	3.2475	2.869	3.041	2.9862	2.8445	3.0193	2.7313	2.6265	2.6191	2.6896	2.58	2.861	2.5763	2.4389	3.0749	2.6732	2.8759	2.9969	3.0793	3.2828	3.0493	3.1349	3.16	3.1725	3.3179	3.409	3.0326	3.2436	3.2056	2.9036	3.1163	3.3107	3.1196	3.2169	3.5848	3.6824	3.4855	3.4518	3.5258	3.5286	3.6224	3.4534	3.8609	3.8017	3.7704	4.0154	3.8719	3.6769	4.2117	4.2072	4.1965	4.0609	4.4589	4.0678	4.1017	3.9859	4.1461	4.2707	4.3085	4.4314	4.1509	3.9254	4.2717	4.1574	3.9889	4.4899	4.5335	4.1929	4.3805	4.4802	4.4733	4.3309	4.7452	4.455	4.6921	4.8085	4.5355	4.6879	4.4752	4.7742	4.9906	4.8134	4.8614	4.6464	4.8936	4.703	5.2122	4.739	5.1959	4.7959	5.2427	4.9503	5.2369	5.3495	5.3068	5.232	4.9317	4.9335	4.9281	4.996	5.1075	4.6966	4.6782	4.8274	4.7886	4.8098	4.7883	4.8311	4.7108	4.6792	5.1111	4.8345	4.6989	4.7058	5.1192	5.104	4.8199	4.7475	4.8191	4.9613	4.6441	4.7496	4.5355	4.6492	4.556	4.536	4.7146	4.57	4.6547	4.4848	4.3456	4.3035	4.1849	4.3227
chr3	4620000	5625000	3.9432	3.4367	3.0453	2.8387	3.0904	3.3208	3.3286	3.5917	3.2718	3.3039	3.269	3.4996	3.5836	3.7985	3.448	3.3857	3.2866	3.6215	3.3119	3.3383	3.6094	3.3144	3.376	3.6284	3.4473	3.1005	3.3344	3.2726	3.2295	3.2749	3.5937	3.2557	3.5308	3.3763	3.4005	3.5092	3.8119	3.6433	3.5132	3.1729	3.6814	3.2032	3.3724	3.0671	3.0452	3.2471	3.0108	2.9333	3.2948	2.823	2.7495	3.0578	3.1755	3.1178	3.1562	3.1253	2.8367	3.3274	3.1742	3.1321	2.8072	3.3356	2.9719	3.1474	3.099	3.0063	2.9336	3.1694	2.7803	3.0752	2.9626	2.7746	3.001	2.5685	2.6252	2.5342	2.6964	2.3998	2.7673	2.4663	2.4352	2.9999	2.7164	2.9864	3.045	3.0312	3.2331	3.0763	3.0837	3.0727	3.2143	3.269	3.3769	3.08	3.3367	3.0918	2.9965	3.0516	3.1887	3.1311	3.1829	3.624	3.7554	3.5405	3.3902	3.5104	3.5055	3.399	3.4716	3.783	3.6017	3.7078	3.9709	3.7612	3.791	4.0863	4.1641	4.107	3.9547	4.3777	3.9577	3.9221	3.8447	4.0724	4.2082	4.263	4.3596	4.0169	3.9678	4.164	4.1391	3.954	4.4477	4.4119	4.0745	4.28	4.4963	4.4074	4.3009	4.6022	4.3551	4.5709	4.6423	4.3762	4.702	4.4249	4.7795	4.8564	4.7891	4.6921	4.5241	4.7697	4.5915	5.1094	4.692	5.1387	4.7145	5.0917	4.8673	5.2593	5.3156	5.2239	5.2349	4.9506	5.0085	4.9377	5.0747	5.0086	4.7099	4.7023	4.9253	4.8887	4.8129	4.7563	4.9236	4.7883	4.7465	5.0728	4.7643	4.6906	4.7482	5.1634	5.1125	4.9124	4.7788	4.9066	5.1429	4.771	5.0346	4.6992	4.6364	4.7056	4.5889	4.7146	4.6497	4.7788	4.5045	4.5023	4.2596	4.1927	4.5453
chr3	4625000	5630000	3.9593	3.4794	3.3743	2.7989	3.1842	3.3021	3.311	3.5741	3.4187	3.4662	3.2002	3.5528	3.6834	3.8414	3.5708	3.6311	3.5178	3.7734	3.6504	3.3301	3.8734	3.6038	3.612	3.9061	3.689	3.3779	3.3611	3.4513	3.4242	3.3992	3.8059	3.3509	3.5783	3.3281	3.3852	3.3499	3.6649	3.5799	3.3732	3.0158	3.5199	3.0783	3.1409	2.9377	3.0065	3.1532	3.0108	2.9139	3.2374	2.7002	2.8189	3.013	3.1064	3.0317	3.1774	3.1224	2.7933	3.2662	3.0689	3.0826	2.935	3.3809	3.0698	3.0294	2.9204	2.912	2.9336	2.9625	2.7598	2.9562	2.879	2.7477	2.6991	2.5544	2.5572	2.4396	2.6296	2.3507	2.6938	2.2761	2.3901	2.8169	2.6478	2.9782	2.8908	2.982	3.0627	3.1157	2.969	3.0176	3.1184	3.3152	3.3331	3.0756	3.3365	3.0744	2.9361	2.9937	3.0713	2.9337	3.1509	3.5315	3.6662	3.4732	3.3211	3.3645	3.3778	3.2138	3.4696	3.758	3.6632	3.5205	3.9696	3.6161	3.7066	3.9977	3.8574	3.8632	3.8895	4.2432	3.875	3.7292	3.7571	3.8417	4.1672	4.0383	4.2621	4.0796	3.9056	4.1581	4.2077	4.016	4.3748	4.3896	4.2156	4.1858	4.4056	4.1994	4.1991	4.5792	4.3579	4.5969	4.6259	4.2364	4.5951	4.4555	4.6491	4.7285	4.7072	4.5777	4.4723	4.7138	4.4928	5.0006	4.5567	5.1163	4.5622	4.9768	4.7063	5.1378	5.1732	5.1223	5.2341	4.823	5.0349	4.9133	5.0421	4.9859	4.7639	4.7319	5.0923	4.8943	4.99	4.8113	4.8961	4.8192	4.7563	5.1089	4.7988	4.856	4.8215	5.1655	5.278	4.8763	4.9262	4.9779	5.1893	4.9222	5.0331	4.8741	4.8027	4.8363	4.7235	4.7309	4.7081	4.8149	4.5349	4.4564	4.2379	4.1875	4.5286
chr3	4630000	5635000	4.2018	3.6292	3.7047	3.1981	3.6308	3.3972	3.6129	3.5641	3.4909	3.471	3.2941	3.5055	3.8012	3.8078	3.5428	3.7245	3.5903	3.8756	3.8713	3.6274	3.9808	3.8156	3.6815	3.9791	3.8667	3.5053	3.6417	3.6494	3.6079	3.5083	3.8804	3.5152	3.4072	3.3986	3.1869	3.3604	3.3455	3.2819	3.1524	2.8292	3.2335	2.8404	2.9594	2.875	3.0141	3.0864	3.0289	2.8749	3.1649	2.7092	2.6511	3.0196	3.0868	2.9225	3.1037	3.1261	2.5723	3.1732	3.0537	3.0764	2.7674	3.333	3.0445	3.112	2.9349	2.8458	2.7468	2.8714	2.5993	2.8572	2.7067	2.5706	2.7028	2.4813	2.6207	2.5688	2.6714	2.3547	2.6709	2.3927	2.382	2.792	2.6276	2.9755	2.8318	2.9378	3.0005	2.9075	2.8919	2.9825	2.9669	3.1799	3.1619	2.9703	3.2037	2.9569	2.8767	2.9463	2.9948	2.8325	3.1492	3.3627	3.4786	3.4422	3.4245	3.384	3.3556	3.1868	3.2639	3.6831	3.5721	3.4178	3.7523	3.5233	3.5103	3.8466	3.6291	3.8048	3.7097	4.1563	3.707	3.6623	3.5479	3.6808	3.9439	4.0139	4.0742	3.9381	3.8517	4.0734	4.1491	3.9518	4.3523	4.3433	4.02	4.0967	4.2504	4.1295	4.1254	4.3897	4.3909	4.4736	4.5455	4.2353	4.413	4.2734	4.4161	4.6239	4.6436	4.5138	4.3186	4.5605	4.5133	4.8415	4.5249	4.9204	4.4514	4.9236	4.5822	4.9824	4.9932	4.9742	5.0342	4.7438	4.9635	4.9899	5.075	4.9662	4.7072	4.6837	5.1844	4.9016	5.0339	4.8741	4.9962	4.8205	4.7703	5.178	4.673	4.9411	4.7973	5.1425	5.1988	4.9052	4.9289	5.0153	5.2774	4.6992	5.0268	4.9887	5.0125	4.8886	4.9383	4.8269	4.766	4.8825	4.5791	4.6411	4.3641	4.354	4.6487
chr3	4635000	5640000	4.2568	3.645	3.8143	3.6323	4.0357	3.758	3.909	3.7583	3.6886	3.5968	3.4388	3.5851	3.9007	3.8903	3.5807	3.7872	3.85	3.8983	3.9875	3.8352	4.0577	4.0011	3.8185	4.143	3.9448	3.8254	3.8881	3.961	3.6925	3.7596	3.9201	3.6438	3.4563	3.3	3.1749	3.2272	3.0494	3.0911	3.0065	2.7104	3.1283	2.7232	2.8912	2.8825	2.808	3.0035	2.9109	2.7472	3.0828	2.7062	2.7744	3.0436	2.9799	2.9199	2.9412	3.0253	2.6033	3.1359	3.0823	3.0691	2.7731	3.2124	2.9443	3.0184	2.905	2.709	2.7313	2.7316	2.4104	2.6352	2.6667	2.4166	2.668	2.4223	2.7129	2.5028	2.6558	2.4106	2.644	2.3679	2.3746	2.6912	2.6998	2.9672	2.7114	2.8159	3.0274	2.9211	2.891	2.942	3.0603	3.1534	3.0789	3.0054	3.2035	2.8949	2.7348	2.9135	2.9349	2.8176	3.209	3.3439	3.4512	3.3533	3.3286	3.3155	3.3182	3.19	3.3389	3.4977	3.4588	3.4017	3.6157	3.5037	3.5368	3.7489	3.5674	3.6008	3.5728	3.9378	3.6004	3.6253	3.5438	3.5397	3.915	3.966	4.1462	3.7887	3.8199	3.9646	4.0449	3.7897	4.4378	4.4533	4.0122	4.0737	4.171	4.2134	4.0275	4.2547	4.3643	4.4743	4.515	4.2331	4.3986	4.1435	4.5207	4.5552	4.494	4.492	4.3914	4.623	4.4211	4.6793	4.3656	4.8705	4.273	4.8587	4.6482	4.7745	4.9569	4.6685	4.9804	4.5303	4.9424	4.8931	5.0064	5.0175	4.6941	4.8711	5.1143	4.9608	4.9688	4.9179	4.8711	4.8256	4.9552	5.1485	4.6832	5.025	4.7299	5.1211	5.1923	4.8405	4.9914	5.0027	5.3191	4.6025	5.0175	5.143	5.0619	5.0942	5.0365	4.9765	4.982	4.959	4.741	4.7635	4.5163	4.6398	4.6994
chr3	4640000	5645000	4.2944	3.8841	4.1825	3.8392	4.3344	4.3043	4.2647	4.2078	4.2328	4.0105	3.788	3.7625	4.125	4.0721	3.8702	3.9155	4.001	4.1087	4.2264	4.0207	4.1164	4.0205	3.944	4.4078	3.9863	4.0206	4.0138	4.1464	3.8822	3.8852	4.042	3.8809	3.5588	3.2783	3.0906	3.0533	2.9538	2.8792	2.916	2.637	3.0527	2.6438	2.8176	2.8395	2.7438	2.9434	2.8985	2.8515	2.9775	2.7032	2.7087	2.9085	3.0056	2.8519	2.8665	3.0642	2.6622	3.1619	3.1078	3.0708	2.7214	3.304	2.9676	2.9324	2.7736	2.5766	2.6931	2.606	2.3254	2.4621	2.5516	2.2821	2.6554	2.4341	2.7441	2.6108	2.7544	2.4493	2.7821	2.3722	2.298	2.7941	2.6117	2.986	2.6318	2.7393	2.9019	2.7888	2.8721	3.0752	2.9724	3.1482	3.0404	3.0347	3.061	2.9498	2.6788	2.9745	2.866	2.723	3.158	3.3449	3.5355	3.2811	3.3258	3.273	3.3204	3.1856	3.3084	3.6211	3.3977	3.3069	3.5923	3.5976	3.4882	3.7291	3.5233	3.4645	3.6793	3.903	3.5482	3.4329	3.4196	3.5851	3.8199	3.8855	4.0071	3.8351	3.7031	3.8741	4.1006	3.7467	4.1113	4.2325	3.9584	4.0577	4.1406	4.1163	4.0299	4.3187	4.2913	4.4681	4.2999	4.1954	4.3641	4.2244	4.2333	4.3842	4.4998	4.375	4.3487	4.6216	4.4128	4.6567	4.3103	4.768	4.3005	4.814	4.5768	4.6353	4.8917	4.6537	4.911	4.5732	4.6558	4.7592	5.0082	5.0119	4.6638	4.8682	5.0749	5.1539	4.995	5.0835	4.9459	4.8348	4.9693	5.1814	4.7512	4.9093	4.8002	5.0989	5.1157	4.8986	5.0586	4.9838	5.1278	4.5961	5.0358	5.278	5.0712	5.0225	4.9423	5.1193	5.0449	5.117	4.8648	4.8631	4.6669	4.7054	4.7514
chr3	4645000	5650000	4.422	3.8944	4.1281	4.1491	4.5513	4.5863	4.5722	4.4796	4.5143	4.2673	4.199	4.222	4.4099	4.2746	4.0373	4.1231	4.0685	4.1209	4.2321	4.0892	4.0465	4.0718	4.1281	4.4759	4.1115	4.0983	4.1578	4.315	3.8662	3.8765	3.9324	3.8091	3.5062	3.1975	2.9639	3.0565	2.9876	2.9194	2.8702	2.6185	2.9844	2.6022	2.7276	2.7873	2.8024	2.9539	2.8238	2.7733	2.9449	2.645	2.7518	2.7981	2.9947	2.788	2.828	2.9209	2.6244	3.0219	3.0701	2.955	2.6225	3.1326	2.8208	2.807	2.6119	2.5765	2.5512	2.5306	2.3651	2.4374	2.5721	2.3257	2.6032	2.4767	2.8528	2.4986	2.5761	2.5376	2.6654	2.4229	2.2551	2.697	2.5887	2.7761	2.5583	2.5791	2.881	2.7519	2.7386	2.9377	2.9309	3.0378	2.9678	2.9803	3.0438	2.8696	2.5763	2.8952	2.8893	2.7549	3.1213	3.3014	3.3539	3.2227	3.0711	3.3052	3.3012	3.1719	3.2571	3.4285	3.1847	3.2958	3.5605	3.5376	3.3515	3.65	3.427	3.4482	3.5209	3.7429	3.4884	3.3744	3.3454	3.4806	3.5982	3.6693	3.9834	3.694	3.6011	3.8568	3.9553	3.7424	3.9954	4.0954	3.9741	3.8524	3.8406	4.1045	4.0124	4.2934	4.0868	4.3107	4.239	4.0816	4.1992	4.2194	4.2281	4.3878	4.3403	4.2558	4.286	4.4663	4.3292	4.5008	4.289	4.554	4.1634	4.7298	4.4304	4.4625	4.7661	4.6646	4.795	4.4399	4.6149	4.6637	4.8475	4.9197	4.6519	4.85	5.0596	5.0373	4.9008	5.0485	4.9613	4.8933	5.0909	5.1827	4.8017	4.9111	4.9524	5.0446	4.9644	4.9487	5.0772	4.8999	5.1291	4.6474	5.0144	5.3802	5.1957	5.2118	5.0242	5.2356	4.989	5.2354	4.9768	4.9521	4.8245	4.7646	4.8873
chr3	4650000	5655000	4.379	4.0059	4.188	4.1576	4.7166	4.7689	4.6542	4.7041	4.6349	4.7278	4.684	4.6263	4.7853	4.5283	4.3674	4.3188	4.2676	4.3009	4.3654	4.271	4.1766	4.2155	4.3207	4.4608	4.1946	4.1585	4.0972	4.1857	3.7717	3.8484	3.8491	3.7728	3.416	3.1995	3.0905	3.068	3.1498	2.8466	3.0135	2.7088	3.0873	2.5825	2.7742	2.6749	2.7585	2.9426	2.8706	2.8567	2.9945	2.6743	2.6665	2.8439	3.0105	2.8571	2.9123	2.8362	2.7136	2.9392	3.0536	2.9464	2.5796	3.0781	2.7376	2.7007	2.6336	2.5408	2.6278	2.6308	2.3495	2.5034	2.6276	2.4634	2.8604	2.586	2.9018	2.4716	2.6262	2.6099	2.653	2.4812	2.2722	2.8782	2.6139	2.7537	2.729	2.8266	2.9867	2.6672	2.7629	3.0119	2.9359	3.012	3.1364	2.9957	3.056	2.8661	2.6671	2.9897	2.942	2.9024	3.1751	3.4173	3.4273	3.2538	3.0502	3.2353	3.2571	3.3054	3.2416	3.4725	3.2921	3.2282	3.4669	3.5309	3.3183	3.4677	3.507	3.3795	3.4082	3.6324	3.4537	3.4225	3.2419	3.4045	3.5836	3.607	3.8113	3.7068	3.6361	3.9191	3.9943	3.7109	4.052	3.9531	3.8228	3.9505	3.9241	4.1071	4.0143	4.2402	4.0712	4.2652	4.2189	4.0582	4.2283	4.2481	4.1518	4.3175	4.3256	4.2046	4.2012	4.3532	4.3091	4.4927	4.1371	4.5178	4.1671	4.7468	4.4158	4.4169	4.8004	4.6168	4.7456	4.4692	4.5898	4.701	4.716	4.833	4.627	4.7623	4.9997	5.2036	4.7772	5.0938	5.0048	4.9228	5.1248	5.2366	4.9347	4.9477	5.0508	5.0589	5.0593	5.0322	5.0352	4.9207	5.1205	4.6749	4.8766	5.2027	5.1501	5.1805	5.0032	5.4379	5.0825	5.3283	4.8849	4.9749	4.9136	4.8606	5.0587
chr3	4655000	5660000	4.4715	4.0285	4.3616	4.1602	4.6515	4.861	4.9488	4.9615	4.9313	4.9582	4.8827	4.7814	4.9169	4.821	4.5413	4.5348	4.4362	4.4116	4.5427	4.2769	4.3588	4.3563	4.2571	4.5725	4.135	4.0172	3.9491	4.1049	3.6878	3.6959	3.5953	3.5243	3.4014	3.1497	3.2029	3.2169	3.0765	3.0279	3.0904	2.8481	3.067	2.6249	2.836	2.6387	2.78	2.8327	2.7253	2.7409	2.9463	2.6975	2.7012	2.8775	3.0806	2.8394	2.9091	2.9576	2.5595	2.8013	2.9592	2.642	2.5236	2.9594	2.585	2.5594	2.67	2.569	2.5883	2.6598	2.3607	2.5846	2.6137	2.486	2.7581	2.6634	2.9137	2.4582	2.6922	2.5994	2.6443	2.5463	2.2933	2.7512	2.7009	2.822	2.7503	2.7972	3.0612	2.5736	2.7402	3.0356	2.9481	3.0433	3.1397	2.9926	2.9695	2.7053	2.6927	2.9689	2.9725	2.8435	3.3222	3.3168	3.4029	3.3285	3.0903	3.3161	3.3038	3.3047	3.3123	3.4886	3.3335	3.1109	3.3753	3.4867	3.2394	3.5262	3.6551	3.3849	3.5125	3.7748	3.4843	3.2364	3.2553	3.3783	3.4609	3.5381	3.6828	3.6296	3.5407	3.7903	4.0125	3.6418	3.9598	3.8728	3.7862	3.9428	3.8475	4.06	3.8739	4.1303	3.9419	4.2964	4.2635	3.9709	4.1955	4.1331	4.1538	4.3782	4.3101	4.1759	4.0778	4.3662	4.2003	4.3921	4.1318	4.6141	4.1387	4.5354	4.3135	4.4225	4.6988	4.5855	4.7339	4.3722	4.5394	4.6256	4.7615	4.7878	4.5497	4.6616	4.915	5.0908	4.7354	5.1082	4.9693	4.9588	5.0553	5.4079	4.9594	4.8513	5.0202	5.0655	5.2003	5.057	5.0132	4.9837	5.1359	4.7394	4.9541	5.1233	5.0862	4.9721	4.891	5.1583	5.0849	5.1777	4.8562	5.0547	4.687	4.8177	5.0131
chr3	4660000	5665000	4.4425	4.0082	4.4937	4.3429	4.7157	4.8929	5.0331	5.1118	4.9244	4.8658	4.8548	4.8379	4.9347	4.9198	4.8242	4.7748	4.7684	4.7529	4.7911	4.5573	4.439	4.4512	4.1575	4.4829	3.8701	3.933	3.7834	3.81	3.5295	3.7179	3.5956	3.6495	3.3623	3.2046	3.263	3.3107	3.1668	3.1476	3.1842	3.0453	3.1969	2.7572	2.7976	2.8066	2.7677	2.8991	2.7085	2.58	2.8104	2.5854	2.5358	2.8321	2.9193	2.7354	2.7921	2.8437	2.4656	2.6515	2.7253	2.5238	2.3759	2.8645	2.5101	2.4593	2.6003	2.5489	2.5187	2.4982	2.3559	2.6422	2.461	2.4706	2.8439	2.645	2.7192	2.4693	2.6054	2.5399	2.6845	2.5258	2.2448	2.6808	2.6908	2.7253	2.6469	2.744	3.0006	2.57	2.7979	2.923	3.0155	3.0446	3.1086	2.9651	2.9947	2.6172	2.6527	2.8178	3.0065	2.8867	3.2495	3.2694	3.2002	3.2146	2.9817	3.2873	3.2771	3.2453	3.0719	3.3131	3.2174	3.0744	3.3526	3.39	3.2726	3.5124	3.6221	3.4358	3.4265	3.6933	3.5082	3.3239	3.2428	3.3385	3.3743	3.4697	3.7155	3.4836	3.403	3.6438	3.7882	3.6244	3.8064	3.726	3.5523	3.8289	3.8994	3.9057	3.8455	4.0898	3.7775	4.186	4.0962	3.8838	4.1868	4.1143	4.1418	4.224	4.2257	4.1194	4.0743	4.2783	4.2054	4.2673	4.1481	4.4055	3.9672	4.5208	4.2494	4.3666	4.5493	4.5027	4.5855	4.3294	4.4447	4.5712	4.6467	4.5876	4.403	4.4598	4.7228	4.9223	4.634	4.7793	4.7704	4.7763	4.7216	5.0743	4.6358	4.6958	4.8442	4.862	5.0648	4.9823	4.8379	4.9685	4.9588	4.5925	4.8403	5.0419	5.0407	4.727	4.7308	4.9924	4.9853	4.9928	4.8521	4.8104	4.6355	4.6432	4.838
chr3	4665000	5670000	4.594	4.0696	4.5639	4.4661	4.8801	4.9677	4.9108	4.9465	4.6701	4.8342	4.6717	4.7997	4.908	5.0436	4.927	4.9514	4.9444	5.1378	4.9704	4.6554	4.4622	4.3287	4.0583	4.394	3.8462	3.7335	3.549	3.7937	3.4833	3.5955	3.5602	3.7153	3.4266	3.141	3.368	3.2359	3.3431	3.3819	3.31	3.208	3.2452	2.799	2.9599	2.8623	2.8801	2.8887	2.8425	2.6575	2.7759	2.599	2.5756	2.747	2.8266	2.6763	2.6162	2.8054	2.4556	2.54	2.7342	2.4453	2.3686	2.7219	2.4803	2.5447	2.5202	2.5422	2.5005	2.6846	2.3738	2.5399	2.5587	2.3986	2.6973	2.7143	2.6718	2.6153	2.6201	2.514	2.6458	2.5042	2.3079	2.6557	2.7215	2.7282	2.7984	2.7728	3.0652	2.647	2.8129	3.0404	3.111	3.1207	3.0574	2.8945	3.0071	2.7903	2.7261	2.7613	2.915	3.0628	3.2301	3.1247	3.1999	3.0839	3.048	3.1937	3.2326	3.1062	3.1405	3.2495	3.1302	3.1621	3.4274	3.4279	3.2012	3.4769	3.5883	3.3489	3.4055	3.6139	3.5183	3.2189	3.1744	3.3338	3.4504	3.5401	3.6794	3.4187	3.3625	3.5597	3.7911	3.6249	3.6609	3.6723	3.61	3.7965	3.7881	3.8857	3.8098	3.9634	3.8044	4.1077	4.0679	3.8884	4.0537	4.1074	4.205	4.2649	4.2442	4.0603	4.0928	4.1615	4.1944	4.2866	4.143	4.4829	3.9549	4.5013	4.1845	4.3546	4.5741	4.4481	4.4589	4.2786	4.6071	4.5526	4.5327	4.5602	4.3448	4.4268	4.6069	4.9347	4.4929	4.7024	4.6134	4.6237	4.6298	5.1289	4.5812	4.863	5.044	4.9735	5.1318	5.0619	5.032	5.0085	5.1459	4.645	4.9757	5.0912	5.1027	4.8401	4.8727	5.0856	5.0931	4.9192	4.9308	4.8879	4.6575	4.7607	4.979
chr3	4670000	5675000	4.4379	4.1896	4.6103	4.4852	4.7241	4.9702	4.6828	4.8287	4.4946	4.8601	4.6555	4.8332	4.9725	5.2037	4.8716	5.0814	4.8285	5.1633	4.9107	4.6332	4.4249	4.2948	3.8989	4.1127	3.7685	3.4864	3.5085	3.6529	3.4848	3.6406	3.4723	3.7095	3.449	3.2434	3.5117	3.4066	3.458	3.3079	3.2812	3.3195	3.3034	2.9302	3.0995	2.8579	3.0039	2.9203	2.9714	2.6607	2.7501	2.4577	2.5676	2.7284	2.6783	2.5742	2.5071	2.643	2.1883	2.5104	2.7013	2.4213	2.2352	2.7248	2.4635	2.5303	2.5172	2.5877	2.6932	2.722	2.5107	2.6789	2.6228	2.4646	2.7659	2.6408	2.5749	2.6064	2.6974	2.4579	2.6639	2.5892	2.3243	2.6497	2.7981	2.714	2.8287	2.8497	2.9588	2.591	2.8478	3.2213	3.0324	3.2226	3.0302	2.9414	3.0493	2.7782	2.9281	2.8932	2.9721	3.0938	3.2052	3.1413	3.2726	3.092	3.044	3.2031	3.1467	3.0377	3.1807	3.3083	3.1944	3.1538	3.3134	3.3435	3.2736	3.4126	3.5032	3.278	3.2982	3.5637	3.5135	3.1555	3.2473	3.3532	3.2299	3.4684	3.6713	3.4036	3.1383	3.5354	3.6517	3.5165	3.6507	3.5602	3.391	3.6069	3.6581	3.8299	3.7146	3.877	3.7851	3.9573	3.9537	3.8044	4.063	4.0452	4.1955	4.2385	4.1573	4.0165	4.0319	4.0446	4.1438	4.2419	4.1231	4.4779	3.8483	4.422	4.1095	4.3284	4.4808	4.4056	4.3301	4.2487	4.6121	4.4732	4.5303	4.3788	4.27	4.263	4.4853	4.7923	4.4339	4.4958	4.6149	4.4755	4.5484	5.0677	4.4341	4.8334	4.9329	4.8472	5.0763	5.0526	5.0403	5.1699	5.1334	4.6605	5.0811	5.0987	5.0886	4.758	4.7623	5.0349	5.0051	4.8869	4.7032	4.8475	4.527	4.6384	4.9125
chr3	4675000	5680000	4.3026	4.1916	4.2603	4.4344	4.3346	4.6078	4.4535	4.6676	4.4166	4.68	4.4735	4.6952	4.9157	5.2418	4.7443	4.9845	4.5983	4.8428	4.7005	4.522	4.2029	4.2407	3.9324	4.1297	3.9059	3.4996	3.4694	3.6122	3.5095	3.5851	3.5378	3.5142	3.532	3.283	3.5514	3.5209	3.5778	3.2971	3.3417	3.1873	3.4501	2.975	3.0986	2.982	3.0275	2.9899	2.9989	2.6693	2.7381	2.4297	2.5774	2.5568	2.4166	2.4327	2.2867	2.4976	2.0262	2.4006	2.6406	2.4319	2.3554	2.6486	2.4885	2.574	2.5321	2.6627	2.5599	2.7192	2.5824	2.6315	2.5767	2.4474	2.7456	2.6643	2.4943	2.5441	2.6213	2.4784	2.8056	2.5311	2.3395	2.8252	2.7957	2.8035	2.8714	2.9044	3.0032	2.6592	2.7755	3.1917	3.1351	3.3042	3.0754	2.9473	3.084	3.0005	2.9365	2.882	3.0636	2.9615	3.1637	3.041	3.1186	3.1234	3.0506	3.1439	2.989	2.9283	3.1836	3.2668	3.0725	3.2092	3.2616	3.318	3.1566	3.3619	3.5142	3.3277	3.3572	3.3989	3.4082	3.1827	3.2503	3.3489	3.2262	3.4133	3.6802	3.4271	3.0223	3.5027	3.5787	3.2572	3.5897	3.3936	3.3574	3.4909	3.5861	3.6193	3.4099	3.8842	3.8037	4.0969	3.7748	3.7183	3.9349	3.8638	4.0744	4.0706	4.0321	4.0543	4.0981	4.0696	4.1358	4.2112	4.1225	4.4103	3.8532	4.413	3.9647	4.2631	4.5276	4.3756	4.4201	4.1165	4.5373	4.4104	4.4612	4.2896	4.1086	4.3116	4.3123	4.7475	4.2931	4.3684	4.5697	4.457	4.522	4.8392	4.4382	4.661	4.922	4.8048	5.0321	4.8993	5.0417	5.1231	5.2312	4.7434	5.0262	5.1748	5.124	4.8729	4.8118	5.0698	4.9385	4.9512	4.756	4.692	4.4084	4.6138	4.8315
chr3	4680000	5685000	4.2147	3.9691	3.7376	3.966	4.0287	4.4387	4.3634	4.5103	4.3795	4.6243	4.3322	4.6911	4.7126	5.0013	4.418	4.6787	4.2994	4.5648	4.4592	4.204	4.1451	4.124	3.8284	4.2785	3.9777	3.6044	3.6028	3.5715	3.4892	3.5984	3.6843	3.476	3.3956	3.2034	3.5107	3.479	3.4863	3.3514	3.4432	3.2155	3.6277	3.0022	3.2094	3.0013	3.0683	3.0727	3.0209	2.7838	2.9171	2.4588	2.5576	2.419	2.2902	2.304	2.2897	2.4156	2.0995	2.4035	2.5504	2.5172	2.4584	2.677	2.5565	2.7048	2.6505	2.7108	2.5889	2.586	2.6423	2.5414	2.6568	2.3753	2.7591	2.6991	2.5385	2.495	2.6371	2.4882	2.8338	2.5584	2.4974	2.8754	2.8677	2.8825	2.9247	2.8453	2.9426	2.6394	2.7653	3.1635	3.1129	3.2303	3.0375	3.0167	3.0707	3.0282	2.9729	2.9784	2.968	2.8485	3.258	2.9429	3.1969	3.1322	3.1126	3.1442	2.9506	2.9838	3.2686	3.3039	3.1117	3.2123	3.1809	3.3222	3.1511	3.28	3.3615	3.298	3.1916	3.3426	3.3379	3.1523	3.213	3.3375	3.289	3.4898	3.5603	3.434	3.0844	3.4325	3.6407	3.2666	3.5507	3.367	3.3137	3.3462	3.4487	3.5602	3.3529	3.7674	3.6104	3.9888	3.5588	3.6113	3.8698	3.6987	3.9893	4.0693	4.045	3.9763	4.0583	4.1868	4.1472	4.1379	3.9967	4.3428	3.7856	4.3261	3.8774	4.203	4.3202	4.3309	4.384	4.1088	4.3726	4.4565	4.3208	4.2444	4.1077	4.2302	4.4419	4.6935	4.3146	4.4243	4.4788	4.4306	4.4307	4.7386	4.3909	4.6363	4.9441	4.7785	5.0413	5.0956	5.0449	5.1372	5.2194	4.7465	5.1454	5.2596	5.2722	4.8881	4.8988	5.1509	4.9517	4.8915	4.9362	4.7026	4.4462	4.6943	4.7299
