# Variant Queried: chr3	4976067	4976790	reference
# Mapping to relative reference coordinates: chr3 4770000 5180000
# Bp to adjust after Variant: 0
chr3	4270000	5275000	4.3855	4.4525	4.4402	4.3591	4.6874	5.1018	4.711	4.7455	4.7017	5.3877	4.6567	5.4965	4.9662	5.3164	4.7594	5.4542	4.935	5.3121	5.8378	5.7322	5.696	5.4946	5.2053	5.3094	5.2343	5.0123	4.8052	4.8723	4.4418	4.7474	4.7098	4.1412	4.3821	4.0942	4.5063	4.4266	4.622	4.5792	4.9168	4.5825	4.9559	4.3191	4.6556	4.6271	4.7024	4.5868	5.0577	4.2562	4.2915	3.8844	3.6118	3.616	3.6269	3.2801	3.5539	3.3484	2.9848	2.8546	3.3733	3.0252	3.1335	3.2157	3.242	2.8743	3.1987	3.3448	3.1283	3.1443	2.9663	3.4089	3.137	3.036	3.3193	3.2895	3.3771	3.326	3.3654	3.3511	3.5805	3.2433	3.3728	3.69	3.761	4.0413	4.0021	4.0094	4.1522	3.8034	3.6957	3.8701	4.0543	4.3252	3.9265	4.0597	4.0692	4.1344	3.8143	4.1566	4.0165	4.1034	4.072	4.1615	4.4223	4.4696	4.2917	4.4844	4.6313	4.1842	4.626	4.9827	4.7118	4.4076	4.6706	4.606	4.8014	4.6773	4.6128	4.6942	4.5245	4.6266	4.8493	4.2375	4.2492	4.6459	4.5945	4.4283	4.5984	4.4252	4.335	4.4874	4.5256	4.0726	4.3517	4.6466	4.2327	4.2307	4.4778	4.3352	4.2787	4.9608	4.4796	4.6608	4.5372	4.4447	4.6855	4.313	4.8027	4.7067	4.646	4.1074	4.488	4.5941	4.4573	4.5191	4.558	4.6024	4.4505	4.7909	4.6097	4.6509	4.6328	4.6591	5.2131	4.7787	4.8432	4.8163	4.8908	5.1608	4.739	4.9194	5.1869	5.303	5.1838	5.1345	5.0262	5.0918	5.0685	5.4019	4.6578	4.8615	4.9447	4.781	5.4132	4.8914	4.7731	4.8321	4.8649	4.4879	4.7092	4.9032	4.5951	4.4554	4.4973	4.5327	4.4591	4.6262	4.4926	4.6401	3.9803	4.2234	4.5448
chr3	4275000	5280000	4.3447	4.3083	4.5362	4.5094	4.7753	5.0617	4.7168	4.6803	4.7812	5.1984	4.5095	5.3173	4.8253	5.051	4.5084	5.2515	4.7858	5.2867	5.6855	5.6927	5.571	5.6591	5.3709	5.5579	5.569	5.2561	5.2306	5.2579	4.9033	4.8427	4.9293	4.404	4.6647	4.3623	4.7307	4.5443	4.6346	4.5405	4.7114	4.5223	4.9684	4.6021	4.6401	4.723	4.8384	4.8049	5.1945	4.6214	4.7232	4.3293	4.131	3.9904	3.9927	3.7553	3.7883	3.6553	3.4101	3.1823	3.6293	3.0859	3.3066	3.2941	3.3209	2.9542	3.2631	3.4166	3.379	3.3911	3.0426	3.5259	3.2867	3.1164	3.5666	3.4352	3.5728	3.4784	3.7555	3.4201	3.7463	3.3819	3.4784	3.8521	3.8666	4.1053	4.1127	4.0387	4.1539	3.8152	3.6864	4.0468	4.074	4.2515	3.9318	4.1015	4.2232	4.0974	3.8548	4.2548	4.0929	4.2138	4.1781	4.2427	4.4738	4.4397	4.3912	4.5078	4.756	4.2242	4.7741	5.105	4.8798	4.4575	4.6971	4.6663	4.6841	4.5395	4.6661	4.6828	4.4807	4.5	4.7329	4.2201	4.1844	4.6054	4.7055	4.2769	4.6733	4.4331	4.2928	4.4916	4.539	4.0346	4.3401	4.567	4.2853	4.0733	4.5193	4.376	4.2291	4.9258	4.4452	4.6128	4.3164	4.2944	4.7201	4.3296	4.7988	4.5904	4.7283	4.166	4.4087	4.3563	4.3807	4.4543	4.4568	4.5981	4.3796	4.6371	4.5684	4.5836	4.5421	4.6445	5.0104	4.6837	4.9042	4.7563	4.9078	5.1549	4.624	5.088	5.3167	5.2474	5.3587	5.248	4.9907	5.0104	5.0145	5.3511	4.765	4.9476	5.0804	4.9542	5.273	4.9254	4.9714	5.0236	4.9523	4.6054	4.852	5.0906	4.7928	4.5794	4.7085	4.6387	4.5976	4.5479	4.5834	4.6391	3.9587	4.1439	4.4884
chr3	4280000	5285000	4.3395	4.3006	4.6048	4.4551	4.7992	5.0081	4.5908	4.6095	4.4588	5.0213	4.3519	4.941	4.5843	4.8565	4.4738	5.1164	4.7369	5.0554	5.5658	5.5996	5.3737	5.4999	5.2499	5.6046	5.6031	5.3235	5.3653	5.5239	5.1326	5.2098	5.3331	4.6776	4.8798	4.5225	4.9303	4.5476	4.5766	4.5116	4.7543	4.5333	4.9555	4.5612	4.5341	4.8226	4.9643	5.0401	5.3229	4.7693	4.8136	4.5984	4.3849	4.4014	4.3111	4.3226	4.124	3.9628	3.7057	3.5738	3.8703	3.2756	3.6019	3.4162	3.5149	2.9292	3.4148	3.3978	3.3889	3.5069	3.1418	3.6828	3.3952	3.1976	3.744	3.682	3.7344	3.4269	3.7855	3.6069	3.9525	3.4701	3.6878	3.799	3.7965	4.1269	4.2671	3.9858	4.0272	3.9647	3.7884	4.1284	4.2165	4.4075	3.9596	4.2622	4.1719	4.1491	3.8611	4.2945	4.0753	4.1985	4.3692	4.2078	4.5755	4.4931	4.4764	4.657	4.6796	4.3896	4.866	5.2034	4.7585	4.4163	4.7959	4.6713	4.7022	4.49	4.6064	4.5439	4.4337	4.4255	4.6222	4.1935	4.0595	4.5057	4.5223	4.228	4.708	4.3677	4.2366	4.4394	4.4466	4.0192	4.1044	4.5532	4.1776	4.0274	4.523	4.2484	3.9673	4.8189	4.3093	4.5718	4.3022	4.1133	4.646	4.1448	4.7277	4.5696	4.6681	4.1634	4.3978	4.2678	4.477	4.3722	4.4261	4.685	4.2494	4.639	4.6077	4.5042	4.6776	4.5821	5.1575	4.5726	4.7439	4.6002	4.9007	5.0026	4.5467	4.9296	5.1298	5.3262	5.3428	5.1693	5.0157	4.8832	5.0057	5.3415	4.812	5.0674	5.2495	4.9647	5.4084	4.8483	5.0321	5.1919	5.1031	4.7134	4.9296	5.1629	4.9758	4.7193	4.6987	4.7518	4.7442	4.7082	4.5742	4.818	4.02	4.1963	4.436
chr3	4285000	5290000	4.3298	4.2332	4.4548	4.4174	4.6107	4.7489	4.4173	4.4643	4.1579	4.7899	4.2013	4.7754	4.5125	4.6393	4.4314	5.0183	4.5879	4.9016	5.3322	5.4235	5.0599	5.3235	5.1028	5.6675	5.373	5.2514	5.52	5.6873	5.3194	5.5049	5.5924	4.9212	5.2581	4.8638	5.1812	4.7129	4.7919	4.6186	4.8508	4.5379	5.0528	4.5688	4.7083	4.7393	4.8403	5.2307	5.4287	4.9198	5.1057	4.734	4.4449	4.6718	4.7298	4.631	4.5842	4.2555	4.1454	4.0005	4.1053	3.681	3.8811	3.6397	3.8955	3.1116	3.5494	3.5731	3.7312	3.5864	3.335	3.8095	3.6531	3.4317	4.0394	3.8985	3.8481	3.627	3.9247	3.7475	4.0577	3.5979	3.6722	3.7822	3.8003	4.0351	4.2721	3.9598	4.095	4.086	3.9145	4.2052	4.1113	4.3245	4.0138	4.2371	4.2364	4.2967	3.9102	4.387	4.1469	4.453	4.5667	4.3713	4.6811	4.5138	4.7064	4.7693	4.8045	4.6035	4.9757	5.3336	4.7601	4.4187	4.6998	4.7665	4.8638	4.5203	4.5229	4.4243	4.458	4.3643	4.6441	4.178	4.1426	4.4871	4.52	4.1466	4.6292	4.2834	4.3453	4.4092	4.5163	4.0386	4.0538	4.3378	4.2411	4.1209	4.2346	4.2978	3.9693	4.678	4.2673	4.5818	4.1889	4.0616	4.6223	4.1864	4.5195	4.3829	4.5727	4.1953	4.4124	4.3606	4.3238	4.3129	4.3734	4.7432	4.3702	4.6779	4.584	4.4185	4.6937	4.4946	4.9959	4.452	4.63	4.5287	4.7935	5.0231	4.519	4.8745	5.0716	5.1484	5.008	5.1427	5.1883	4.8235	5.0867	5.4302	4.732	5.0308	5.2194	5.031	5.5724	4.9434	5.0823	5.307	5.1155	4.8263	4.8867	5.2484	5.0093	4.9186	4.88	4.8344	4.7164	4.789	4.5857	4.8777	4.1912	4.3986	4.5302
chr3	4290000	5295000	4.2801	4.1514	4.2268	4.0731	4.3616	4.4473	4.1338	4.3145	3.9971	4.6265	4.1618	4.626	4.4528	4.6354	4.4645	4.9193	4.5923	4.6709	5.21	5.086	5.0298	5.2025	5.1316	5.3699	5.3415	5.2728	5.3616	5.8505	5.4556	5.814	5.8151	5.3529	5.5619	5.157	5.4475	5.0645	5.0088	4.8484	5.0222	4.8258	5.0526	4.7178	4.7978	4.8047	4.8157	5.1032	5.2905	5.083	5.1618	4.9154	4.8099	4.7902	4.8916	4.9351	4.8411	4.5053	4.635	4.331	4.604	4.2012	4.265	4.0711	4.1706	3.4833	3.8462	3.6682	3.9098	3.6568	3.5547	3.9885	3.6306	3.5846	4.3013	3.9857	4.0279	3.7428	3.8828	3.7546	4.2152	3.701	3.7901	3.883	4.0385	4.0148	4.2256	4.0633	4.2784	4.0095	4.0222	4.2612	4.2457	4.3877	4.0336	4.246	4.4069	4.4302	4.135	4.5721	4.3006	4.4092	4.6292	4.4795	4.7622	4.5233	4.7928	4.9357	4.8985	4.7289	4.9998	5.2587	4.7362	4.5424	4.6579	4.8246	4.8878	4.4817	4.5686	4.302	4.5356	4.2072	4.5394	4.2277	4.1092	4.529	4.5849	4.0535	4.8561	4.3087	4.3161	4.297	4.5631	4.1403	4.1779	4.3061	4.043	4.0172	4.0988	4.2802	3.8686	4.5965	4.1861	4.4185	4.1226	4.0606	4.6224	4.2154	4.5553	4.3975	4.4915	4.1925	4.3122	4.3024	4.3471	4.3334	4.4053	4.6526	4.233	4.6268	4.5871	4.4573	4.6524	4.4865	5.1055	4.4942	4.5637	4.4595	4.7011	4.9914	4.2921	4.7267	4.9199	5.0875	4.755	4.9047	5.1054	4.8078	5.0845	5.3216	4.7884	4.974	5.1399	5.0866	5.6503	5.0555	5.035	5.3197	5.2628	4.8216	5.0434	5.1598	4.9594	4.7711	4.8924	4.8241	4.8354	4.9652	4.6962	4.8244	4.2918	4.5272	4.5957
chr3	4295000	5300000	4.165	3.8629	3.9321	3.7097	4.0	4.1809	3.9958	4.1625	3.9197	4.5423	4.1951	4.4134	4.3628	4.5465	4.3868	4.6012	4.4179	4.5305	4.9901	4.9997	4.8322	5.0831	4.9953	5.2819	5.1299	5.0998	5.1754	5.7458	5.5064	5.9402	5.863	5.3985	5.7385	5.5857	5.8458	5.4645	5.293	5.2023	5.2582	5.1379	5.2192	4.8078	4.8445	4.8334	4.9116	5.1642	5.2021	5.0188	5.1979	4.9422	4.7752	5.0302	4.9729	4.942	5.0494	4.773	4.8255	4.8703	4.9542	4.5973	4.5968	4.4549	4.5834	3.6999	4.2004	3.9563	4.3398	3.8095	3.761	4.0797	3.7178	3.7211	4.3988	4.1981	4.1064	3.8642	4.0728	3.8743	4.2669	3.6513	3.9644	3.8762	3.9426	4.127	4.3855	4.0473	4.1792	4.0106	4.0881	4.3764	4.3921	4.5093	4.0969	4.2238	4.4437	4.4392	4.0936	4.6316	4.4797	4.5595	4.733	4.5248	4.9076	4.6365	4.8387	4.8581	4.8538	4.693	4.8981	5.1537	4.6708	4.4955	4.632	4.8025	4.654	4.3404	4.5824	4.2047	4.3138	4.0229	4.4562	4.1283	4.2103	4.4473	4.5352	3.9019	4.7997	4.1809	4.2326	4.2937	4.5711	4.0943	4.0783	4.2429	3.9123	3.8045	4.1636	4.1041	3.7904	4.3432	4.019	4.2463	3.959	3.9954	4.4944	4.0037	4.4431	4.3066	4.4963	4.0477	4.239	4.1409	4.2141	4.2858	4.2325	4.5376	4.1529	4.6131	4.3883	4.4661	4.5613	4.3035	5.0311	4.3388	4.4377	4.2299	4.5934	4.7618	4.3129	4.6712	4.7603	4.8753	4.6438	4.7032	4.9039	4.5449	4.7078	5.2751	4.7969	4.9561	5.1815	5.1205	5.644	5.1026	5.0908	5.2191	5.3151	4.8672	4.9216	5.1044	4.9146	4.8456	4.8338	4.868	4.8737	5.0849	4.8666	5.0412	4.5414	4.6062	4.9184
chr3	4300000	5305000	4.194	3.723	3.7718	3.5333	3.9561	4.0097	4.0129	4.1463	3.8897	4.5854	4.0895	4.4465	4.2807	4.4721	4.3993	4.4066	4.3453	4.4014	4.9886	4.8677	4.7796	4.9466	4.9604	5.3759	5.143	5.068	5.1492	5.6167	5.3329	5.8319	5.8011	5.6483	5.917	5.7229	6.0254	5.731	5.7403	5.7957	5.6911	5.4387	5.6073	5.0608	5.1166	4.965	5.078	5.2415	5.2859	5.0499	5.1591	4.8756	4.8691	5.2255	5.1474	5.2135	5.4693	4.9813	5.1007	5.176	5.2829	5.0705	5.056	4.9633	5.066	4.0473	4.6008	4.3589	4.7076	4.0842	4.018	4.2664	3.951	3.8347	4.5433	4.2787	4.1582	3.8639	4.1415	3.9202	4.3821	3.7949	4.0263	3.9752	3.951	4.2075	4.4007	4.1015	4.217	4.1803	4.2307	4.4753	4.458	4.4904	4.2143	4.4106	4.5569	4.6727	4.2067	4.8869	4.4866	4.6905	4.9677	4.7006	4.9686	4.7325	4.7467	4.964	4.8391	4.6026	4.8393	5.0762	4.488	4.481	4.6959	4.8316	4.5987	4.2591	4.4466	4.0431	4.3228	4.0454	4.5372	4.0797	4.335	4.527	4.4515	4.012	4.8308	4.1653	4.2104	4.3166	4.3756	3.9217	4.0834	4.1088	3.8547	3.8403	4.1056	4.0108	3.7532	4.374	3.8974	4.2394	4.13	4.0433	4.4034	4.0794	4.3095	4.2797	4.4622	4.0645	4.2542	4.1085	4.0935	4.3457	4.2365	4.6162	4.0964	4.614	4.3887	4.4859	4.6523	4.3339	5.0937	4.3759	4.4447	4.1996	4.4735	4.5745	4.26	4.3674	4.5864	4.7975	4.6743	4.5448	4.839	4.5963	4.8262	5.1155	4.6632	5.1119	5.2551	5.1773	5.6304	5.0491	5.1464	5.3259	5.353	5.0779	5.1258	5.1883	4.8277	4.8685	4.8462	5.0234	5.0243	5.1533	5.0101	5.1667	4.6292	4.7027	5.0321
chr3	4305000	5310000	4.2228	3.8661	4.008	3.6311	4.033	3.9546	4.0261	4.0655	3.8198	4.7127	4.0909	4.3856	4.3665	4.5068	4.3845	4.4676	4.3122	4.4692	5.1001	4.8365	4.6365	4.9417	5.0259	5.3563	5.0602	5.1851	4.9575	5.5051	5.1803	5.7631	5.741	5.589	5.8945	5.9016	6.1432	5.9158	6.0039	6.1755	6.0496	5.7628	5.8187	5.2831	5.4567	5.2282	5.2269	5.3096	5.3754	5.1454	5.2691	4.9401	4.7908	5.2938	5.2044	5.421	5.6854	5.2133	5.273	5.3752	5.5813	5.4347	5.5364	5.36	5.487	4.5599	5.1989	4.6911	5.1066	4.5115	4.6297	4.6609	4.2513	3.9855	4.5904	4.3075	4.3595	4.028	4.2711	3.873	4.4662	3.866	4.1441	3.9932	3.8862	4.1435	4.4671	4.1629	4.4378	4.1535	4.2809	4.5526	4.4795	4.6037	4.2426	4.4447	4.6703	4.5509	4.2325	4.9065	4.6091	4.7242	4.9343	4.8528	4.8031	4.6195	4.7696	4.9488	4.7811	4.4653	4.7025	4.8052	4.4558	4.4075	4.6539	4.6829	4.4566	4.099	4.3763	4.1394	4.1971	3.9629	4.47	4.2073	4.3815	4.498	4.4109	4.0756	4.7042	4.1939	4.2467	4.0987	4.3122	3.8443	4.1034	4.1082	3.9509	3.7831	4.147	4.0759	3.8776	4.3065	4.0801	4.2365	4.1535	4.1015	4.5386	4.2104	4.3293	4.2565	4.3902	3.9899	4.3214	4.1797	4.1504	4.2751	4.2475	4.4922	4.1495	4.6948	4.2761	4.4282	4.5373	4.4883	4.9482	4.3962	4.4238	4.2876	4.4538	4.549	4.2198	4.5602	4.6317	4.801	4.6	4.5461	4.8428	4.7413	4.7722	5.1239	4.8785	5.1282	5.0209	5.395	5.7453	4.9702	5.0749	5.1555	5.2871	4.9605	5.0181	5.1009	5.0094	4.9314	4.8428	4.9861	4.9888	5.1387	4.947	5.03	4.6416	4.6319	4.9272
chr3	4310000	5315000	4.3985	3.8092	4.1885	3.957	4.1422	4.0264	4.0481	4.0843	3.919	4.6954	4.0618	4.2505	4.2744	4.5529	4.262	4.358	4.2416	4.4493	5.146	4.831	4.6424	4.7997	4.8288	5.1165	4.9032	4.9744	4.7856	5.4396	5.156	5.6212	5.6722	5.4296	5.6689	5.8476	6.099	5.9765	6.1927	6.3204	6.3817	6.2124	6.2125	5.601	5.7479	5.5158	5.5162	5.4818	5.6296	5.3453	5.5098	5.144	4.8539	5.4889	5.3752	5.5754	5.7074	5.3037	5.4613	5.6158	5.838	5.7523	5.7615	5.7985	5.7379	4.9985	5.7488	5.2398	5.5775	5.0254	4.8875	4.9	4.5527	4.3653	4.7198	4.4976	4.4116	4.0978	4.3461	4.0143	4.52	3.9667	4.2063	4.168	3.9177	4.2005	4.5667	4.2632	4.4231	4.2265	4.4077	4.5307	4.6256	4.786	4.5957	4.6494	4.7661	4.7956	4.518	5.1318	4.7362	4.8229	4.858	4.8675	4.76	4.6058	4.7667	4.8291	4.7151	4.3404	4.6102	4.7592	4.3372	4.3643	4.6004	4.5783	4.408	4.1801	4.2419	4.1674	4.1543	3.9368	4.4691	4.2469	4.3794	4.5058	4.3685	3.9878	4.6347	4.1048	4.1484	4.1263	4.2484	3.8726	4.0171	4.0481	3.9875	3.8444	4.1159	3.9819	3.8635	4.3006	4.0743	4.2751	4.1338	4.1923	4.3544	4.0242	4.3548	4.1687	4.372	4.0159	4.2873	4.1294	4.127	4.265	4.2259	4.6036	4.1069	4.5052	4.2681	4.4357	4.4753	4.5414	4.9343	4.3939	4.3671	4.2834	4.5414	4.5585	4.1267	4.4805	4.5513	4.6939	4.5947	4.5983	4.8526	4.7049	4.7138	5.0669	4.8862	5.0828	4.8725	5.1812	5.6415	5.0103	4.9736	5.1768	5.4284	5.0024	4.9609	5.2323	5.0413	5.0743	4.8348	4.9325	4.9305	5.1727	4.9763	5.0473	4.6481	4.6035	4.9604
chr3	4315000	5320000	4.3667	4.0144	4.354	4.1697	4.2624	4.1378	4.2076	4.1028	4.1086	4.7046	4.2788	4.3202	4.3625	4.6486	4.3721	4.4807	4.4053	4.5213	5.2077	4.8926	4.7653	4.8552	4.8028	5.0178	4.7903	4.9528	4.7757	5.4862	5.1565	5.6246	5.6941	5.511	5.6231	5.689	5.9912	5.9513	6.2005	6.3134	6.444	6.4965	6.4203	6.0488	5.9383	5.8638	5.8159	5.8725	6.072	5.5875	5.7619	5.4443	5.1784	5.5354	5.6118	5.7219	5.8026	5.4738	5.6295	5.8254	5.9924	6.014	6.0368	5.9576	6.0267	5.3926	6.0036	5.5531	5.9352	5.4727	5.1972	5.2178	4.9095	4.6725	5.0446	4.7044	4.7022	4.22	4.475	4.1138	4.598	4.0929	4.3258	4.3649	4.0314	4.2728	4.5429	4.3455	4.4881	4.4035	4.6167	4.5515	4.7895	4.9091	4.71	4.7088	4.835	4.9298	4.5855	5.2234	4.7379	4.8405	4.7789	4.8893	4.7712	4.6291	4.7497	4.7972	4.5647	4.3247	4.5731	4.7706	4.2988	4.3356	4.5525	4.4746	4.243	4.0922	4.1594	4.2104	4.2585	3.9161	4.288	4.3539	4.3395	4.5636	4.3476	4.0747	4.6103	4.119	4.0486	4.0244	4.2451	3.7995	3.899	4.0055	3.8636	3.9442	4.0485	3.9882	3.8943	4.2812	4.1209	4.3649	4.2959	4.0148	4.3408	4.035	4.2532	4.2303	4.4003	3.9305	4.0686	4.0712	4.0942	4.1643	4.2208	4.372	4.062	4.4352	4.3117	4.4893	4.3281	4.5106	4.7566	4.3238	4.4166	4.2693	4.558	4.5011	4.1606	4.2635	4.555	4.6124	4.5819	4.5736	4.8587	4.7222	4.6462	5.1015	4.7477	5.049	4.7768	5.1062	5.5154	4.9216	4.9197	5.147	5.4158	5.1286	5.0975	5.1871	4.9327	4.9885	4.8145	4.9245	4.8471	5.177	4.8558	4.9031	4.514	4.453	4.8531
chr3	4320000	5325000	4.5693	4.1354	4.5076	4.4082	4.5183	4.5613	4.4428	4.3835	4.3179	4.8991	4.3859	4.4092	4.4944	4.726	4.5163	4.5468	4.6008	4.6877	5.2378	4.9887	4.7822	4.8567	4.6904	5.0341	4.9826	4.9626	4.7696	5.5159	5.1625	5.6395	5.7244	5.4212	5.4635	5.5493	5.925	5.7725	6.1726	6.2398	6.3962	6.5745	6.5519	6.142	6.1053	6.2069	6.3307	6.2548	6.3441	5.9944	6.1641	5.5964	5.4581	5.6009	5.7944	5.97	5.9794	5.6566	5.7286	5.8758	5.9902	6.1456	6.1796	6.1061	6.2713	5.5483	6.1503	5.847	6.2801	5.8109	5.5705	5.5787	5.3484	4.838	5.3546	4.9638	5.024	4.2939	4.744	4.267	4.7174	4.1217	4.4599	4.4549	4.1189	4.2894	4.8185	4.5496	4.6974	4.4595	4.7359	4.6467	5.0417	5.0369	4.7425	4.8243	4.9722	5.0017	4.5891	5.2729	4.795	4.688	4.6492	4.8343	4.6452	4.6049	4.6048	4.8707	4.5714	4.296	4.6251	4.6186	4.1967	4.4432	4.4631	4.3448	4.2634	4.0906	4.136	4.0986	4.3312	3.9117	4.3292	4.2959	4.1856	4.4839	4.2507	4.038	4.529	4.139	3.9143	4.093	4.2194	3.8439	3.912	3.9766	3.8569	3.8727	4.0692	3.9624	3.9068	4.2791	4.1186	4.2493	4.3009	4.103	4.3989	4.1193	4.3335	4.3236	4.3862	4.1295	4.0996	4.0196	4.2935	4.2559	4.1738	4.3634	4.1297	4.5372	4.2009	4.4099	4.3944	4.6212	4.634	4.1662	4.4744	4.2689	4.4735	4.4316	4.0807	4.2881	4.6349	4.6689	4.5802	4.6024	4.7404	4.6444	4.5948	5.0532	4.9113	4.9236	4.715	5.0198	5.4583	4.9341	4.9159	5.0555	5.258	5.0894	5.0156	5.3049	4.982	5.1546	4.8773	4.9993	4.9026	5.2681	5.0559	4.9776	4.6001	4.5767	4.8453
chr3	4325000	5330000	4.6231	4.0837	4.5706	4.4707	4.5924	4.4704	4.5625	4.4735	4.5992	4.9892	4.6265	4.689	4.7568	4.9679	4.8607	4.771	4.7439	4.7317	5.2903	4.9798	4.8084	4.9827	4.8974	5.1581	4.9528	5.1122	4.8392	5.4786	5.0602	5.5751	5.6973	5.3085	5.5	5.5491	5.7784	5.708	6.1016	6.0912	6.1207	6.3827	6.3759	6.2754	6.3329	6.2695	6.6184	6.7051	6.7094	6.4204	6.4162	5.9431	5.8393	5.9965	6.1497	6.0931	6.1459	5.7391	6.0161	5.9687	6.2765	6.2983	6.1338	6.2963	6.3985	5.8219	6.3634	6.0607	6.2632	6.159	5.875	5.9534	5.6806	5.2914	5.7551	5.3061	5.2915	4.5696	5.1301	4.4461	5.0761	4.2413	4.4777	4.5702	4.2482	4.5969	4.9691	4.6797	4.7941	4.6665	4.953	4.7623	5.2644	5.164	4.9293	4.8502	4.9034	4.9993	4.5235	5.1934	4.6793	4.6009	4.5605	4.9263	4.5787	4.472	4.6119	4.8166	4.5054	4.3214	4.664	4.5995	4.2953	4.351	4.4792	4.3592	4.2972	4.1442	4.155	4.1581	4.3253	3.8441	4.3484	4.1964	4.0841	4.4126	4.2841	4.083	4.6456	4.0408	3.8893	4.1619	4.2904	3.81	3.8983	4.0012	3.8716	3.9795	4.1335	3.9878	3.8601	4.2578	4.1463	4.2127	4.2286	4.1274	4.3925	4.1757	4.3188	4.2707	4.423	3.9967	3.9979	3.8902	4.1961	4.1198	4.1979	4.3072	4.1055	4.4124	4.1157	4.4799	4.3137	4.6823	4.5425	4.1046	4.4237	4.3139	4.4744	4.3657	4.1289	4.4875	4.6296	4.6177	4.5115	4.6888	4.6108	4.5599	4.5471	5.0324	4.7712	4.7818	4.6568	4.8405	5.2715	4.9442	4.8652	5.0181	5.1222	4.795	4.8686	5.3043	5.0661	5.0371	4.9861	4.8817	4.8584	5.2403	4.9723	5.0663	4.8058	4.5625	4.9115
chr3	4330000	5335000	4.5109	4.0941	4.4718	4.2543	4.6296	4.4166	4.588	4.5059	4.7862	5.1405	4.9751	4.9464	5.1274	5.1922	5.1285	4.8713	4.8586	4.7602	5.1482	5.0812	4.9181	4.9625	4.9003	4.9897	4.987	5.0843	4.8714	5.4359	5.1004	5.541	5.6798	5.2933	5.3652	5.352	5.7195	5.5538	5.9691	5.946	6.133	6.3338	6.3375	6.2635	6.2998	6.5172	6.7478	6.84	6.973	6.8289	6.8005	6.3954	6.2447	6.3941	6.4431	6.4537	6.4276	5.9586	6.3231	6.1892	6.4434	6.3763	6.3261	6.3415	6.4855	5.922	6.3876	6.2615	6.563	6.2162	6.0001	6.3246	5.9323	5.6716	6.0809	5.7612	5.6447	5.0094	5.5166	4.7793	5.4182	4.5076	4.6573	4.8809	4.5419	4.7547	5.1084	4.907	4.9959	4.9788	5.059	4.9871	5.3356	5.3082	4.9629	4.9511	4.8595	5.0703	4.5466	5.323	4.8028	4.5625	4.4803	4.9114	4.6969	4.5002	4.5928	4.8282	4.5377	4.4889	4.6242	4.5034	4.3221	4.3712	4.5621	4.3743	4.3036	4.2101	4.1032	4.1342	4.2147	3.7122	4.3952	4.1508	4.0101	4.2174	4.4463	4.1086	4.6551	4.1395	3.9327	4.0753	4.279	3.8713	3.9101	4.1237	3.7679	4.1109	4.1441	4.1812	3.901	4.2855	4.2773	4.2172	4.2674	4.1566	4.4689	4.1371	4.3859	4.198	4.5586	3.943	4.1124	3.8152	4.2105	4.0642	4.253	4.3545	4.1146	4.3818	4.1683	4.4333	4.315	4.5905	4.5799	4.0996	4.4298	4.2549	4.4392	4.4297	4.1937	4.4488	4.668	4.5852	4.4256	4.4867	4.6893	4.5804	4.5105	4.8492	4.6419	4.6993	4.517	4.7238	5.1487	4.8382	4.8401	4.9707	5.0428	4.7921	4.8829	5.1266	4.8274	5.0555	4.9369	4.8413	4.9119	5.1841	4.8555	4.966	4.7032	4.7669	4.9385
chr3	4335000	5340000	4.552	4.2249	4.6109	4.3765	4.5772	4.5781	4.6056	4.7294	4.9042	5.309	5.1085	5.1407	5.2679	5.3088	5.2588	5.0532	5.0525	4.929	5.3137	5.293	5.0774	5.089	4.998	5.1727	5.0413	5.1495	5.0973	5.5331	5.2845	5.4853	5.8353	5.4474	5.5322	5.3964	5.6543	5.4449	5.8606	5.8021	6.0558	6.2016	6.237	6.2144	6.3576	6.5198	6.7421	7.0402	6.97	7.0456	7.0186	6.7304	6.4665	6.6632	6.8395	6.7872	6.8688	6.2744	6.5823	6.3755	6.5355	6.3939	6.4472	6.4147	6.5823	5.9283	6.3383	6.4091	6.6223	6.3885	6.1307	6.4702	6.0331	5.8964	6.3333	6.0323	5.9848	5.4079	5.9457	5.1157	5.6414	4.8746	5.0346	5.1026	4.847	4.9958	5.2156	4.9164	5.1434	5.0308	5.1569	4.9859	5.2963	5.2334	4.819	4.8852	4.8776	4.9778	4.4509	5.1744	4.7547	4.5904	4.5755	4.8035	4.6589	4.4137	4.4655	4.7587	4.5403	4.4259	4.6851	4.3455	4.2363	4.2206	4.4619	4.4394	4.377	4.2538	4.0435	4.0723	4.2306	3.6086	4.316	4.0917	3.9521	4.2893	4.3524	4.1015	4.4668	4.1633	3.9642	3.9954	4.3874	3.8387	3.8417	4.018	3.8341	4.0544	4.1325	4.1433	3.8664	4.163	4.1566	4.1708	4.1926	3.8835	4.4342	4.1132	4.3751	4.129	4.4517	3.7709	4.0308	3.7419	4.0457	3.978	4.1471	4.2202	4.0217	4.225	4.0782	4.1449	4.1344	4.4966	4.4996	3.9582	4.404	4.145	4.3407	4.4905	4.1061	4.3541	4.5729	4.4103	4.2696	4.4596	4.5473	4.4052	4.3857	4.7982	4.6451	4.5738	4.503	4.5837	4.9672	4.6824	4.644	4.7007	4.7021	4.4395	4.622	4.8567	4.5258	4.7046	4.5788	4.7122	4.8801	4.9423	4.7534	4.797	4.3893	4.466	4.6751
chr3	4340000	5345000	4.6094	4.2077	4.7511	4.5581	4.8071	4.708	4.8341	4.8663	5.1854	5.4439	5.1516	5.2271	5.3247	5.3589	5.3705	5.2043	5.2422	5.3324	5.4969	5.5611	5.185	5.2794	5.1201	5.2811	5.2379	5.262	5.2177	5.5921	5.3449	5.5289	5.7757	5.5824	5.4736	5.3181	5.5501	5.4809	5.8674	5.8461	5.997	6.3278	6.2238	6.2316	6.26	6.5693	6.7783	7.0069	7.0041	7.1716	7.1613	7.0429	6.7561	7.1678	7.159	7.236	7.2611	6.7134	6.8586	6.6145	6.7941	6.5964	6.6017	6.5271	6.6977	6.0869	6.3533	6.539	6.592	6.41	6.2769	6.7928	6.2377	6.0665	6.5406	6.3409	6.3402	5.6788	6.2945	5.6326	6.0449	5.315	5.5397	5.4023	5.3985	5.3509	5.6934	5.1822	5.257	5.2317	5.2367	5.0774	5.3576	5.2438	4.8446	4.8576	4.8624	4.9259	4.3926	5.1484	4.656	4.679	4.6059	4.814	4.6437	4.3869	4.3904	4.7574	4.5393	4.4564	4.644	4.4093	4.2075	4.3059	4.3185	4.3915	4.1423	4.2468	4.121	3.9211	4.1688	3.5511	4.2457	4.0293	4.0556	4.2304	4.3015	4.0662	4.4847	4.1497	4.0248	4.0578	4.2938	3.9177	3.8798	4.0229	3.947	4.0921	4.1479	4.3048	4.0082	4.3471	3.9578	4.203	4.153	3.8087	4.4383	4.0238	4.333	4.2215	4.3893	3.8789	4.0953	3.7098	4.0947	4.1207	4.1354	4.2504	3.9647	4.1373	4.022	4.0954	4.0853	4.436	4.5109	3.9422	4.3381	4.1394	4.3206	4.3983	4.0716	4.2785	4.5512	4.4694	4.1354	4.34	4.4236	4.2561	4.3562	4.6868	4.5872	4.4158	4.4215	4.4627	4.8567	4.615	4.5598	4.6282	4.6375	4.3266	4.4473	4.8059	4.5688	4.7079	4.5634	4.7405	4.7346	5.0399	4.7399	4.9366	4.4425	4.7299	4.6337
chr3	4345000	5350000	4.6411	4.4173	4.944	4.6593	5.1213	4.8857	5.1555	4.856	5.0027	5.2004	5.0836	5.1911	5.2489	5.3536	5.4765	5.3461	5.3993	5.5888	5.7437	5.7878	5.3363	5.489	5.3726	5.428	5.3703	5.4423	5.365	5.569	5.5023	5.5433	5.6335	5.5172	5.5832	5.2372	5.632	5.5051	5.9002	5.7922	6.066	6.2459	6.3191	6.2256	6.3785	6.4719	6.683	6.9721	6.9405	7.1607	7.1898	7.1708	6.9249	7.4269	7.3821	7.58	7.5422	6.9886	7.2068	6.8394	7.0597	6.7725	6.8346	6.6812	6.668	6.1456	6.4998	6.4551	6.5519	6.5491	6.1814	6.7188	6.3591	6.2293	6.7534	6.4265	6.5499	6.2064	6.6937	6.0098	6.4343	5.8565	5.9722	5.8106	5.6787	5.7793	5.9224	5.3815	5.4868	5.2128	5.2419	5.1101	5.3303	5.1507	4.8964	4.9841	4.9602	4.9078	4.4054	5.0948	4.5281	4.6632	4.6075	4.7251	4.551	4.2753	4.4274	4.6038	4.5928	4.4407	4.6408	4.3887	4.3257	4.2656	4.3268	4.3907	4.0776	4.2049	3.9666	3.8434	4.0826	3.5332	4.2	3.9425	4.025	4.1662	4.3174	4.2032	4.4764	4.1789	4.0547	3.952	4.1485	3.8078	3.9019	4.0095	3.9314	4.2051	4.113	4.2971	3.9652	4.3445	3.9877	4.1664	4.2641	3.8898	4.389	4.0758	4.2529	4.2076	4.3477	3.9019	4.1794	3.6499	4.0132	4.0319	4.0617	4.1707	3.9943	4.2205	4.0668	3.9	4.1209	4.5397	4.5788	3.9267	4.3121	4.1495	4.2323	4.4686	3.9733	4.3386	4.5191	4.3135	4.0384	4.1276	4.3466	4.2671	4.2136	4.706	4.5129	4.4183	4.2642	4.4099	4.7863	4.6103	4.5395	4.6078	4.6441	4.243	4.4142	4.7943	4.4613	4.6769	4.481	4.6569	4.7513	4.9144	4.5538	5.0395	4.4289	4.8082	4.7843
chr3	4350000	5355000	4.7321	4.4748	5.0742	4.8621	5.2744	5.0428	5.1934	4.8561	4.9193	5.0956	5.0782	5.139	5.2172	5.3552	5.5862	5.3721	5.373	5.7257	5.9464	5.9619	5.6201	5.7597	5.6314	5.5394	5.5381	5.57	5.42	5.7128	5.4837	5.4842	5.6607	5.5207	5.5668	5.2723	5.8034	5.6213	5.9898	5.7672	6.0905	6.1609	6.3935	6.2063	6.3908	6.5272	6.5604	6.8901	6.913	7.1447	7.2766	7.1028	6.9579	7.6458	7.3818	7.7876	7.5985	7.1806	7.392	7.1574	7.2748	6.8959	7.0531	6.7172	6.8392	6.2544	6.5954	6.4839	6.5276	6.5787	6.1634	6.7408	6.3692	6.2865	6.9331	6.556	6.6925	6.3903	6.7572	6.3136	6.7878	6.3268	6.4573	6.2062	6.0717	6.1144	6.1827	5.5034	5.6997	5.2173	5.2799	4.9288	5.2195	4.9641	4.9639	4.926	4.8361	4.8651	4.4455	4.9928	4.4721	4.685	4.5854	4.6082	4.5455	4.2445	4.3585	4.5443	4.5713	4.2681	4.615	4.3434	4.1509	4.1297	4.213	4.3762	4.0527	4.0341	3.9742	3.7422	4.1002	3.6	4.1335	3.9037	4.1568	4.1469	4.3399	4.1232	4.4091	4.1602	3.9529	3.9439	4.1928	3.7649	4.0131	4.0571	4.0956	4.1755	4.0717	4.1862	3.9449	4.2987	4.0523	4.2062	4.1645	3.9563	4.3042	4.1748	4.3325	4.1162	4.2104	3.9134	4.0761	3.7747	3.9989	3.9168	4.0903	4.1687	3.9435	4.1762	4.1194	3.9992	4.2009	4.5108	4.4963	3.8664	4.3562	4.1453	4.1696	4.3693	3.9059	4.3065	4.3719	4.1812	4.0855	4.186	4.2242	4.1932	3.9488	4.7705	4.3891	4.3498	4.1412	4.2681	4.6175	4.4455	4.3411	4.4124	4.4797	4.274	4.3037	4.7334	4.3147	4.5498	4.237	4.4674	4.6701	4.7464	4.527	4.7156	4.3039	4.6357	4.7428
chr3	4355000	5360000	4.6704	4.615	4.9983	4.9093	4.8991	4.9163	4.8623	4.772	4.83	5.0703	5.0979	5.2579	5.1747	5.378	5.6075	5.3268	5.4665	5.7292	6.0388	5.9741	5.7658	5.9097	5.8332	5.6967	5.6454	5.5797	5.4352	5.7045	5.4205	5.5452	5.7296	5.6338	5.7644	5.4926	5.8292	5.6603	5.9804	5.9296	6.0911	6.2067	6.4374	6.2287	6.4489	6.4426	6.488	6.9499	6.9094	7.0863	7.3007	7.1592	6.7954	7.6323	7.2848	7.7706	7.6335	7.2495	7.4979	7.5399	7.4756	7.1629	7.3997	7.0698	7.035	6.5951	6.8045	6.6401	6.7753	6.7067	6.4137	6.7464	6.5163	6.3812	6.9769	6.6472	6.8896	6.67	6.9703	6.616	6.9813	6.6506	6.8752	6.5565	6.3926	6.3784	6.4718	5.7237	5.8055	5.4912	5.5241	5.0943	5.3106	4.9658	4.9933	4.932	4.8003	4.9025	4.4194	4.9805	4.46	4.651	4.599	4.6408	4.5539	4.2628	4.3779	4.8132	4.6366	4.2822	4.6741	4.3226	4.1831	4.0543	4.1515	4.3579	3.947	4.0857	4.0885	3.8934	4.0249	3.535	4.0874	3.8317	4.1059	4.3147	4.3397	4.1022	4.5256	4.1351	3.9006	4.084	4.2448	3.7417	4.0269	4.0274	3.9061	4.1684	4.075	4.2274	3.9368	4.2572	4.0035	4.0496	4.1399	3.9024	4.1222	3.924	4.3006	4.1463	4.0913	3.8023	3.9921	3.7671	3.9833	3.8108	4.1138	4.012	4.0021	4.0359	4.0678	4.2284	4.0842	4.3071	4.4155	3.7695	4.3363	3.9827	4.1308	4.2253	3.7965	4.1496	4.3319	4.0316	4.0394	4.107	4.1721	3.9615	3.756	4.5453	4.2544	4.251	3.9372	4.1185	4.3692	4.2731	4.1718	4.1669	4.4543	4.1357	4.1054	4.5532	4.0463	4.3922	4.1431	4.2506	4.472	4.4866	4.1815	4.5518	4.0136	4.3031	4.5611
chr3	4360000	5365000	4.7983	4.4822	4.5674	4.5935	4.5035	4.7037	4.9093	4.6432	4.8583	5.0956	5.2546	5.2608	5.2435	5.4681	5.65	5.4723	5.5483	5.7669	5.9614	5.9113	5.8978	6.1054	5.8763	5.9365	5.7378	5.6172	5.5591	5.8476	5.7261	5.8126	5.882	5.7523	5.9468	5.5915	5.9482	5.837	6.0034	5.9122	6.1426	6.24	6.4724	6.366	6.5575	6.3919	6.5631	6.9308	6.9037	7.0963	7.0959	7.0018	6.629	7.4443	7.0945	7.6893	7.4459	7.1251	7.4057	7.6904	7.3405	7.4686	7.6249	7.3105	7.2605	6.7799	7.1281	6.7349	7.1123	6.7817	6.7353	6.9204	6.6868	6.5009	7.1461	6.736	6.9229	6.9755	7.1358	6.8955	7.1486	6.8331	6.9818	6.7417	6.5039	6.5068	6.5487	5.8547	6.0363	5.6519	5.6002	5.2838	5.5061	5.0746	5.0785	4.9927	4.8258	4.9154	4.4266	4.9692	4.581	4.7573	4.6293	4.6118	4.5503	4.2983	4.336	4.7192	4.5847	4.2956	4.6867	4.3077	4.1782	4.0329	4.2203	4.3955	3.9409	3.9646	4.0885	3.7163	4.14	3.6554	4.1252	3.766	4.1678	4.3051	4.3472	4.0674	4.3668	4.1279	3.9369	4.087	4.1897	3.7666	3.86	4.0177	4.0207	3.9985	4.0754	3.9966	3.8647	4.2888	4.0415	4.0115	4.0374	3.793	4.1013	3.8878	4.1499	4.1245	4.1004	3.7612	4.0473	3.7018	3.845	3.8123	4.0601	3.9663	4.0237	4.031	4.1355	4.3527	4.1183	4.2885	4.3362	3.7225	4.2878	4.0297	4.1692	4.2746	3.8406	3.9827	4.3179	4.0704	3.942	3.9855	4.1863	3.9797	3.5653	4.5509	4.2979	4.2218	3.7745	4.0803	4.2441	4.2453	4.1456	4.2407	4.48	4.1128	4.1628	4.5453	4.1087	4.4167	4.165	4.2287	4.313	4.4305	4.2809	4.4732	4.0889	4.205	4.5702
chr3	4365000	5370000	4.6234	4.1974	4.1509	4.1355	4.4359	4.509	4.899	4.754	4.9667	5.1171	5.3037	5.2081	5.1844	5.4812	5.7255	5.4531	5.4681	5.7384	5.9665	5.7854	5.7928	6.033	5.8068	5.866	5.8012	5.6154	5.869	5.9948	5.9926	5.7617	5.9495	5.9422	6.1075	5.6893	6.0577	6.0426	6.1088	6.0371	6.1808	6.4299	6.7231	6.3027	6.6433	6.4593	6.5742	6.949	6.8327	6.9959	6.9934	6.7554	6.5063	7.3017	7.0826	7.4922	7.2556	7.1104	7.2789	7.6523	7.4294	7.5053	7.7075	7.5863	7.5828	7.0416	7.2481	7.1114	7.361	7.1419	7.0143	7.0325	7.021	6.77	7.3696	6.9635	7.1085	7.1739	7.2012	7.019	7.2423	6.7891	7.0241	6.7566	6.5295	6.6963	6.6314	6.0378	6.2098	5.9456	5.7829	5.4844	5.6217	5.2305	5.2572	5.0556	4.9945	4.9726	4.4997	4.9949	4.6542	4.7656	4.7477	4.6776	4.5236	4.3017	4.3746	4.5685	4.486	4.3697	4.612	4.1912	4.2453	4.0836	4.2565	4.3695	3.9777	4.0341	4.1276	3.8127	4.2492	3.7025	4.0426	3.8496	3.9855	4.2786	4.2288	4.0367	4.379	4.1556	3.9926	4.0752	4.1876	3.6271	3.8828	3.9966	3.9595	4.0882	4.0888	4.0334	3.9126	4.2659	3.994	4.0249	4.0534	3.8451	4.1419	3.9091	4.1532	4.1406	4.103	3.7835	4.0057	3.834	3.8561	3.7022	4.095	3.9368	3.8903	4.1032	4.1709	4.3743	4.1569	4.4243	4.3325	3.8472	4.2271	3.9897	4.1754	4.3221	3.848	3.9949	4.2245	4.042	4.0228	3.9848	4.1186	4.0158	3.5676	4.4022	4.3238	4.1749	3.7472	4.0599	4.3817	4.2736	4.1302	4.2212	4.6009	4.2036	4.2181	4.4924	4.0964	4.4159	4.132	4.2392	4.3568	4.3745	4.3058	4.4681	4.1105	4.2026	4.5631
chr3	4370000	5375000	4.6949	4.1545	4.478	4.1106	4.5793	4.5064	4.8738	4.7783	4.8362	5.1599	5.3428	5.1598	5.2417	5.4244	5.7393	5.5103	5.5938	5.7051	5.8204	5.8302	5.641	5.7985	5.724	5.8486	5.7808	5.7965	5.9075	6.2709	6.1338	5.9512	6.0543	6.0659	6.3135	5.7822	6.0429	6.1674	6.3082	6.2132	6.3634	6.5489	6.7975	6.3619	6.6509	6.6146	6.5227	6.8883	6.7373	7.1758	6.8639	6.7621	6.4691	7.0753	6.9746	7.3242	7.1456	7.0388	7.0994	7.5752	7.4034	7.5801	7.8771	7.6825	7.6411	7.3927	7.621	7.4192	7.7139	7.4665	7.413	7.2505	7.4808	6.9942	7.5825	7.1264	7.3483	7.3785	7.1686	6.9015	7.1101	6.8279	7.0513	6.7983	6.5247	6.6085	6.6694	6.3515	6.2807	6.1755	5.9932	5.843	5.8812	5.4924	5.4489	5.231	5.1821	5.0816	4.6058	5.1389	4.697	4.7092	4.7202	4.7642	4.3936	4.1585	4.4167	4.4836	4.387	4.2698	4.6536	4.1516	4.3829	4.0805	4.2744	4.3075	4.1452	4.0402	4.2159	3.9523	4.2354	3.7838	4.1186	4.0153	3.9817	4.3662	4.3564	4.0314	4.422	4.1308	3.9856	4.0992	4.2079	3.7046	3.8306	4.0596	3.9535	4.0788	4.178	4.1173	3.9919	4.2319	4.0732	4.0765	4.0501	4.0233	4.1186	3.9231	4.2226	4.1083	4.0378	3.7495	3.9867	3.8129	3.9287	3.9209	4.1061	4.0616	3.9232	4.0862	4.179	4.3674	4.1833	4.5541	4.2798	3.9367	4.1593	3.9711	4.1244	4.2771	3.8303	3.9615	4.2146	4.1301	3.9503	3.9251	4.1365	4.0758	3.5967	4.3325	4.2475	4.2593	3.8025	4.2057	4.4307	4.2412	3.9922	4.1483	4.5092	4.0503	4.2857	4.4825	4.0604	4.3341	4.0292	4.1231	4.3472	4.3253	4.3092	4.4528	4.1091	4.2731	4.4385
chr3	4375000	5380000	4.7998	4.4049	4.978	4.6215	4.8006	4.5075	4.8521	4.8471	4.7972	5.0997	5.2941	5.1403	5.2998	5.4706	5.5842	5.4722	5.457	5.5936	5.6985	5.8259	5.5942	5.7246	5.6945	5.7941	5.7889	5.8792	5.9638	6.3641	6.2849	6.2415	6.1375	6.1517	6.4277	6.0451	6.2501	6.3797	6.4422	6.3027	6.4474	6.6884	6.9092	6.4279	6.5991	6.6909	6.4724	6.8738	6.6475	7.1347	6.7811	6.6623	6.3907	6.9637	6.94	7.1042	7.0191	7.0118	7.0743	7.438	7.2886	7.5804	7.7043	7.7622	7.7258	7.5494	7.8363	7.7026	8.1147	7.8588	7.8552	7.4717	7.7195	7.3405	7.7073	7.5506	7.3488	7.3792	7.1644	6.7631	7.2167	6.8106	6.8962	6.8782	6.5947	6.7815	6.6434	6.332	6.2686	6.4076	6.2333	6.032	6.2519	5.8235	5.8248	5.4736	5.5013	5.3079	4.8293	5.2566	4.9067	4.7138	4.6296	4.7417	4.4412	4.2942	4.5414	4.4884	4.4692	4.2541	4.7981	4.2072	4.37	4.1997	4.3248	4.3849	4.2324	4.1286	4.219	3.9688	4.307	3.7636	4.1663	4.0891	4.0261	4.3173	4.4554	4.1562	4.4255	4.2234	3.9234	4.1879	4.3148	3.7075	3.8664	3.9972	3.8755	4.1464	4.2105	4.0515	4.13	4.2722	3.9753	4.1318	4.0933	4.0321	4.1	3.9538	4.2272	4.152	4.0996	3.8008	4.0081	3.7623	3.989	3.9277	4.1219	4.2308	3.8661	4.053	4.0746	4.3458	4.1692	4.6247	4.1355	3.8681	4.139	3.8364	4.1559	4.2258	3.9577	3.9275	4.2688	4.0303	3.8882	3.9951	4.1588	4.0438	3.6823	4.2216	4.4079	4.2615	3.9186	4.1288	4.3886	4.2623	4.0315	4.0889	4.5311	4.1476	4.1829	4.392	4.0653	4.4249	4.032	4.1713	4.3197	4.4897	4.3605	4.5147	4.2689	4.1849	4.4911
chr3	4380000	5385000	4.8802	4.5071	5.0197	4.9715	4.995	4.7372	4.9855	4.702	4.8352	5.1338	5.2003	5.2157	5.371	5.5045	5.3675	5.3708	5.299	5.5108	5.5559	5.7817	5.6362	5.7979	5.7561	5.9055	5.893	5.7974	6.0267	6.3891	6.3537	6.408	6.2438	6.3822	6.6427	6.2209	6.471	6.4209	6.6913	6.5386	6.5245	6.7598	6.8385	6.3891	6.5823	6.598	6.3898	6.7439	6.6184	6.9957	6.8107	6.6913	6.2571	6.8358	6.8789	7.0837	7.0372	6.9297	7.0061	7.3917	7.1863	7.5587	7.5399	7.674	7.7216	7.6664	7.9979	7.9711	8.4703	8.2246	8.0657	7.8775	8.0354	7.7676	7.9273	7.6134	7.3429	7.3206	7.2868	6.7935	7.1368	6.8302	6.7153	6.8291	6.5447	6.6947	6.6775	6.5171	6.3295	6.4281	6.2228	6.2451	6.5432	6.1632	5.943	5.7944	5.6576	5.4215	5.0816	5.5043	4.9325	4.8548	4.7322	4.7564	4.551	4.3193	4.4846	4.4703	4.4811	4.2926	4.7941	4.2814	4.4806	4.2774	4.3305	4.5027	4.2455	4.103	4.2215	3.9622	4.3011	3.8552	4.1946	4.1768	4.0789	4.3284	4.3691	4.2149	4.4285	4.2858	3.9386	4.1399	4.2677	3.8938	3.8409	3.9296	4.0047	4.1121	4.284	4.2006	4.1208	4.2375	3.9633	4.0093	4.2091	4.0273	4.1121	3.9169	4.2125	4.3641	4.2756	3.8871	4.0967	3.7268	3.9991	3.8529	4.0759	4.2428	4.0134	3.9196	4.1248	4.2959	4.2622	4.6758	4.1977	3.808	4.1146	3.9757	4.1356	4.3152	4.0405	3.9299	4.1155	4.148	3.7968	3.9043	4.1898	3.9792	3.8445	4.3128	4.3879	4.3271	3.9029	4.1336	4.367	4.2716	4.0087	4.2259	4.5242	4.1055	4.2262	4.3261	4.0898	4.3426	4.1382	4.1352	4.2658	4.4801	4.3512	4.4471	4.2152	4.1938	4.3146
chr3	4385000	5390000	4.8898	4.4637	4.9217	4.979	5.0975	4.8754	5.2677	4.8994	4.9007	5.1886	5.203	5.0547	5.141	5.3314	5.2205	5.097	5.0737	5.2428	5.5354	5.7123	5.7326	5.6848	5.8222	6.0332	5.9835	5.8928	6.0807	6.3791	6.3764	6.5688	6.2893	6.5708	6.7826	6.4224	6.566	6.5275	6.8061	6.6341	6.6976	6.6371	6.7433	6.3522	6.4928	6.3306	6.3341	6.7184	6.6243	6.8213	6.8045	6.459	6.3471	6.8702	6.7862	6.9607	6.9796	6.8644	6.8973	7.2658	7.1132	7.6243	7.456	7.5365	7.8163	7.6419	8.1584	8.0464	8.5881	8.39	8.0906	8.0456	8.085	7.7144	7.8209	7.6589	7.388	7.2628	7.292	6.6119	7.1039	6.6927	6.6821	6.7286	6.5526	6.6108	6.729	6.4836	6.3087	6.435	6.3324	6.2706	6.687	6.2559	6.1545	5.9442	5.7989	5.5383	5.2837	5.6599	5.1712	4.9476	4.8865	5.0189	4.6634	4.4111	4.6135	4.6131	4.5971	4.4344	4.8513	4.2849	4.4542	4.3058	4.4693	4.5097	4.3191	4.1144	4.1929	4.0345	4.3192	3.941	4.3713	4.3509	3.9107	4.4356	4.3399	4.2127	4.444	4.2733	4.0388	4.0724	4.2384	3.9291	3.8731	3.9467	3.8932	4.13	4.2922	4.2172	4.0817	4.1093	3.9901	3.9646	4.2023	4.0532	4.0816	3.9597	4.2141	4.3317	4.3536	3.8933	3.9201	3.8119	4.1623	3.8226	4.1414	4.1603	3.9512	4.0345	4.1303	4.2894	4.2493	4.5761	4.1185	3.8694	4.1665	3.8981	4.1801	4.4304	4.0415	4.0532	4.1103	3.9889	3.8875	4.0051	4.2104	3.9845	3.9719	4.3688	4.3254	4.217	3.957	4.1758	4.4253	4.3181	4.1053	4.2527	4.4371	4.1505	4.2121	4.3465	4.1378	4.3107	4.1082	4.1919	4.3	4.5212	4.378	4.3971	4.298	4.3108	4.366
chr3	4390000	5395000	5.0604	4.3837	4.9831	5.0418	5.1196	4.9587	5.3144	5.0346	4.9517	5.3047	5.1301	5.0013	5.1058	5.1739	5.1338	4.9638	5.1931	5.208	5.4173	5.722	5.7389	5.658	5.7624	6.0011	5.9248	5.8705	6.0835	6.3202	6.4451	6.5287	6.3857	6.5901	6.8931	6.5177	6.73	6.5752	6.8341	6.6951	6.6286	6.7259	6.7188	6.4383	6.5634	6.3056	6.3448	6.6522	6.5197	6.8049	6.7962	6.3093	6.4277	6.9594	6.5312	6.9364	6.965	6.6935	6.8295	7.2576	7.1761	7.5817	7.481	7.6337	7.7741	7.7245	8.1433	8.1058	8.4372	8.4805	8.0072	8.0901	8.0636	7.82	7.9825	7.6857	7.4766	7.4888	7.4534	6.6084	7.3259	6.7057	6.6827	6.7213	6.4992	6.6614	6.6248	6.5535	6.2551	6.357	6.3553	6.3787	6.7858	6.3071	6.1771	6.0867	5.8964	5.7873	5.5484	5.8426	5.3507	5.1395	5.1648	5.2081	4.7614	4.7345	4.8292	4.7789	4.5552	4.5231	4.9451	4.3013	4.4719	4.3654	4.409	4.5573	4.4532	4.2204	4.2359	3.9421	4.3231	3.8652	4.3449	4.2843	3.9742	4.4263	4.4312	4.247	4.4353	4.1416	4.001	4.1263	4.2756	3.8622	3.9113	3.953	3.8629	4.0742	4.2045	4.1367	4.1526	4.22	3.9029	3.9166	4.187	4.1564	4.0097	4.0732	4.3018	4.4115	4.4717	3.9429	3.9404	3.8899	4.1828	3.9833	4.0572	4.2539	4.0246	3.962	4.0375	4.1919	4.2453	4.5174	4.0609	3.7335	4.3041	3.9097	4.1964	4.2886	3.8092	3.9633	4.0793	4.1385	3.9853	4.0393	4.1918	3.9205	3.77	4.4233	4.2596	4.0949	3.9547	4.217	4.3471	4.3148	4.0055	4.331	4.3563	3.9839	4.2561	4.1372	4.0667	4.3613	4.1247	4.1292	4.3162	4.4618	4.3888	4.4143	4.2635	4.308	4.2114
chr3	4395000	5400000	5.0405	4.2852	5.0466	4.8844	5.0107	4.9459	5.1548	4.9042	4.7521	5.1042	4.8788	4.9574	5.0991	5.086	5.1386	4.9061	5.2262	5.2141	5.3711	5.7264	5.5377	5.6718	5.6828	6.036	5.9238	5.8769	6.1366	6.4484	6.4347	6.5152	6.4246	6.6192	6.8957	6.563	6.5318	6.5538	6.7698	6.7068	6.5748	6.6316	6.776	6.386	6.6168	6.2372	6.3114	6.6381	6.583	6.7452	6.8485	6.3157	6.2774	6.9025	6.6322	6.8267	6.9788	6.7121	6.9912	7.222	7.2641	7.6685	7.5615	7.5981	7.7864	7.7856	7.9435	7.9456	8.0758	8.167	7.6592	7.9035	7.9069	7.6271	7.9127	7.6731	7.4858	7.4603	7.5054	6.7744	7.3121	6.7823	6.7088	6.7154	6.4453	6.6501	6.6088	6.5308	6.2927	6.3959	6.3088	6.3468	6.8531	6.3877	6.1099	6.087	5.9516	5.9712	5.6795	5.8792	5.5102	5.3866	5.3415	5.3012	4.9632	4.9621	4.7401	5.0081	4.7725	4.5786	5.0248	4.3761	4.4974	4.3364	4.4846	4.5207	4.4712	4.3293	4.2741	4.1024	4.3714	3.7943	4.4496	4.2733	4.0649	4.4945	4.4142	4.2928	4.3315	4.2264	4.0225	4.1448	4.2144	3.9374	3.9106	4.0289	3.9113	4.1258	4.2142	4.2013	4.1995	4.1634	4.035	3.9709	4.3152	4.1508	4.0504	4.0394	4.2029	4.4314	4.5589	3.8628	4.0815	3.9517	4.1935	4.0565	4.1547	4.2294	4.0671	3.8921	4.1343	4.1125	4.1715	4.5312	4.077	3.8622	4.1542	3.9306	4.0689	4.2627	3.8873	3.9634	4.029	4.2113	3.9418	4.0237	4.1815	4.0111	3.8916	4.4526	4.2125	4.0672	3.8675	4.1312	4.2652	4.2328	4.0267	4.3196	4.296	4.077	4.2522	4.1993	4.1421	4.2808	4.1145	4.1981	4.2975	4.5245	4.4075	4.3313	4.3619	4.3254	4.1729
chr3	4400000	5405000	5.2604	4.3211	5.0187	4.9556	4.9647	4.8618	4.7693	4.5601	4.545	4.8026	4.7084	5.0252	5.127	5.1785	5.2229	4.9449	5.3129	5.2297	5.3889	5.646	5.6156	5.6643	5.6455	5.9912	5.8362	5.8919	6.1625	6.5097	6.4576	6.437	6.412	6.5371	6.7589	6.4844	6.3579	6.4884	6.7778	6.7117	6.6028	6.6921	6.8059	6.4142	6.6322	6.2508	6.344	6.7532	6.4893	6.7769	6.7378	6.2751	6.404	6.8672	6.7729	6.9261	7.1291	6.8201	6.9848	7.4384	7.3845	7.7165	7.6981	7.6118	7.6745	7.6948	7.7045	7.7722	7.785	7.685	7.425	7.6731	7.714	7.4467	7.8007	7.5484	7.5203	7.5252	7.5419	7.0453	7.2177	6.9666	6.934	6.7658	6.5811	6.5952	6.6188	6.4885	6.3876	6.4118	6.1476	6.3961	6.639	6.267	6.0758	6.0569	5.9786	5.8721	5.6332	6.0917	5.7295	5.547	5.5708	5.5278	5.2482	5.1989	4.8705	5.1433	4.8098	4.7388	5.2976	4.326	4.6163	4.4798	4.5501	4.6332	4.5041	4.3586	4.3869	4.1662	4.2622	3.9398	4.4525	4.3387	4.0855	4.4573	4.3276	4.3557	4.3488	4.2471	4.0154	4.0686	4.2127	3.9855	3.8667	4.0988	3.9512	4.1932	4.1474	4.2334	4.2337	4.2329	4.0649	4.1089	4.3052	4.0331	3.9878	3.9876	4.1553	4.4373	4.3571	3.9039	4.0615	4.0436	4.0976	4.0505	4.1039	4.2654	4.1827	3.9775	4.1331	4.0796	4.2795	4.3896	4.0029	3.9899	4.2184	3.9424	4.1009	4.2362	3.8666	3.9492	4.0	4.0742	3.84	3.8448	4.1724	3.8909	3.8142	4.517	4.246	4.0578	3.7238	4.0336	4.1694	4.2972	4.0013	4.2512	4.2505	4.0236	4.2259	4.2449	4.2808	4.307	4.1407	4.1268	4.2884	4.5425	4.3546	4.2872	4.2421	4.248	4.2099
chr3	4405000	5410000	5.0138	4.1919	4.8156	4.8005	4.5565	4.5143	4.4786	4.3428	4.508	4.7837	4.7266	4.9123	5.0887	5.2575	5.3981	5.0484	5.45	5.1787	5.3927	5.6334	5.5492	5.5986	5.6997	5.9043	5.7392	6.022	6.0846	6.3562	6.3208	6.4065	6.3413	6.4441	6.5554	6.2605	6.24	6.3506	6.6868	6.4816	6.3805	6.7189	6.7704	6.3934	6.6988	6.2913	6.451	6.7679	6.5853	6.7729	6.775	6.4527	6.495	6.9989	6.9138	7.0048	7.0921	6.8519	7.0336	7.5392	7.4588	7.6723	7.6263	7.5841	7.5605	7.4964	7.4346	7.5217	7.4484	7.3826	7.2672	7.5233	7.537	7.1656	7.5042	7.454	7.5301	7.4149	7.4652	7.1375	7.3587	7.1305	7.1176	6.8867	6.7371	6.6277	6.6966	6.452	6.4263	6.3535	5.9834	6.2009	6.5077	6.1089	5.9579	6.0271	6.0305	5.9587	5.8235	6.1912	5.6245	5.7005	5.5582	5.7595	5.5058	5.3999	5.1069	5.2142	5.0322	4.8208	5.3951	4.5054	4.8019	4.5718	4.5271	4.7229	4.5633	4.4202	4.4187	4.2381	4.3722	4.0259	4.4587	4.3856	4.0918	4.5277	4.3234	4.3758	4.3225	4.2834	4.012	4.0938	4.2172	3.8867	4.0238	4.2165	4.0087	4.2912	4.1579	4.2704	4.2973	4.2332	4.14	4.0896	4.2381	4.0784	4.0733	3.9094	4.2574	4.431	4.2797	4.0491	4.0462	3.9767	4.1278	4.049	4.0639	4.3789	4.1385	4.0102	4.0956	4.0397	4.2238	4.387	3.9987	3.8841	4.2399	4.0811	4.1652	4.2275	3.9437	3.9701	4.1308	4.0608	3.8899	3.9149	4.1832	4.0061	3.8024	4.4019	4.2539	4.0409	3.7217	3.9877	4.1405	4.3682	4.0943	4.2392	4.4002	3.9252	4.2699	4.1754	4.1631	4.332	4.0899	4.102	4.36	4.4537	4.3961	4.3524	4.0821	4.1961	4.2403
chr3	4410000	5415000	4.8425	4.0567	4.3865	4.2238	4.2903	4.3915	4.5968	4.3874	4.591	4.868	4.7661	4.9633	5.0125	5.0133	5.3259	5.0906	5.3826	5.1943	5.5168	5.721	5.64	5.5183	5.7492	5.824	5.7549	6.0585	5.9337	6.4058	6.0155	6.2249	6.223	6.2044	6.3128	5.996	5.9783	6.1023	6.4349	6.2649	6.2169	6.5182	6.6809	6.3727	6.6901	6.351	6.4921	6.696	6.6849	6.8537	6.8635	6.621	6.6235	6.9252	7.0071	7.111	7.2299	7.0126	7.2041	7.6008	7.43	7.5975	7.4007	7.4981	7.1696	7.2815	7.2103	7.3394	7.0816	7.1219	6.9572	7.158	7.2516	6.882	7.2359	7.1678	7.341	7.2107	7.2811	7.0923	7.262	7.2717	7.2744	6.8849	6.7418	6.8012	6.7242	6.5898	6.3727	6.1508	6.1164	6.1876	6.376	6.0983	5.9111	5.9743	6.0898	5.8594	5.861	6.2859	5.7863	5.6852	5.6355	6.0526	5.5618	5.5823	5.3972	5.4638	5.3321	4.9703	5.6223	4.8762	5.0078	4.7324	4.6575	4.7373	4.57	4.4554	4.5025	4.3611	4.3755	4.0554	4.4493	4.3695	4.0575	4.5183	4.3583	4.3337	4.4602	4.2703	3.9932	4.0106	4.2297	3.927	4.0286	4.098	4.0033	4.2324	4.2004	4.3088	4.4	4.3742	4.25	4.1798	4.3696	3.971	4.1854	4.0604	4.209	4.379	4.2526	4.0863	4.1358	4.2127	4.0977	4.0426	4.0319	4.3029	4.0388	3.9919	4.1272	4.0456	4.1845	4.2763	4.0535	3.9008	4.254	4.1472	4.1395	4.3886	3.8954	3.9561	4.1037	4.1624	3.8708	3.9876	4.1828	4.0774	3.7575	4.3408	4.1057	4.0668	3.6641	3.9347	4.1754	4.1585	4.1527	4.1913	4.3068	3.9957	4.3666	4.2575	4.0824	4.3577	4.1193	4.1409	4.2078	4.4649	4.423	4.4027	4.1054	4.2566	4.213
chr3	4415000	5420000	4.8828	3.8229	4.1404	4.0215	4.3114	4.4063	4.7167	4.6322	4.6195	4.8849	4.8697	5.0084	5.0323	5.0831	5.3227	5.141	5.4534	5.3109	5.6443	5.7738	5.6948	5.6108	5.7271	5.9245	5.7911	5.9804	5.7852	6.1122	5.8482	6.0197	5.9604	6.117	6.1312	5.882	5.839	5.9895	6.3379	6.1089	6.0346	6.333	6.5422	6.2799	6.5761	6.4239	6.5426	6.8227	6.6654	6.9735	6.9164	6.6025	6.7375	7.0603	7.1523	7.3234	7.4201	7.0903	7.1678	7.6006	7.3802	7.3774	7.2141	7.4471	6.9089	6.9875	7.0793	6.9542	6.8975	6.8573	6.6077	6.9859	6.9431	6.6594	6.9678	6.8622	6.9603	6.8981	7.0273	6.9888	7.2099	7.269	7.239	7.0107	6.9338	6.9041	6.7491	6.6113	6.5233	6.2943	6.0415	6.1202	6.4491	6.0746	5.8406	5.8582	6.0321	5.8648	5.7167	6.2124	5.6785	6.0149	5.815	6.0239	5.64	5.8023	5.7203	5.7606	5.5541	5.2556	5.8541	4.9617	5.1877	4.9295	4.7653	4.8373	4.6748	4.431	4.6097	4.4138	4.2716	4.1995	4.5089	4.395	4.1	4.4269	4.5418	4.389	4.3588	4.2525	4.0975	4.0658	4.3073	3.9207	4.1649	4.2054	4.0106	4.2529	4.178	4.3245	4.2828	4.4303	4.2436	4.2533	4.1694	3.9028	4.2095	4.0903	4.3656	4.3468	4.1548	4.072	4.1198	4.2505	4.1221	3.9731	3.9356	4.188	3.9418	4.0837	4.0075	4.1157	4.0394	4.2928	4.142	3.8597	4.3399	4.1311	4.0389	4.323	3.9299	4.035	4.105	4.1494	3.8472	4.0252	4.1697	4.0455	3.7281	4.2131	4.2441	4.0654	3.653	4.0953	4.1953	4.2711	4.1546	4.1538	4.3072	4.0297	4.3232	4.2781	4.1059	4.2477	4.1522	4.1422	4.1553	4.3417	4.4257	4.4407	4.1547	4.1406	4.436
chr3	4420000	5425000	5.0133	3.878	4.6859	4.1674	4.4761	4.5124	4.7953	4.6362	4.6457	4.8322	4.9089	5.0488	5.0681	5.0547	5.3406	5.034	5.4152	5.2832	5.6751	5.7682	5.5793	5.6657	5.7493	5.8556	5.6779	5.8335	5.6265	5.8919	5.7059	5.6887	5.7677	5.8172	6.0027	5.8013	5.7759	5.7304	6.1637	5.9994	5.9274	6.315	6.4573	6.1536	6.5283	6.3794	6.6922	6.9516	6.7685	7.0764	6.9847	6.9327	6.8943	7.1103	7.3628	7.4293	7.4278	7.1414	7.0044	7.4675	7.1109	7.0671	6.9507	7.2813	6.7634	6.8962	6.8736	6.8883	6.6698	6.5704	6.4166	6.7831	6.7012	6.4581	6.7746	6.6374	6.6814	6.8245	6.9255	6.8186	6.9109	7.0871	7.168	7.0919	6.8528	6.8236	6.8792	6.5798	6.5642	6.3176	6.1776	6.1406	6.5416	6.1701	5.8573	5.9078	6.0898	5.7889	5.7972	6.2305	5.7812	6.0113	5.9695	6.1761	5.9543	5.8828	5.7333	5.9652	5.7111	5.4681	6.1891	5.2322	5.4698	5.1354	4.9902	5.1177	4.8572	4.6375	4.7419	4.431	4.2696	4.2323	4.6354	4.3884	4.1807	4.523	4.6086	4.2765	4.4187	4.2691	4.0338	4.1746	4.2566	3.9295	4.1941	4.2161	4.1829	4.4285	4.1344	4.312	4.2667	4.4773	4.2724	4.1967	4.2968	3.9836	4.133	4.1445	4.3249	4.3794	4.214	3.9541	4.1419	4.2136	4.1212	3.942	3.9986	4.2485	3.8914	3.9395	4.1057	4.254	4.2639	4.3131	4.235	3.9684	4.4044	4.3176	4.1171	4.315	3.9551	3.9992	4.0788	4.2041	3.8778	4.0334	4.3305	3.9975	3.8816	4.1609	4.3713	4.0522	3.7042	4.0275	4.2485	4.2804	4.2551	4.3078	4.3776	4.1191	4.215	4.248	4.1276	4.2492	4.1249	4.0717	4.1027	4.3584	4.4276	4.4181	4.1103	4.1068	4.4166
chr3	4425000	5430000	5.103	4.2567	5.3705	4.6111	4.9437	4.752	5.0165	4.7305	4.8489	4.8603	4.9423	5.0884	5.1857	5.2064	5.4058	5.2274	5.3622	5.3888	5.6452	5.7313	5.5516	5.6865	5.5888	5.8491	5.4789	5.7596	5.4421	5.7066	5.5134	5.5026	5.6491	5.7093	5.8349	5.5479	5.5157	5.6283	5.9515	5.874	5.8994	6.0838	6.4123	6.0324	6.5192	6.2806	6.6381	6.8242	6.9257	7.1401	7.1447	7.001	6.9268	7.1918	7.4038	7.5034	7.2053	6.9698	6.7653	7.1288	6.8619	6.9642	6.7757	7.1256	6.6178	6.7192	6.7326	6.7669	6.5133	6.6096	6.2034	6.5625	6.5472	6.2409	6.6062	6.4761	6.5556	6.5987	6.7252	6.7196	6.7871	6.8335	6.9515	6.8849	6.791	6.7157	6.742	6.7393	6.6008	6.4787	6.2158	6.3722	6.5855	6.1675	6.0197	6.1602	6.1292	5.8393	5.8778	6.2247	5.7288	5.9718	5.9068	6.1313	5.9983	6.0445	5.9692	5.9379	5.7997	5.6423	6.2421	5.371	5.6686	5.3801	5.1865	5.1788	5.0409	4.8644	4.8092	4.4795	4.5151	4.324	4.6925	4.4321	4.1389	4.3845	4.5773	4.3281	4.5285	4.3549	4.1271	4.221	4.3222	4.0367	4.1005	4.3113	4.1849	4.476	4.2573	4.3407	4.2399	4.4755	4.3226	4.269	4.2909	4.0139	4.2015	4.2213	4.2985	4.2854	4.3268	3.9293	4.2159	4.2401	4.1567	3.8757	4.0023	4.098	3.8907	3.9664	4.1735	4.2224	4.2723	4.4614	4.2435	3.9549	4.4939	4.2093	4.2052	4.3324	3.8355	3.9305	4.1887	4.1193	3.8293	4.1252	4.3973	4.0944	3.7807	4.1593	4.2797	4.09	3.6255	4.1443	4.4111	4.3606	4.2781	4.3478	4.3874	4.004	4.1943	4.2107	4.1203	4.1181	4.1798	4.0249	4.1528	4.4938	4.3884	4.3981	4.1793	4.0568	4.3755
chr3	4430000	5435000	5.1074	4.4451	5.3343	5.1187	5.2953	4.9924	5.3297	5.0517	5.0553	4.7836	5.0193	5.0439	5.2549	5.1382	5.39	5.1765	5.4132	5.4263	5.5032	5.5778	5.2507	5.5532	5.2623	5.6136	5.3563	5.6781	5.4193	5.5809	5.3923	5.3427	5.5816	5.4818	5.666	5.3762	5.3742	5.4683	5.7573	5.7118	5.7203	5.9631	6.3315	5.9094	6.4047	6.1578	6.6231	6.8053	6.898	7.0555	7.1185	7.0185	6.8262	7.2795	7.1609	7.3988	7.1204	6.7813	6.75	6.9774	6.6508	6.7997	6.6628	6.8836	6.3765	6.622	6.6078	6.5789	6.3889	6.6036	5.9871	6.3912	6.3906	6.0382	6.5398	6.4376	6.3364	6.5052	6.518	6.5457	6.3562	6.5737	6.6926	6.6538	6.4802	6.6681	6.7232	6.6701	6.5233	6.5579	6.4257	6.5658	6.6191	6.2854	6.1704	6.3951	6.2218	5.9211	5.9112	6.3074	5.7307	6.0666	5.9325	6.1319	6.0197	6.1125	5.9086	5.9948	5.8197	5.6205	6.2636	5.6176	5.7879	5.5569	5.3414	5.3938	5.2991	5.0432	4.9985	4.8678	4.7042	4.5513	4.7335	4.5163	4.341	4.4604	4.8208	4.3067	4.549	4.4932	4.2615	4.3238	4.5507	3.9336	4.1766	4.432	4.191	4.4648	4.3636	4.3088	4.2685	4.4946	4.3386	4.288	4.3059	4.0213	4.1941	4.23	4.4123	4.3581	4.3265	3.8989	4.1749	4.0777	4.0693	4.0515	4.1361	4.2114	3.8439	3.9944	4.1497	4.3382	4.3722	4.3836	4.2687	4.0282	4.4299	4.2635	4.2329	4.3443	3.7202	3.8696	4.2163	4.155	3.8459	4.07	4.4103	4.0931	3.7272	4.2175	4.2373	4.0905	3.5634	4.0791	4.4948	4.2532	4.1949	4.2761	4.3574	4.0604	4.0761	4.1831	4.227	4.2111	4.2546	4.0841	4.1852	4.4469	4.307	4.3994	4.0423	4.0317	4.3272
chr3	4435000	5440000	4.9266	4.3863	5.1569	5.0261	5.2753	5.1793	5.4092	5.25	5.2333	4.9931	5.1721	5.1557	5.3509	5.3771	5.5262	5.356	5.3909	5.3454	5.3655	5.5128	5.0964	5.4047	5.0516	5.3111	5.1461	5.5417	5.2892	5.4435	5.341	5.208	5.4147	5.4638	5.6095	5.28	5.2643	5.2201	5.6114	5.6791	5.5424	5.9289	6.3069	5.7784	6.4789	6.3511	6.7593	6.8192	6.8283	7.1386	7.0843	6.8717	6.5817	7.1049	6.8695	7.085	6.9698	6.5975	6.615	6.8649	6.5929	6.6364	6.5408	6.6774	6.315	6.4791	6.4016	6.4687	6.3524	6.5732	6.0268	6.2806	6.3392	5.9429	6.3539	6.2175	6.1029	6.3902	6.1348	6.2432	6.1393	6.3205	6.6054	6.3263	6.2337	6.5723	6.4008	6.6793	6.5231	6.566	6.3863	6.6317	6.6928	6.5091	6.2598	6.3801	6.2432	6.027	5.9849	6.1867	5.9178	6.031	5.8877	6.1917	5.9898	6.09	5.9236	6.0826	5.8051	5.675	6.3483	5.5581	5.8507	5.7338	5.4964	5.6146	5.5073	5.1818	5.207	4.9818	4.856	4.7172	4.976	4.6126	4.441	4.5794	4.905	4.3786	4.6155	4.542	4.3232	4.4515	4.5228	4.0177	4.2535	4.4617	4.2022	4.5196	4.4229	4.3966	4.3388	4.4297	4.252	4.3501	4.3608	4.0589	4.1546	4.1552	4.4782	4.4099	4.323	3.6998	4.1277	3.9938	4.1437	4.0007	4.0348	4.2151	3.8142	4.1286	4.1243	4.3453	4.3426	4.5721	4.1916	3.971	4.3652	4.103	4.2141	4.2824	3.8151	3.9595	4.2027	4.1176	3.7738	4.1208	4.327	4.1695	3.8152	4.1406	4.265	4.1281	3.653	4.1324	4.3989	4.2282	4.2939	4.2995	4.3561	4.0667	4.0991	4.2907	4.2198	4.3503	4.1509	4.1656	4.2177	4.458	4.4626	4.2686	4.0708	3.9651	4.3201
chr3	4440000	5445000	4.9846	4.5221	5.2178	4.9869	5.2102	5.1659	5.5646	5.4246	5.4692	5.2623	5.388	5.2277	5.5542	5.4764	5.5274	5.2443	5.2712	5.2912	5.1879	5.3968	4.9534	5.2764	4.9576	5.212	4.9163	5.3316	5.1272	5.1728	5.3192	5.2827	5.4147	5.4345	5.631	5.1862	5.3199	5.146	5.6303	5.5884	5.6457	5.976	6.3227	5.7614	6.6026	6.3137	6.6518	6.822	6.8116	7.0783	6.8179	6.5526	6.2525	6.7667	6.6191	6.7472	6.7586	6.495	6.4437	6.7994	6.4229	6.3374	6.3313	6.494	6.1356	6.2767	6.2724	6.3086	6.271	6.4515	5.9444	6.2064	6.1761	5.8023	6.2715	6.2596	5.8805	6.3536	5.9786	6.0889	5.9883	6.0708	6.3637	6.2583	6.058	6.3538	6.3428	6.5382	6.4345	6.4113	6.3739	6.6183	6.6153	6.5505	6.3661	6.5614	6.2618	6.1752	6.0372	6.3577	6.1104	6.0183	5.9304	6.1327	5.9946	6.1028	5.9657	6.1385	5.8489	5.9717	6.3118	5.5458	5.9921	5.7809	5.5451	5.7694	5.7213	5.4194	5.4878	5.078	5.1401	4.8171	5.2263	4.8068	4.7335	4.6764	5.0783	4.4907	4.6511	4.4889	4.401	4.4854	4.4922	4.1119	4.2041	4.5216	4.3449	4.4849	4.4165	4.5583	4.3251	4.4449	4.271	4.4031	4.4937	3.9872	4.1465	4.1236	4.4929	4.3034	4.2404	3.7144	4.2184	4.1651	4.3367	3.9449	4.0857	4.2577	3.9624	4.2007	4.1556	4.3626	4.4002	4.6228	4.0882	3.9824	4.3217	4.0575	4.2425	4.2917	3.8544	3.9732	4.2335	4.2858	3.887	3.9956	4.442	4.0475	3.8595	4.1032	4.1665	4.0596	3.6902	4.1108	4.3384	4.304	4.1792	4.2771	4.395	4.2131	4.0626	4.2455	4.2476	4.3461	4.2432	4.152	4.1644	4.3843	4.3935	4.2287	4.0609	3.966	4.444
chr3	4445000	5450000	4.875	4.5405	5.2093	4.9267	5.2255	5.1378	5.6097	5.4059	5.3058	5.4518	5.4736	5.4169	5.7253	5.4371	5.436	5.0635	5.0956	5.0868	5.0085	5.2575	4.8789	5.1907	4.8297	5.0889	4.898	5.1533	4.9179	4.9347	5.1055	5.1526	5.3076	5.3369	5.5299	5.1623	5.2383	5.1628	5.6671	5.5744	5.6318	5.8046	6.2976	5.8238	6.4293	6.3157	6.5227	6.7888	6.4191	6.7576	6.4729	6.1578	5.9062	6.502	6.3874	6.3772	6.3492	6.3117	6.0787	6.5866	6.2545	6.1539	6.1874	6.4265	6.1777	6.1085	6.1006	6.1416	6.2229	6.3528	5.6758	6.0717	5.8557	5.6585	6.1353	5.8844	5.6558	6.0464	5.8292	5.9262	5.7891	5.8885	6.1074	6.0811	6.0038	6.0663	6.0705	6.3994	6.2484	6.1551	6.0739	6.4996	6.451	6.4578	6.3096	6.6607	6.4565	6.3684	6.0516	6.3747	6.2382	5.9789	6.0764	6.1109	5.997	6.025	5.8512	6.0734	5.7892	5.8097	6.1687	5.5868	6.0226	5.8776	5.4889	5.6762	5.5984	5.587	5.5768	5.2997	5.2547	5.0128	5.3627	5.0389	4.9619	4.834	5.2649	4.676	4.6944	4.5644	4.3799	4.443	4.4949	4.134	4.3277	4.6134	4.3891	4.6031	4.5203	4.5643	4.3358	4.4036	4.2342	4.2199	4.4556	4.0697	4.1982	4.0986	4.4015	4.3215	4.2992	3.8149	4.1805	4.1733	4.2568	4.0058	4.0929	4.2187	3.9174	4.2491	4.238	4.2821	4.3736	4.4715	4.0822	4.0379	4.2984	4.0789	4.2264	4.4925	3.9449	3.9513	4.1657	4.182	3.8999	4.0443	4.4612	4.1102	3.9364	4.0062	4.3609	4.0606	3.6968	4.0977	4.3521	4.3248	4.2155	4.28	4.4771	4.0895	3.9064	4.1393	4.1381	4.3122	4.1607	4.2056	4.0676	4.3016	4.3674	4.154	4.0636	3.9988	4.2992
chr3	4450000	5455000	4.9046	4.475	5.0433	4.8532	5.263	5.1632	5.5955	5.315	5.1654	5.5065	5.3776	5.4095	5.462	5.3937	5.3427	4.909	5.0687	4.9814	4.8717	5.1538	4.8772	5.0817	4.7669	5.0681	4.6969	5.0526	4.789	4.9407	5.0231	5.0314	5.3537	5.4127	5.4778	5.1051	5.2499	5.2672	5.7472	5.5897	5.7528	5.7805	6.4235	5.813	6.1916	6.1566	6.1756	6.4329	6.1942	6.4048	6.1152	5.9503	5.6631	6.162	6.0712	6.1015	6.1418	6.0018	5.8899	6.2656	6.1822	6.0834	6.0759	6.2626	6.0042	6.0593	6.0495	6.1134	6.1635	6.1768	5.6143	6.017	5.6966	5.5684	6.0488	5.6288	5.5393	5.9948	5.6871	5.7343	5.567	5.6896	5.8767	5.9795	5.8867	5.9098	5.9634	6.2448	6.0644	5.8301	5.8738	6.2923	6.4188	6.4571	6.3804	6.6048	6.4282	6.4423	6.1935	6.4249	6.3232	6.0864	6.2838	6.2906	6.0408	6.126	5.908	6.1432	5.7713	5.7583	6.1404	5.6479	5.9973	5.895	5.6286	5.7887	5.828	5.6276	5.7448	5.5817	5.373	5.2885	5.4964	5.1995	5.0135	4.9907	5.4355	4.8071	4.879	4.6381	4.622	4.473	4.6024	4.2279	4.3997	4.5698	4.3321	4.578	4.5102	4.6984	4.4175	4.495	4.2507	4.1839	4.5031	4.2219	4.0715	4.1156	4.4179	4.3143	4.4097	3.8234	4.0854	4.131	4.3164	4.0927	4.1362	4.2589	4.012	4.2369	4.3264	4.1643	4.3379	4.4842	4.0802	4.0587	4.334	4.0914	4.1326	4.6035	3.8897	4.0482	4.0493	4.1849	3.9032	3.9705	4.3804	4.0085	3.9148	4.067	4.2237	4.0644	3.7343	4.1083	4.2863	4.3792	4.1714	4.2512	4.491	4.1495	4.0977	4.2116	4.2474	4.3375	4.1317	4.2151	4.0527	4.3994	4.3862	4.2153	4.1624	4.0093	4.2463
chr3	4455000	5460000	4.9715	4.5006	5.0511	4.9424	5.3508	5.1954	5.4867	5.2363	4.9674	5.2574	5.0652	5.1662	5.1035	5.1014	5.11	4.8299	4.9883	4.9437	4.7788	5.0573	4.769	4.8679	4.575	5.0879	4.7065	4.969	4.7862	4.9918	5.1041	4.8757	5.2148	5.3562	5.4925	5.2566	5.3395	5.413	5.9125	5.6581	5.8064	5.8012	6.3869	5.6993	6.0151	5.903	5.7761	6.0127	5.827	6.0956	5.8125	5.5854	5.3173	5.8843	5.8047	5.7835	5.7958	5.7868	5.592	5.9881	5.9072	5.8633	5.9836	6.287	5.8306	5.9975	5.9767	5.9089	6.1149	6.1432	5.3564	5.7833	5.532	5.392	5.8552	5.6232	5.4502	5.7563	5.6736	5.5409	5.5321	5.576	5.6982	5.8108	5.7362	5.7569	5.7246	6.0404	5.7743	5.8116	5.7992	6.1015	6.2506	6.2	6.2764	6.4783	6.3522	6.3882	6.0864	6.3926	6.4548	6.2082	6.4486	6.331	6.1876	6.1981	5.943	6.2174	5.8182	5.7566	6.1382	5.5241	6.0361	5.7868	5.6172	5.8135	5.8811	5.7669	5.7865	5.5297	5.5637	5.5049	5.6777	5.5386	5.1234	5.2192	5.6582	5.0444	4.9898	4.8518	4.845	4.5754	4.6532	4.4184	4.373	4.6342	4.3909	4.5119	4.6018	4.6379	4.3663	4.6	4.3038	4.1426	4.4959	4.141	4.2725	4.1715	4.5831	4.3742	4.487	3.8349	4.1296	4.2291	4.3406	4.1189	4.1132	4.2649	4.0831	4.1881	4.3408	4.1375	4.3877	4.5604	4.1336	4.0418	4.2293	3.9644	4.1483	4.5614	3.8733	4.1323	4.147	4.1517	3.9493	4.0245	4.3138	4.0689	3.9282	4.0453	4.2823	4.0868	3.8366	4.148	4.3478	4.2407	3.9684	4.3185	4.5036	4.182	4.1775	4.1563	4.2668	4.2689	3.9945	4.2438	3.9515	4.3229	4.4449	4.2393	4.1533	4.1135	4.3139
chr3	4460000	5465000	5.0352	4.5457	5.142	4.9939	5.339	5.2008	5.4344	5.0942	4.8371	5.1244	4.77	4.9347	4.9008	4.8085	4.9293	4.7466	4.9557	4.9253	4.7971	5.1032	4.7653	4.881	4.6343	5.2088	4.7536	5.0384	4.8601	5.0235	5.1734	4.9618	5.3287	5.3183	5.5919	5.373	5.341	5.5773	5.958	5.8367	5.9023	5.9576	6.2105	5.4382	5.7883	5.5083	5.5559	5.7	5.3962	5.7992	5.5938	5.3514	5.0396	5.5819	5.6666	5.4524	5.5624	5.5625	5.3452	5.6284	5.8299	5.7027	5.8763	6.16	5.702	5.9437	5.8171	5.8208	5.7299	5.9637	5.2481	5.5196	5.4785	5.2834	5.6771	5.4674	5.3385	5.6114	5.5779	5.5712	5.395	5.4443	5.5372	5.798	5.5909	5.5419	5.7974	5.9344	5.6359	5.6402	5.7796	5.9768	6.1414	6.2124	6.1442	6.3269	6.2574	6.2581	6.0763	6.4586	6.6338	6.2623	6.5004	6.3871	6.2812	6.2074	5.9772	6.2871	5.9906	5.9537	6.1363	5.4441	5.967	5.7719	5.563	5.7718	5.899	5.8578	5.852	5.6258	5.7014	5.6157	5.7847	5.6963	5.3788	5.3122	5.7275	5.1209	5.1874	5.0035	4.9393	4.8293	4.7419	4.5486	4.49	4.7141	4.4106	4.5602	4.6251	4.5682	4.3203	4.7106	4.2251	4.0845	4.4763	4.2026	4.3077	4.16	4.6166	4.3752	4.5991	4.0474	4.326	4.2762	4.3473	4.054	4.2741	4.2935	4.0964	4.2091	4.4416	4.2197	4.5035	4.4873	4.2805	4.0486	4.1619	4.0923	4.1625	4.5725	3.9762	4.0793	3.9937	4.074	3.9113	4.0617	4.2641	3.9216	3.9728	4.1324	4.152	4.0379	3.9112	4.1721	4.3141	4.0885	4.1096	4.4628	4.4518	4.2752	4.0956	4.1812	4.2521	4.2764	4.0302	4.1727	3.8783	4.3044	4.3683	4.181	4.1671	4.2435	4.3403
chr3	4465000	5470000	4.9608	4.3749	4.872	4.99	5.0021	5.0656	5.0028	4.8083	4.67	4.8171	4.5614	4.6847	4.5835	4.5673	4.8085	4.6003	4.7957	4.7754	4.6536	5.144	4.916	4.7411	4.738	5.1685	4.7746	5.0009	4.912	5.1671	5.2969	5.0002	5.3933	5.2875	5.6543	5.2847	5.3055	5.5957	5.8517	5.6336	5.6125	5.6629	5.8691	5.0364	5.4281	5.1212	5.2649	5.4153	5.207	5.4871	5.1705	4.919	4.8003	5.2903	5.4143	5.2842	5.4282	5.2163	5.2856	5.6234	5.5942	5.5573	5.8707	6.0287	5.546	5.7682	5.6119	5.623	5.6726	5.7392	5.2094	5.4403	5.2569	5.0816	5.6703	5.3501	5.3288	5.4443	5.3845	5.3779	5.2871	5.302	5.3983	5.7481	5.5785	5.3314	5.6291	5.8186	5.7124	5.4835	5.6866	5.8061	5.9794	6.0261	6.1363	6.1889	6.1777	6.0878	5.979	6.5235	6.5842	6.3401	6.3965	6.4428	6.3234	6.2611	5.9706	6.2352	5.993	5.9965	6.2787	5.3679	6.0004	5.7007	5.6108	5.879	5.9528	5.7917	5.9268	5.5443	5.6488	5.657	5.8431	5.8351	5.2124	5.5854	5.8561	5.3409	5.4712	5.267	5.0565	4.9043	4.7787	4.6724	4.6164	4.7522	4.5824	4.5391	4.4888	4.5527	4.3564	4.748	4.2893	4.1182	4.4245	4.1957	4.3748	4.1944	4.5677	4.397	4.5793	3.9993	4.2525	4.3895	4.3653	4.0055	4.2062	4.2958	4.2431	4.2929	4.467	4.191	4.5605	4.4059	4.274	4.0425	4.3242	4.0871	4.1151	4.5288	3.9121	4.2267	3.9402	4.103	3.9036	4.0121	4.3063	4.0099	3.8232	4.1158	4.1216	3.9885	3.9735	4.1791	4.4493	4.2542	4.1231	4.5666	4.4083	4.1825	3.9856	4.2196	4.1053	4.2664	4.0322	4.2454	3.9184	4.2514	4.3272	4.2042	4.0382	4.1919	4.3433
chr3	4470000	5475000	4.7472	4.2537	4.5452	4.6109	4.3545	4.5344	4.535	4.3598	4.432	4.4936	4.4332	4.4968	4.4859	4.4148	4.6559	4.4137	4.5892	4.6799	4.5321	5.0316	4.891	4.9373	4.6935	5.1751	4.8432	4.99	4.9696	5.2866	5.4537	5.2516	5.6205	5.2042	5.7941	5.4046	5.3946	5.5871	5.6686	5.3552	5.2984	5.4512	5.6303	4.7763	5.2129	4.9382	4.9532	5.0464	4.9469	5.187	5.0341	4.6193	4.5889	4.9977	5.2175	5.1044	5.3066	5.0707	5.2333	5.499	5.5041	5.4427	5.6372	5.838	5.3092	5.5168	5.5036	5.4524	5.5505	5.6618	5.1145	5.4658	5.3397	4.9722	5.5694	5.2699	5.3328	5.4249	5.292	5.3176	5.3027	5.3305	5.3911	5.7252	5.5322	5.2426	5.5922	5.754	5.6251	5.3594	5.4899	5.6489	5.8758	6.0008	5.9882	6.0746	6.0639	6.0149	5.8323	6.2927	6.3962	6.2888	6.2819	6.3362	6.4609	6.4587	6.0507	6.2273	6.1339	5.9819	6.4732	5.6306	6.1427	5.7758	5.5987	5.7672	6.0277	5.7759	5.8553	5.5781	5.6875	5.7894	5.8378	5.8567	5.415	5.5292	5.9917	5.5401	5.6834	5.4234	5.2967	5.12	5.0244	4.6669	4.762	4.8465	4.6909	4.7875	4.4957	4.4215	4.3761	4.7673	4.3198	4.1749	4.385	4.2892	4.4339	4.1928	4.7049	4.3961	4.5261	4.066	4.2726	4.3441	4.2853	4.0595	4.2069	4.356	4.1644	4.2748	4.3634	4.1621	4.6304	4.3521	4.1681	3.9171	4.4184	3.9633	4.1763	4.4345	3.7092	4.2687	4.0007	4.068	3.9844	4.0868	4.3461	4.1228	3.9016	4.177	4.3266	3.9822	3.9922	4.187	4.5034	4.2791	4.2773	4.521	4.3036	4.2278	4.0689	4.1864	4.0692	4.2164	4.0387	4.2419	3.9941	4.2008	4.3241	4.2301	4.0878	4.1436	4.2866
chr3	4475000	5480000	4.5591	4.1202	4.2392	3.9834	3.8193	4.0665	4.1992	4.0952	4.2218	4.4287	4.4158	4.3972	4.3306	4.3198	4.5821	4.27	4.4597	4.4893	4.5038	4.9841	4.629	4.9332	4.7603	5.2745	4.9884	5.2056	5.1813	5.3672	5.5768	5.427	5.7568	5.3969	5.7102	5.3211	5.1782	5.1752	5.3157	5.0779	5.029	5.0897	5.3658	4.6485	5.1637	4.866	4.8164	4.8978	4.8466	5.1825	4.8828	4.4799	4.429	4.8139	5.0255	4.8878	5.0639	5.0428	5.0106	5.2317	5.2909	5.3403	5.3827	5.5384	5.0395	5.2727	5.1555	5.1788	5.444	5.4273	5.0157	5.3183	5.1591	4.8977	5.389	5.1848	5.1456	5.3023	5.2193	5.2001	5.1829	5.172	5.2895	5.532	5.4857	5.1781	5.4024	5.6599	5.5451	5.2701	5.4592	5.5641	5.7128	5.8495	5.893	5.9354	5.9172	5.8528	5.6595	6.1533	6.2284	6.004	6.0206	6.2809	6.2952	6.3934	5.9823	6.2224	6.2597	6.1275	6.5174	5.8054	6.1777	5.8836	5.5637	5.9359	5.9468	5.783	5.9118	5.519	5.6115	5.5953	5.7343	5.7666	5.5487	5.6435	6.0732	5.5339	5.7651	5.5328	5.2887	5.269	5.2112	4.8392	4.8326	5.0778	4.7435	4.8115	4.6918	4.4807	4.4697	4.8211	4.4113	4.2713	4.4331	4.3589	4.4421	4.1878	4.7472	4.3318	4.6346	4.2685	4.172	4.4147	4.3785	4.0636	4.2805	4.3185	4.2933	4.1939	4.4112	4.2899	4.6231	4.3674	4.2126	3.8622	4.3968	4.141	4.0499	4.3273	3.6891	4.0241	3.996	4.0617	3.9534	4.177	4.2888	4.101	3.9768	4.2092	4.347	3.9966	3.894	4.1276	4.4793	4.1887	4.1389	4.3573	4.1416	4.2594	4.078	4.268	4.0627	4.2044	4.0304	4.2716	4.0897	4.1118	4.3737	4.1803	4.1512	4.1607	4.0983
chr3	4480000	5485000	4.6103	3.8328	3.9098	3.5923	3.6361	3.9427	4.0598	3.8959	4.0789	4.3206	4.3411	4.3385	4.2252	4.3239	4.5645	4.3808	4.5047	4.5039	4.604	4.9656	4.754	5.0077	4.8338	5.3673	4.992	5.3012	5.3947	5.5603	5.7309	5.4645	5.8089	5.4021	5.6447	5.2547	5.0617	4.9538	5.0805	4.8273	4.7597	4.6889	5.0993	4.4112	4.8297	4.5914	4.6898	4.8158	4.6389	4.9594	4.6337	4.3857	4.2564	4.6766	4.8234	4.8001	5.0096	4.8439	4.9318	5.1388	5.0762	5.1664	5.1868	5.3965	4.8482	5.1642	5.0331	4.8859	5.2715	5.2796	4.8506	5.272	5.0044	4.8843	5.4301	5.1603	5.1337	5.3183	5.1957	5.3339	5.1475	5.205	5.3036	5.5462	5.5589	5.2806	5.4735	5.4977	5.4746	5.2113	5.2876	5.4878	5.6539	5.77	5.7149	5.8475	5.7438	5.7913	5.5572	6.0266	6.0637	5.7784	5.8031	6.1103	6.1329	6.4107	6.0075	6.2162	6.2484	6.2748	6.6765	5.8654	6.3626	6.09	5.667	6.0398	6.0794	5.8471	5.9218	5.4298	5.5824	5.6625	5.8658	5.6999	5.4909	5.5601	6.1532	5.5641	5.7724	5.5392	5.4495	5.5836	5.4588	5.1083	5.0601	5.1526	4.9034	4.8929	4.9089	4.7055	4.6241	4.9684	4.6864	4.3909	4.609	4.4022	4.4736	4.256	4.6987	4.3886	4.6812	4.3728	4.1187	4.3556	4.3764	4.3051	4.2903	4.3788	4.3014	4.2838	4.4305	4.265	4.6971	4.4819	4.1316	3.9036	4.4978	4.1979	4.1534	4.3718	3.7683	4.0838	4.105	4.0655	4.098	4.1999	4.363	4.1859	3.9792	4.2538	4.3493	3.981	3.9208	4.1713	4.5977	4.3528	4.2583	4.5472	4.2535	4.0045	4.2261	4.238	4.0986	4.1567	4.0633	4.3039	4.077	4.1866	4.437	4.0614	4.2206	4.2309	4.1449
chr3	4485000	5490000	4.4924	3.7902	4.1619	3.5215	3.7176	3.9207	4.2021	3.9055	4.0552	4.3359	4.4059	4.3397	4.3638	4.2859	4.4893	4.2995	4.4497	4.5336	4.6608	4.842	4.7911	4.9998	4.8635	5.4148	5.1162	5.5629	5.5217	5.7684	5.7613	5.5017	5.6025	5.2568	5.4006	4.9661	4.8513	4.6912	4.804	4.7797	4.5604	4.5239	4.8581	4.19	4.6575	4.5079	4.52	4.6241	4.5565	4.7017	4.7142	4.2478	4.1548	4.7001	4.6357	4.7937	4.8916	4.6696	4.5425	4.8837	4.7229	4.974	4.8798	5.1743	4.7907	4.9206	4.8885	4.7722	5.1023	5.2726	4.7118	5.2064	4.8741	4.7163	5.2579	5.1695	5.1011	5.2228	5.144	5.1812	5.1208	5.2338	5.2578	5.4144	5.4306	5.1858	5.2775	5.5711	5.4583	5.201	5.257	5.5057	5.5002	5.6259	5.5748	5.5754	5.7064	5.5653	5.5167	6.01	5.8672	5.6697	5.7622	5.9575	5.9574	6.3386	5.8945	6.1221	6.1733	6.2067	6.6063	6.0077	6.4099	6.1343	5.7721	5.9966	6.1791	5.9454	6.1119	5.5631	5.7763	5.6501	5.9279	5.6105	5.4944	5.4497	6.0682	5.5317	5.7478	5.567	5.3638	5.6218	5.4373	5.1096	5.3447	5.3305	5.1729	5.1527	5.1215	4.9965	4.9012	5.1361	4.859	4.5668	4.8984	4.5423	4.5435	4.2781	4.6496	4.3723	4.773	4.3133	4.2373	4.3835	4.3741	4.3773	4.3235	4.4934	4.1415	4.3358	4.422	4.3067	4.7383	4.4973	4.2236	3.8563	4.479	4.2635	4.1922	4.4193	3.7667	4.1057	4.224	4.0581	4.1056	4.2358	4.4632	4.1978	4.1167	4.2078	4.3676	3.9326	3.8986	4.158	4.6178	4.3683	4.252	4.5925	4.2915	4.145	4.0205	4.1385	4.077	4.1753	4.0437	4.3424	4.1016	4.1346	4.4592	4.2455	4.3543	4.2789	4.1945
chr3	4490000	5495000	4.5233	4.0814	4.737	3.8658	4.0876	4.0178	4.3709	3.9881	4.0426	4.2926	4.3228	4.2037	4.3897	4.243	4.4928	4.4299	4.4796	4.448	4.9232	4.9953	5.0769	5.0327	5.0482	5.5754	5.2066	5.471	5.394	5.6959	5.3324	5.3092	5.3792	5.1259	5.203	4.7758	4.5411	4.4805	4.5036	4.578	4.3763	4.2553	4.7323	4.0569	4.4627	4.3028	4.3622	4.3585	4.3405	4.6249	4.6242	4.1366	4.123	4.5517	4.4911	4.6959	4.702	4.4274	4.47	4.5945	4.3694	4.755	4.6224	4.8747	4.5864	4.7164	4.6829	4.674	4.9285	5.091	4.5002	5.0456	4.703	4.5528	5.1951	4.991	5.0449	5.2273	5.0547	5.1696	5.0277	5.2584	5.1877	5.3179	5.3729	5.2764	5.3455	5.4486	5.4079	5.1904	5.1559	5.4764	5.5398	5.5245	5.4677	5.5179	5.5675	5.5016	5.4427	5.8341	5.8625	5.4571	5.5365	5.8589	5.8101	6.2366	5.796	6.0003	6.0614	6.169	6.4642	5.9688	6.349	6.1795	5.9064	6.0898	6.1421	6.0525	6.1703	5.7197	5.8712	5.6743	6.0587	5.6148	5.4768	5.4983	6.0031	5.5716	5.7817	5.6795	5.5001	5.6048	5.5199	5.2268	5.3333	5.5961	5.2327	5.4004	5.268	5.1893	5.049	5.2028	5.0765	4.7605	5.0431	4.6947	4.7054	4.4188	4.6737	4.442	4.863	4.3563	4.1949	4.4157	4.4619	4.5781	4.3744	4.3916	4.2441	4.215	4.4397	4.3853	4.7839	4.5589	4.442	3.8866	4.5326	4.2627	4.195	4.4636	3.7867	4.1204	4.4231	4.152	4.1017	4.191	4.4456	4.3157	4.1325	4.1316	4.403	3.9729	3.7949	4.2421	4.597	4.3678	4.3889	4.5691	4.3328	4.1114	4.1252	4.1293	4.1011	4.2393	4.1257	4.2492	4.1062	4.2447	4.6119	4.3155	4.3874	4.3477	4.1258
chr3	4495000	5500000	4.6906	4.1344	4.9159	4.4367	4.453	4.503	4.6027	4.2489	4.1227	4.3191	4.4486	4.336	4.5507	4.3371	4.5227	4.458	4.6717	4.5871	5.084	5.0996	5.3167	5.1615	5.1503	5.5378	5.1933	5.4617	5.1953	5.4241	4.9367	5.074	5.0246	4.8832	5.0436	4.6244	4.4225	4.3752	4.3114	4.3148	4.1131	4.1356	4.6291	3.8106	4.2822	4.2422	4.303	4.3312	4.149	4.4765	4.3756	4.0926	4.1846	4.4432	4.2381	4.3721	4.4512	4.1881	4.1841	4.444	4.0745	4.5914	4.3415	4.6622	4.4836	4.5402	4.4257	4.3815	4.7768	4.9003	4.4118	4.8932	4.4523	4.4134	5.1407	4.7876	4.888	5.1692	5.0414	5.174	5.0094	5.2628	5.1318	5.2578	5.2887	5.194	5.339	5.2725	5.4805	5.1676	5.0681	5.3823	5.5023	5.4169	5.3041	5.4091	5.5941	5.3761	5.2576	5.5351	5.7429	5.3595	5.513	5.7354	5.6965	6.1865	5.7799	5.9525	5.8617	6.1769	6.3007	6.0449	6.2914	6.1604	5.7786	6.1894	6.0966	6.2398	6.198	5.8924	5.8778	5.6902	5.9331	5.5381	5.5559	5.3854	6.019	5.6651	5.6146	5.6057	5.4818	5.6424	5.6689	5.4192	5.4673	5.6199	5.2336	5.6689	5.427	5.4503	5.162	5.3815	5.1652	4.884	5.0967	4.7653	4.7182	4.57	4.7165	4.5531	4.9318	4.3914	4.2898	4.4953	4.5463	4.7486	4.2239	4.332	4.2701	4.1075	4.4189	4.4355	4.6786	4.6218	4.3578	4.1075	4.4324	4.3043	4.1307	4.5546	3.9088	4.1198	4.4713	4.1662	4.0358	4.3467	4.497	4.2315	3.9377	4.1155	4.3637	3.9721	3.733	4.1469	4.5362	4.4139	4.3163	4.5088	4.371	4.0855	4.0499	4.0452	4.1744	4.2148	4.1849	4.2319	4.1926	4.3691	4.5996	4.2458	4.304	4.2426	4.2386
chr3	4500000	5505000	4.6048	4.1951	4.7911	4.6303	4.5627	4.7955	4.8458	4.4432	4.4033	4.506	4.5854	4.3668	4.6603	4.3154	4.6116	4.4433	4.6963	4.7058	5.2026	5.0347	5.3726	5.2521	5.118	5.4265	4.9747	5.1947	4.8481	5.1344	4.6253	4.8028	4.7577	4.5898	4.7991	4.4271	4.3086	4.2208	4.1454	4.1251	3.9788	4.0847	4.4545	3.6946	4.1768	4.0671	4.341	4.1386	3.9232	4.3523	4.2275	3.8784	3.8342	4.2028	4.1586	4.1648	4.3296	4.1332	4.0726	4.1039	3.9188	4.4761	4.2748	4.3738	4.2772	4.2798	4.1949	4.3885	4.4875	4.8258	4.3174	4.795	4.3816	4.3203	4.9385	4.6485	4.7589	5.087	4.9117	5.1271	4.947	5.0415	5.1364	5.1715	5.2225	5.1433	5.3573	5.1871	5.4149	5.1529	4.8957	5.3044	5.4052	5.3465	5.1884	5.1748	5.5384	5.3437	5.1561	5.4475	5.5601	5.4008	5.4364	5.6804	5.6618	6.0939	5.6122	5.8651	5.6023	6.0058	6.1151	5.8739	6.2	6.2357	5.8095	6.2813	6.1493	6.2527	6.3514	5.8742	5.9391	5.6671	6.062	5.5715	5.7342	5.3978	5.9249	5.6327	5.6187	5.5793	5.4805	5.7907	5.5733	5.506	5.6284	5.6	5.3348	5.6698	5.5211	5.6156	5.2574	5.5312	5.3033	5.043	5.3176	4.7938	4.9448	4.6788	4.8553	4.7495	5.1192	4.4051	4.3944	4.4641	4.5211	4.6062	4.2809	4.4373	4.3596	4.2464	4.4647	4.5154	4.7788	4.7697	4.3922	4.1706	4.5659	4.2889	4.2274	4.5326	3.9342	4.1378	4.4361	4.177	4.0456	4.2374	4.4554	4.2292	4.009	4.1304	4.2626	4.0571	3.8904	4.2123	4.4741	4.4078	4.3895	4.4486	4.3683	4.135	4.1404	4.0894	4.2064	4.2926	4.2085	4.2379	4.234	4.2138	4.4608	4.1545	4.2898	4.1463	4.2691
chr3	4505000	5510000	4.4566	4.1359	4.7082	4.4006	4.5568	4.8646	4.9466	4.6241	4.6668	4.7516	4.7676	4.5197	4.7835	4.608	4.876	4.5576	4.8445	4.833	5.3132	5.106	5.2419	5.1911	4.8674	5.1969	4.6384	4.7811	4.4053	4.7419	4.4295	4.5223	4.4311	4.287	4.539	4.248	3.9823	4.1587	3.9759	4.0656	3.9051	3.9844	4.3053	3.7396	4.1431	3.9238	4.2618	4.0137	3.8673	4.1527	3.9377	3.6405	3.5679	4.0607	3.9451	3.9272	4.2858	3.8009	3.8847	4.0346	3.9522	4.3077	4.1757	4.327	4.139	4.0886	3.9916	4.208	4.2211	4.7307	4.1629	4.6882	4.2414	4.2821	4.7778	4.5004	4.4754	4.9823	4.707	4.8875	4.8964	4.9811	5.0273	5.1421	5.1457	5.1687	5.2892	5.2239	5.35	5.1085	4.7935	5.3323	5.2722	5.2097	5.1359	5.2986	5.4341	5.2373	5.0067	5.4833	5.5753	5.3147	5.4012	5.5726	5.5184	6.0386	5.4292	5.7588	5.5423	5.868	5.9354	5.737	6.046	5.9876	5.8105	6.1667	6.107	6.1515	6.241	6.0033	5.9435	5.8313	6.113	5.6186	5.7806	5.4389	5.9851	5.5856	5.7139	5.5602	5.5467	5.7652	5.4256	5.5464	5.6351	5.6061	5.3895	5.819	5.7208	5.548	5.3326	5.6555	5.4497	5.2236	5.376	4.9773	5.1376	4.9297	4.9677	4.8417	5.2808	4.4806	4.5113	4.6602	4.5324	4.6246	4.1671	4.5372	4.4353	4.1785	4.4979	4.5261	4.7484	4.9169	4.3495	4.3061	4.6955	4.3691	4.2607	4.4816	4.0352	4.1399	4.4951	4.3616	4.1606	4.4329	4.4002	4.2616	4.0777	4.0706	4.3098	4.0222	3.6843	4.172	4.4588	4.4866	4.4045	4.5279	4.3837	4.2092	4.1626	4.1071	4.1991	4.3636	4.2153	4.3669	4.2587	4.4151	4.3817	4.1687	4.2737	4.2497	4.1884
chr3	4510000	5515000	4.5173	4.0623	4.6184	4.4225	4.654	4.7986	4.902	4.7424	4.8969	4.9138	5.1276	4.8008	5.1914	4.8703	5.0651	4.7494	5.0069	4.9927	5.2003	5.132	4.9966	4.9437	4.5104	4.9577	4.327	4.5216	4.2442	4.4596	4.1752	4.2612	4.2201	3.9909	4.2728	4.0015	3.8291	4.0915	3.8828	4.0748	3.7198	3.8011	4.3362	3.7	4.0582	3.9211	4.1423	3.9131	3.6772	3.988	3.8284	3.52	3.427	3.8661	3.7779	3.6383	4.0017	3.6958	3.6559	3.8889	3.7707	4.1644	3.9969	4.1116	4.0641	3.9858	3.908	4.09	4.0856	4.4824	4.1731	4.6259	4.2272	4.2385	4.3925	4.3476	4.1844	4.9142	4.5879	4.7273	4.7118	4.8117	4.8879	5.0576	4.9498	4.9368	5.1676	5.1803	5.3139	4.8659	4.704	5.2068	5.1806	5.2133	5.1364	5.2954	5.4126	5.0955	4.8005	5.2554	5.4654	5.2544	5.2471	5.5479	5.4939	5.9052	5.366	5.6571	5.4342	5.7083	5.8471	5.5506	6.0057	5.8776	5.5984	5.9301	5.8973	6.1077	6.1488	5.8147	5.7303	5.9168	6.0674	5.4931	5.858	5.5629	6.1391	5.792	5.5838	5.6195	5.6195	5.765	5.4715	5.5112	5.7365	5.5058	5.3168	5.8343	5.8074	5.5524	5.3841	5.7522	5.4051	5.2967	5.5303	5.1816	5.215	5.0756	5.1871	5.0489	5.4335	4.7146	4.6749	4.6785	4.6702	4.698	4.3318	4.4904	4.5453	4.1644	4.5232	4.4812	4.8036	4.8361	4.3683	4.3715	4.7318	4.4606	4.3222	4.408	3.9388	4.1063	4.4591	4.2567	4.1289	4.4693	4.3501	4.2571	3.9542	4.1658	4.3788	4.0139	3.8419	4.1634	4.3563	4.3213	4.2902	4.5624	4.3536	4.1348	4.0811	4.1302	4.2325	4.3896	4.3036	4.3358	4.1704	4.309	4.3031	4.2613	4.1902	4.2349	4.1961
chr3	4515000	5520000	4.5109	4.1095	4.7553	4.4332	4.734	4.6779	4.7465	4.6939	4.7649	4.9848	5.2349	4.9043	5.3319	5.0268	5.2097	5.0634	4.9848	4.9776	4.9085	4.8661	4.7081	4.4806	4.1608	4.6303	4.1558	4.3177	4.0732	4.2279	4.0301	4.0661	4.1046	3.8917	4.1837	3.8251	3.7035	3.816	3.8262	3.9482	3.7118	3.8492	4.42	3.7409	4.13	3.8929	3.9996	3.6772	3.6592	3.7559	3.7064	3.4266	3.3283	3.7383	3.766	3.5243	3.7538	3.4028	3.5114	3.6917	3.6911	3.9599	3.809	4.0913	3.8828	3.781	3.7834	3.9651	4.0949	4.3387	4.048	4.3398	4.0748	4.1091	4.2618	4.1678	4.1524	4.7585	4.4197	4.5576	4.5735	4.6496	4.666	4.8089	4.9037	4.9213	4.9879	5.0668	5.1786	4.8199	4.7128	5.0644	5.2849	5.1228	5.1279	5.2136	5.2936	5.0151	4.7552	5.2402	5.2563	5.0507	5.1851	5.4317	5.4431	5.7087	5.3326	5.5629	5.4273	5.4199	5.7398	5.4294	5.9026	5.7004	5.47	5.8887	5.6275	5.9688	5.9301	5.6552	5.7333	5.8628	5.9893	5.5735	5.9394	5.5575	6.2462	5.7964	5.6608	5.591	5.6081	5.6829	5.4475	5.5506	5.6273	5.5489	5.2177	5.7777	5.8736	5.6225	5.4544	5.768	5.4736	5.2268	5.5641	5.3202	5.2793	5.1772	5.3582	5.1613	5.4972	4.9417	4.785	4.8476	4.7358	4.762	4.3415	4.5477	4.7034	4.2861	4.5563	4.5298	4.7174	4.8508	4.5058	4.3799	4.7384	4.4886	4.4127	4.3723	3.8858	4.0638	4.4007	4.3389	4.2054	4.5497	4.339	4.2935	3.9584	4.1625	4.3748	4.1671	3.8924	4.2128	4.3652	4.2538	4.3214	4.4835	4.3367	4.0442	4.1256	4.1613	4.126	4.3985	4.2243	4.4113	4.0641	4.2752	4.1898	4.1754	4.1773	4.1188	4.275
chr3	4520000	5525000	4.4875	4.1355	4.7576	4.341	4.7916	4.6764	4.8736	4.6239	4.9178	4.9797	5.2601	4.9209	5.395	5.2724	5.1713	5.2839	4.8631	4.8107	4.7255	4.7256	4.5745	4.2071	3.9715	4.6164	3.9202	4.1966	3.8843	4.0475	4.0516	3.8006	4.0972	3.6994	4.2281	3.746	3.7473	3.862	3.8545	3.9467	3.6017	3.7993	4.1632	3.6986	3.8392	3.586	3.8736	3.5428	3.476	3.7293	3.4736	3.2551	3.2981	3.4935	3.6397	3.451	3.6701	3.3477	3.3324	3.5069	3.4998	3.822	3.7096	4.0103	3.832	3.7857	3.7255	3.9098	3.9717	4.2269	3.9278	4.1528	3.8313	3.8427	4.1397	4.0149	3.9308	4.4852	4.2826	4.4066	4.3602	4.4505	4.5337	4.6359	4.683	4.7619	4.7646	4.8499	5.0171	4.8402	4.713	5.0373	5.2481	5.0165	5.1907	5.1397	5.1378	4.7775	4.6902	5.1944	5.3145	4.9607	5.1233	5.382	5.3062	5.5514	5.1703	5.4492	5.3188	5.2878	5.586	5.4035	5.7919	5.4753	5.3993	5.7296	5.4836	5.8111	5.7787	5.5268	5.5518	5.8351	5.9039	5.6315	5.7997	5.6019	6.1505	5.8729	5.767	5.6611	5.6434	5.7555	5.4692	5.4745	5.6174	5.4773	5.1954	5.7301	5.7695	5.5318	5.3483	5.8222	5.5382	5.3594	5.6277	5.1618	5.3527	5.3075	5.4476	5.2912	5.7496	5.0795	4.871	4.9143	4.7826	4.8557	4.5765	4.6788	4.6864	4.2905	4.575	4.5154	4.7439	4.8266	4.4421	4.326	4.6019	4.5541	4.4821	4.3109	3.8702	4.1357	4.3925	4.2951	4.1688	4.5359	4.4368	4.1845	3.9815	4.2421	4.3292	4.0923	3.8941	4.2095	4.4387	4.2426	4.177	4.2659	4.2569	4.0619	4.2799	4.1823	4.269	4.3619	4.1415	4.3839	4.1437	4.3212	4.1735	4.2086	4.2488	4.0662	4.2067
chr3	4525000	5530000	4.4714	4.0688	4.8506	4.4595	5.0446	4.7213	5.0915	4.7289	5.0203	5.0859	5.2454	5.0045	5.2874	5.2112	4.8538	5.0629	4.5912	4.6493	4.5579	4.6079	4.3731	4.1393	3.8205	4.3855	3.7036	4.0518	3.7647	3.9781	3.8921	3.7908	4.0933	3.633	4.0631	3.5938	3.6885	3.7943	3.7469	3.8487	3.3612	3.7178	3.8825	3.4544	3.5774	3.4712	3.7857	3.3577	3.349	3.614	3.481	3.1165	3.1493	3.4558	3.5722	3.4039	3.5914	3.314	3.2061	3.4939	3.4809	3.7323	3.5801	3.984	3.7575	3.8425	3.7325	3.8898	3.8967	4.1309	3.7521	3.9846	3.8519	3.7511	4.0789	3.912	3.8526	4.279	4.0976	4.2686	4.2362	4.3309	4.3357	4.5633	4.4857	4.5503	4.6597	4.702	4.9527	4.6762	4.6409	4.9395	5.2152	4.969	5.1729	5.0595	5.1217	4.8158	4.6189	5.2314	5.3123	4.871	5.1162	5.1615	5.3033	5.3447	5.1309	5.3208	5.2718	5.1807	5.3909	5.329	5.6274	5.3217	5.2678	5.426	5.3219	5.6832	5.6277	5.3447	5.4475	5.856	5.6958	5.7241	5.7642	5.5807	5.9764	5.8399	5.8615	5.7904	5.5887	5.829	5.4846	5.4956	5.837	5.3371	5.1627	5.6927	5.5918	5.5702	5.2144	5.7899	5.5504	5.2844	5.5998	5.1948	5.4603	5.2239	5.3871	5.5508	5.8228	5.2301	4.988	5.0047	4.9821	4.9438	4.6646	4.7824	4.715	4.5241	4.7199	4.5567	4.7927	4.8306	4.5682	4.2523	4.5139	4.5323	4.5629	4.3145	3.9121	4.2426	4.3863	4.2381	4.1511	4.5908	4.3372	4.1979	3.8304	4.2079	4.2887	4.119	3.8849	4.1688	4.3185	4.2517	4.3655	4.324	4.3215	3.9725	4.1658	4.1135	4.0117	4.3736	4.1104	4.3347	4.1372	4.3797	4.1684	3.9557	4.1216	3.975	4.1877
chr3	4530000	5535000	4.5848	4.1948	4.8998	4.5878	4.9975	4.6423	5.2181	4.8736	4.9987	5.1127	5.0853	4.7827	4.6876	4.9045	4.459	4.6457	4.3198	4.6255	4.4351	4.4305	4.2304	3.969	3.644	4.2807	3.7159	3.7906	3.7505	3.8005	3.6813	3.7459	3.9638	3.7341	4.0651	3.5933	3.6863	3.7236	3.647	3.6775	3.3403	3.4388	3.7801	3.2817	3.4347	3.2777	3.5325	3.2449	3.2826	3.546	3.4001	3.1713	3.0619	3.2864	3.4401	3.4931	3.4516	3.2039	3.2804	3.4554	3.5618	3.8255	3.6158	3.9491	3.6989	3.7532	3.7316	3.8095	3.939	4.0907	3.7872	3.9358	3.8211	3.7728	4.0037	3.9458	3.6761	4.1451	3.9798	4.1145	4.0397	4.227	4.0805	4.4217	4.3518	4.5511	4.6551	4.7325	4.9511	4.576	4.5704	4.8983	5.1579	4.9931	5.2097	5.0286	5.0117	4.8024	4.6294	5.2225	5.237	4.9321	4.9664	5.1875	5.2658	5.2859	5.0609	5.1854	5.0963	5.1286	5.306	5.2671	5.5247	5.1246	5.0887	5.3752	5.4229	5.6454	5.6838	5.3375	5.3504	5.7056	5.6538	5.4774	5.7096	5.4932	5.9216	5.9411	5.8875	5.7972	5.6758	5.9754	5.7252	5.4969	5.8071	5.3006	5.2642	5.6204	5.5926	5.5942	5.2539	5.7446	5.5813	5.2998	5.5689	5.2425	5.5042	5.3644	5.4956	5.5651	5.9471	5.3282	5.1211	5.2856	5.069	5.0997	4.92	4.9908	4.9214	4.6925	4.7889	4.7871	5.0029	4.8042	4.7269	4.2039	4.7199	4.6107	4.4484	4.3085	3.9663	4.341	4.4176	4.2523	4.2442	4.4797	4.3611	4.2609	3.9611	4.3253	4.3435	4.2461	4.0638	4.3075	4.4213	4.3501	4.3824	4.3913	4.4242	4.015	4.1132	4.1997	3.9883	4.3495	4.2458	4.33	4.2695	4.3217	4.171	3.994	4.1575	4.1087	4.3124
chr3	4535000	5540000	4.5268	4.2645	4.9108	4.6597	4.9843	4.6678	5.0906	4.8763	4.6176	4.9204	4.63	4.4592	4.3257	4.5386	4.1869	4.3796	4.0846	4.3403	4.0847	4.2824	3.9678	3.9114	3.6885	4.2373	3.7749	3.805	3.8184	3.7933	3.7046	3.7971	3.9383	3.7304	4.0216	3.6562	3.5727	3.7413	3.6349	3.5071	3.1803	3.2849	3.5253	3.2131	3.2512	3.1019	3.3778	3.1505	3.2136	3.4736	3.3622	2.9402	3.0882	3.2608	3.4455	3.4046	3.3426	3.2393	3.3065	3.3874	3.6266	3.6977	3.6119	3.8696	3.5649	3.6726	3.6223	3.778	3.8398	3.9288	3.6729	3.7121	3.7832	3.8	3.8345	3.7601	3.4837	3.854	3.8381	3.9355	3.8408	4.0625	3.9253	4.3127	4.2905	4.4267	4.5448	4.5253	4.8361	4.4928	4.4226	4.9216	4.9786	4.8875	5.0357	5.0541	5.0063	4.6413	4.4095	5.0871	5.3212	4.8441	4.9196	4.961	5.2555	5.1992	5.1819	5.1292	5.0509	5.043	5.1022	5.207	5.3233	4.9204	4.9803	5.3359	5.3132	5.4821	5.496	5.2284	5.2579	5.5433	5.5962	5.5279	5.5509	5.3323	5.7663	5.8788	5.8371	5.8112	5.6819	5.9463	5.8901	5.4251	5.7908	5.3687	5.4045	5.5321	5.5874	5.6981	5.2902	5.6472	5.3564	5.3417	5.5833	5.2083	5.4719	5.3612	5.5103	5.6336	5.9616	5.2451	5.1117	5.3429	5.199	5.241	5.0618	5.1539	4.9987	4.8496	4.7983	4.9247	5.0814	4.9795	4.7794	4.277	4.7275	4.6181	4.4778	4.482	4.0654	4.4094	4.4858	4.3461	4.2548	4.4697	4.45	4.3508	4.0564	4.3749	4.4184	4.2755	4.0448	4.2991	4.415	4.4081	4.4381	4.3304	4.427	3.9518	4.126	4.218	3.9314	4.3909	4.2596	4.3575	4.258	4.2643	4.1972	3.9621	4.1403	4.122	4.2906
chr3	4540000	5545000	4.5351	4.2293	4.7059	4.5791	4.7773	4.6354	4.7203	4.5943	4.3561	4.5657	4.3049	4.1145	3.9941	4.3973	3.8923	4.1132	3.8973	4.1191	3.9516	4.0729	3.7525	3.9392	3.705	4.3576	3.8354	3.8151	3.8228	3.9061	3.6829	3.8106	3.9148	3.6273	3.839	3.5968	3.3864	3.5313	3.436	3.4482	3.0688	3.1254	3.4332	3.1006	3.2698	3.0569	3.3006	3.12	3.0751	3.4336	3.1948	2.9721	2.9345	3.2659	3.3731	3.4608	3.4424	3.2167	3.4297	3.3596	3.5799	3.6205	3.4576	3.8465	3.4821	3.7229	3.6525	3.8096	3.7142	3.8966	3.6374	3.7397	3.7636	3.6868	3.8906	3.7813	3.3513	3.6258	3.686	3.8757	3.7336	3.8178	3.8194	4.1977	4.1178	4.2063	4.4789	4.4561	4.7512	4.4718	4.3344	4.7635	4.9011	4.8251	4.9445	4.9719	4.9089	4.6441	4.4908	5.1488	5.2177	4.8505	4.8009	4.9616	5.1975	5.0766	5.0384	4.9491	4.8629	4.9758	4.9167	4.9508	5.224	4.8528	4.9424	5.2847	5.2585	5.3874	5.5038	5.2278	5.2159	5.4949	5.5326	5.4053	5.5408	5.2636	5.6278	5.8457	5.6844	5.7275	5.6385	5.9891	5.9113	5.4774	5.8965	5.5083	5.5531	5.5515	5.5374	5.7638	5.2589	5.6798	5.3626	5.4222	5.5539	5.2053	5.4828	5.2335	5.3973	5.6214	5.9527	5.3441	5.2159	5.4433	5.3336	5.4299	5.2029	5.259	5.1865	4.9991	4.9334	5.0479	5.1712	5.0788	4.9903	4.3572	4.8346	4.7064	4.466	4.5298	4.0901	4.353	4.4936	4.3794	4.3374	4.4252	4.4867	4.4216	4.2951	4.3368	4.3963	4.1505	4.0789	4.4078	4.5478	4.3491	4.4227	4.4392	4.4122	3.9656	4.0482	4.3243	4.0933	4.35	4.2799	4.2753	4.2199	4.3663	4.1569	4.0642	4.1821	4.1108	4.36
chr3	4545000	5550000	4.4742	4.1357	4.5525	4.3503	4.3159	4.2432	4.3519	4.1973	3.9905	4.1016	4.1753	3.7847	3.8474	4.1809	3.688	3.838	3.6805	3.9034	3.7458	3.9565	3.704	3.8723	3.5903	4.2415	3.8596	3.9566	3.9282	4.0728	3.7779	3.8946	3.8789	3.5468	3.7148	3.4173	3.278	3.4129	3.3078	3.3152	3.0291	3.1285	3.4292	3.0698	3.2381	3.0917	3.2663	3.1719	3.0887	3.3023	3.1738	2.7916	2.8457	3.3637	3.3712	3.4509	3.3845	3.2962	3.4486	3.3764	3.459	3.6982	3.3854	3.7544	3.5917	3.7364	3.5866	3.7179	3.6039	3.8211	3.4216	3.6225	3.7236	3.5947	3.8499	3.6469	3.2184	3.4752	3.6474	3.7752	3.6995	3.8202	3.773	4.1382	4.0091	4.1001	4.3664	4.4207	4.6443	4.3796	4.3402	4.6512	4.6839	4.755	4.7557	4.7412	4.721	4.5892	4.465	5.1834	5.1288	4.7596	4.7176	4.9229	5.1396	4.9761	4.9133	4.9032	4.7775	4.8704	4.8809	4.8292	5.2454	4.8418	4.8835	5.2075	5.1775	5.2005	5.3472	5.1707	5.2164	5.2982	5.3062	5.3117	5.449	5.2072	5.3447	5.7007	5.5304	5.5415	5.4989	5.779	5.7633	5.4958	5.9057	5.5478	5.6534	5.6936	5.6813	5.8513	5.4327	5.7554	5.5375	5.4521	5.5609	5.3193	5.4746	5.282	5.424	5.5431	5.9372	5.2108	5.3331	5.4928	5.3169	5.4758	5.1223	5.4117	5.2101	5.1608	4.9965	5.2054	5.2199	5.2889	5.1022	4.5045	4.8367	4.7697	4.6212	4.4915	4.1029	4.2936	4.3663	4.3586	4.4694	4.4363	4.4339	4.509	4.3056	4.3094	4.332	4.2528	3.99	4.2575	4.6005	4.3667	4.3577	4.4158	4.4009	3.9398	4.0378	4.3217	4.1701	4.2421	4.2554	4.2958	4.1562	4.3469	4.1713	4.0133	4.1294	4.097	4.5374
chr3	4550000	5555000	4.3159	4.0556	3.9935	3.9119	3.8148	3.8381	4.0532	3.8565	3.7484	3.7902	3.8717	3.5719	3.6476	3.9938	3.546	3.7329	3.6537	3.8785	3.7495	3.8749	3.693	3.7906	3.5696	4.2424	3.882	4.0376	3.9448	4.2346	3.6887	3.8516	3.7782	3.4279	3.7264	3.318	3.3129	3.3223	3.3534	3.324	3.0793	3.0678	3.3096	3.082	3.2121	3.1332	3.1606	3.1382	3.0947	3.303	3.2033	2.7373	2.7682	3.432	3.3856	3.4358	3.4101	3.567	3.4227	3.3935	3.4228	3.6475	3.3862	3.7729	3.576	3.7745	3.5355	3.6127	3.5585	3.8561	3.2186	3.6015	3.6164	3.3634	3.733	3.5336	3.2376	3.5363	3.5633	3.73	3.613	3.7731	3.804	3.9378	3.8375	4.0459	4.1771	4.3795	4.5769	4.4291	4.2474	4.482	4.4532	4.6761	4.7056	4.7542	4.7399	4.4805	4.3356	5.1499	4.9544	4.7635	4.7373	4.9717	4.9655	4.8831	4.7749	4.7812	4.7059	4.8552	4.8103	4.8986	5.2399	4.6215	4.8344	5.146	5.0425	5.1816	5.3952	5.1941	5.1625	5.2433	5.2634	5.1733	5.2656	5.133	5.3863	5.6002	5.4298	5.5369	5.2603	5.5965	5.7164	5.445	5.7797	5.5081	5.5762	5.7981	5.7159	5.8387	5.5682	5.6932	5.6756	5.5154	5.7577	5.5426	5.5196	5.2026	5.3973	5.4878	5.8499	5.3314	5.2843	5.4846	5.2716	5.4957	5.2922	5.308	5.2102	5.1844	5.0197	5.2383	5.2914	5.4374	5.1291	4.5624	4.9187	4.873	4.8444	4.608	4.1589	4.355	4.5386	4.4137	4.5155	4.3326	4.4089	4.4138	4.3886	4.3886	4.4198	4.2349	4.0225	4.2775	4.6396	4.4041	4.3901	4.459	4.5487	3.9279	4.1078	4.2341	4.2488	4.2524	4.2371	4.3512	4.2996	4.2636	4.2301	4.037	4.1628	3.9539	4.6462
chr3	4555000	5560000	4.1689	3.8196	3.473	3.4296	3.5529	3.5784	3.7526	3.5882	3.5516	3.5583	3.7806	3.4803	3.519	3.9091	3.4142	3.6563	3.5231	3.8299	3.5962	3.8756	3.6414	3.6457	3.7477	4.3003	3.8509	3.9512	3.7464	4.0302	3.4142	3.8007	3.6181	3.3917	3.541	3.2544	3.2427	3.153	3.3035	3.2845	3.019	3.0332	3.301	3.0941	3.3683	3.189	3.1826	3.2989	3.2957	3.2728	3.2764	2.9044	2.8403	3.4154	3.3102	3.4605	3.2874	3.4317	3.4276	3.4259	3.4222	3.6622	3.3558	3.7022	3.6257	3.6871	3.4212	3.4311	3.3722	3.768	3.0764	3.5169	3.52	3.2959	3.6056	3.5149	3.2264	3.6654	3.5299	3.5928	3.6087	3.6997	3.7705	3.8471	3.7437	3.9069	4.1223	4.2046	4.475	4.1028	4.2139	4.286	4.5205	4.6563	4.704	4.5784	4.6115	4.2621	4.2342	4.8381	4.756	4.5505	4.5484	4.8763	4.8118	4.7808	4.6688	4.738	4.6613	4.6989	4.6315	4.8744	5.0639	4.6218	4.7254	5.0409	4.869	5.0515	5.2477	5.0828	5.0932	5.2091	5.1738	4.9699	5.1188	4.9571	5.397	5.4711	5.4359	5.419	5.1306	5.3553	5.4773	5.3202	5.5499	5.3345	5.5503	5.6274	5.6334	5.7477	5.6035	5.7866	5.7593	5.6679	5.7144	5.4913	5.4458	5.1823	5.3993	5.4412	5.8665	5.325	5.3077	5.5611	5.161	5.3982	5.2632	5.3665	5.2598	5.223	4.9551	5.4078	5.3724	5.5876	5.3883	4.7198	5.1947	4.8162	4.9361	4.7907	4.185	4.4363	4.5448	4.5014	4.4266	4.4607	4.4601	4.5062	4.3414	4.2749	4.3754	4.1815	4.0333	4.3576	4.5444	4.2684	4.3195	4.4574	4.5592	4.0381	4.2297	4.3262	4.3326	4.1777	4.2355	4.444	4.3255	4.275	4.2353	4.0734	4.2538	4.0042	4.7472
chr3	4560000	5565000	4.334	3.7209	3.6081	3.2403	3.374	3.4912	3.5822	3.5703	3.5046	3.4363	3.49	3.4185	3.5258	3.8315	3.36	3.5435	3.5296	3.8988	3.7404	3.8066	3.7438	3.616	3.6975	4.2591	3.6695	3.8072	3.4345	3.7753	3.258	3.6712	3.5461	3.2937	3.5244	3.232	3.249	3.3451	3.2619	3.232	3.037	3.0241	3.3367	3.1221	3.363	3.3292	3.3102	3.208	3.3798	3.2652	3.3534	3.0198	2.9096	3.3912	3.3442	3.4074	3.2671	3.4398	3.2767	3.3448	3.3665	3.7247	3.2705	3.7347	3.5873	3.6097	3.3426	3.2982	3.3682	3.7381	3.0736	3.3952	3.4389	3.2514	3.5209	3.5112	3.2533	3.6705	3.5607	3.6113	3.5385	3.5442	3.7157	3.8267	3.582	3.8678	3.9496	4.1705	4.3206	3.9658	4.0709	4.2247	4.3629	4.4718	4.7358	4.4419	4.4651	4.2455	4.1603	4.6997	4.4549	4.3951	4.5005	4.789	4.7994	4.7736	4.6401	4.7043	4.6388	4.6165	4.6477	4.911	5.101	4.6405	4.6436	4.9189	4.8466	5.0137	5.1216	4.9913	5.0358	5.0914	4.9978	4.8298	5.0532	4.8771	5.2875	5.3521	5.3467	5.3252	5.0524	5.3707	5.4364	5.2745	5.559	5.3585	5.3621	5.5837	5.7014	5.8282	5.5596	5.8186	5.8381	5.6878	5.8359	5.4958	5.5867	5.1686	5.5591	5.5365	5.7804	5.3613	5.2924	5.6094	5.1975	5.3764	5.3565	5.2406	5.3964	5.1786	5.121	5.46	5.3889	5.6583	5.4151	4.8673	5.3213	4.9759	5.2759	4.804	4.3362	4.5456	4.7934	4.6283	4.5961	4.5675	4.5449	4.3984	4.3138	4.4382	4.2954	4.1252	4.0054	4.3584	4.5894	4.3799	4.351	4.5032	4.6086	4.0926	4.2289	4.4412	4.4947	4.1383	4.3207	4.5069	4.3262	4.2835	4.2198	4.1606	4.3239	4.0278	4.7902
chr3	4565000	5570000	4.3493	3.8218	3.9655	3.4653	3.6074	3.441	3.5435	3.325	3.2973	3.3078	3.215	3.206	3.5199	3.6881	3.2889	3.5278	3.5121	3.8571	3.7731	3.7343	3.69	3.6197	3.5185	4.0781	3.619	3.6716	3.26	3.6279	3.1846	3.6197	3.4655	3.2255	3.4935	3.2824	3.2557	3.4485	3.194	3.2747	3.0607	3.0727	3.481	3.0759	3.4351	3.1957	3.4535	3.3358	3.4436	3.3966	3.4043	3.0726	3.0216	3.3361	3.1867	3.4127	3.2059	3.441	3.1542	3.2145	3.3906	3.7366	3.2979	3.7471	3.5604	3.433	3.441	3.3145	3.3544	3.6209	3.2557	3.3917	3.4212	3.2914	3.5119	3.4689	3.2002	3.6267	3.4549	3.5859	3.6369	3.508	3.6378	3.6797	3.5077	3.742	3.9546	4.1816	4.1507	3.9126	4.0165	4.0848	4.2664	4.3715	4.5672	4.234	4.2967	4.0653	4.0469	4.4247	4.1898	4.2803	4.414	4.644	4.6132	4.8311	4.5119	4.7809	4.5787	4.5104	4.639	4.7935	4.9744	4.642	4.6412	4.8626	4.7377	4.9573	4.9544	4.9539	4.9742	5.0365	4.9257	4.7425	5.0198	4.8124	5.183	5.3069	5.203	5.2081	4.9991	5.2051	5.322	5.2019	5.5236	5.2829	5.3402	5.5105	5.6614	5.8035	5.4824	5.7296	5.8677	5.7076	5.8387	5.4538	5.5393	5.22	5.6097	5.7348	5.8188	5.3376	5.2999	5.5145	5.1982	5.4627	5.4612	5.3751	5.2885	5.2309	5.1779	5.5503	5.5607	5.4757	5.3349	4.9005	5.4682	5.2351	5.3945	4.9911	4.4872	4.6666	4.978	4.8053	4.7552	4.6956	4.6189	4.5025	4.3524	4.5388	4.3888	4.2229	4.1984	4.3469	4.6302	4.4511	4.2868	4.4603	4.5532	4.1713	4.2393	4.3516	4.4631	4.1901	4.3522	4.4601	4.2652	4.4785	4.3788	4.196	4.2816	4.0843	4.659
chr3	4570000	5575000	4.3953	4.0979	4.2165	3.7782	3.9482	3.6179	3.6115	3.352	3.2089	3.2951	3.2399	3.2057	3.3697	3.7977	3.2017	3.4298	3.4269	3.842	3.7082	3.6743	3.6642	3.4982	3.4212	3.9467	3.5195	3.5094	3.1227	3.4935	3.0992	3.5299	3.4575	3.3141	3.4906	3.3174	3.2517	3.5133	3.3582	3.4418	3.1706	3.1243	3.5553	3.1814	3.4645	3.2057	3.4797	3.3426	3.4373	3.3431	3.4504	3.0436	3.0931	3.2507	3.0986	3.3985	3.3264	3.3035	3.042	3.2337	3.3183	3.6001	3.3301	3.7579	3.5253	3.4872	3.3247	3.249	3.2661	3.561	3.3331	3.453	3.4468	3.274	3.4401	3.4695	3.3467	3.5054	3.4477	3.6342	3.6034	3.4853	3.4745	3.6311	3.4293	3.7336	3.8344	3.9801	4.1152	3.7892	3.9554	3.8981	4.2087	4.1529	4.4649	4.2408	4.0681	3.8578	3.7143	4.2141	4.1299	4.1793	4.3509	4.6545	4.6943	4.7973	4.4612	4.6468	4.508	4.4977	4.671	4.65	4.8852	4.6402	4.6451	4.7977	4.6753	4.886	5.035	4.8805	4.857	4.9835	4.8664	4.7397	4.8224	4.7355	5.1702	5.2156	5.1256	5.1279	4.9108	5.1965	5.2727	5.2183	5.4416	5.2345	5.1145	5.5126	5.5637	5.5305	5.3939	5.7476	5.7645	5.6804	5.8014	5.5148	5.5491	5.3322	5.6607	5.7026	5.8644	5.4363	5.2478	5.4919	5.263	5.4828	5.3746	5.3125	5.2495	5.2887	5.2928	5.422	5.5598	5.4984	5.3749	4.9081	5.4739	5.2118	5.5218	4.9918	4.6593	4.8993	4.9835	4.8956	4.9504	4.9136	4.6952	4.5203	4.5491	4.5896	4.3182	4.2019	4.2934	4.3663	4.566	4.5428	4.334	4.4047	4.5579	4.1769	4.2967	4.3665	4.4865	4.2513	4.2884	4.4582	4.2908	4.4315	4.3094	4.1692	4.2551	4.1116	4.6194
chr3	4575000	5580000	4.3056	4.0162	4.2916	4.115	4.1325	3.9027	3.8138	3.5452	3.346	3.3313	3.3124	3.2385	3.3367	3.6984	3.2873	3.5223	3.5041	3.8203	3.5454	3.7124	3.3355	3.3105	3.2684	3.809	3.3393	3.4561	3.139	3.5055	3.0333	3.4148	3.3999	3.1927	3.5032	3.2483	3.2487	3.6327	3.3965	3.5148	3.3147	3.2141	3.5493	3.2142	3.6169	3.3476	3.5328	3.4995	3.5473	3.3647	3.5663	3.0741	3.2761	3.28	3.3424	3.4245	3.3727	3.3114	3.0191	3.2486	3.2849	3.4952	3.3013	3.7092	3.2372	3.5666	3.4616	3.3562	3.297	3.6469	3.3901	3.3986	3.4805	3.3576	3.5317	3.5068	3.3498	3.4877	3.4133	3.4596	3.5077	3.3128	3.4737	3.5586	3.4804	3.7999	3.8422	3.9302	4.0661	3.7367	3.9461	3.9892	4.0264	4.0182	4.0071	4.0545	4.0295	3.7224	3.5679	4.1237	4.0641	4.2344	4.4031	4.5317	4.8039	4.7049	4.4612	4.593	4.482	4.4295	4.5591	4.7223	4.8937	4.5924	4.6672	4.6839	4.5096	4.7998	4.9179	4.8836	4.7325	4.837	4.7975	4.8054	4.8109	4.7285	5.0885	5.1065	5.0093	5.0354	4.8859	5.1786	5.2385	5.0853	5.3307	5.3098	5.0032	5.4787	5.5215	5.5821	5.2532	5.7633	5.6351	5.6735	5.7788	5.3938	5.5811	5.4278	5.6705	5.6484	5.9712	5.4618	5.3096	5.4935	5.3304	5.653	5.2308	5.5013	5.2157	5.2428	5.242	5.377	5.5613	5.63	5.2865	5.0873	5.4741	5.3679	5.4612	5.1356	4.7548	5.0475	5.0911	5.0208	5.0694	4.9345	4.7572	4.6015	4.637	4.7251	4.4658	4.373	4.4023	4.4215	4.5636	4.469	4.2319	4.5232	4.4548	4.1029	4.3467	4.3645	4.3823	4.2149	4.3957	4.5284	4.2601	4.3993	4.4395	4.2144	4.174	4.157	4.6555
chr3	4580000	5585000	4.422	4.075	4.3391	4.1752	4.2205	4.0859	4.0213	3.7212	3.8713	3.4931	3.5213	3.2491	3.5402	3.6099	3.3355	3.4919	3.3127	3.6545	3.3124	3.4056	3.1522	3.0764	3.1603	3.6867	3.3003	3.3229	3.1181	3.3243	3.062	3.514	3.5058	3.2524	3.6259	3.3256	3.2337	3.6024	3.49	3.5923	3.4452	3.2704	3.7607	3.4203	3.7144	3.3981	3.608	3.4719	3.4996	3.4088	3.6266	3.067	3.2916	3.3367	3.4312	3.4095	3.4211	3.3914	3.1861	3.2895	3.3826	3.2773	3.1585	3.7085	3.2588	3.481	3.5037	3.2963	3.2759	3.6613	3.3787	3.3835	3.3432	3.3003	3.5108	3.4316	3.3603	3.3739	3.402	3.3976	3.5723	3.2448	3.4315	3.5847	3.4131	3.7202	3.8235	3.8557	3.8992	3.6458	3.8197	3.8809	3.9229	3.811	3.9493	3.6967	3.7374	3.5787	3.4653	4.0914	3.8478	4.0755	4.2639	4.5033	4.7061	4.7308	4.362	4.463	4.3575	4.4061	4.5115	4.5517	4.7138	4.5601	4.5427	4.7302	4.4264	4.6738	4.8014	4.756	4.6543	4.8722	4.8809	4.6224	4.7377	4.8104	4.9178	5.0172	4.9725	5.0887	4.6641	5.0933	5.0141	4.9825	5.2852	5.2037	4.9029	5.2974	5.4928	5.3787	5.2176	5.6199	5.4692	5.6243	5.6256	5.2645	5.5567	5.34	5.6314	5.7052	5.9454	5.5092	5.3664	5.515	5.345	5.5661	5.2212	5.5401	5.23	5.2068	5.1772	5.3213	5.3935	5.5893	5.1851	5.1267	5.5051	5.4127	5.5104	5.1363	4.7246	4.9924	5.1283	5.0602	5.1087	5.1538	4.8036	4.6043	4.7294	4.8222	4.6221	4.5192	4.5712	4.4786	4.6171	4.2992	4.3128	4.3895	4.5329	4.1358	4.329	4.3774	4.6022	4.2814	4.3783	4.4793	4.4179	4.4546	4.3663	4.3272	4.2076	4.1138	4.7012
chr3	4585000	5590000	4.3887	3.9948	4.5163	4.2025	4.413	4.4424	4.3178	4.0408	4.081	3.8346	3.6971	3.5804	3.7581	3.5802	3.2362	3.457	3.1182	3.3731	3.1716	3.2395	3.0839	3.0188	3.1008	3.6204	3.3094	3.2596	3.2019	3.2591	3.1834	3.3874	3.5835	3.3629	3.5706	3.3252	3.2083	3.5301	3.569	3.6602	3.5902	3.3748	3.8177	3.5485	3.746	3.5545	3.6859	3.4976	3.5702	3.4218	3.6982	3.1045	3.2001	3.3195	3.4514	3.4408	3.2945	3.3762	3.1424	3.3538	3.4894	3.1813	3.1828	3.5855	3.3225	3.5135	3.3935	3.2487	3.2629	3.5829	3.3491	3.3751	3.3748	3.293	3.3701	3.4144	3.3123	3.3635	3.245	3.31	3.4544	3.2136	3.4312	3.5846	3.2908	3.5821	3.7898	3.8161	3.9376	3.5167	3.7228	3.6938	3.7854	3.591	3.8222	3.6848	3.6464	3.4733	3.3747	4.0567	3.733	3.9727	4.0984	4.4012	4.6289	4.6024	4.3609	4.3424	4.3094	4.3787	4.4149	4.4592	4.66	4.3063	4.6084	4.7394	4.2527	4.5807	4.7896	4.6548	4.5791	4.8136	4.6971	4.5543	4.603	4.6875	4.8192	4.9381	4.8933	4.8092	4.5362	5.0605	4.9105	4.9527	5.2781	5.1115	4.8276	5.2225	5.3537	5.3591	5.0639	5.5776	5.3291	5.4368	5.3994	5.1075	5.5031	5.3132	5.5874	5.8119	6.0894	5.5774	5.2907	5.5168	5.4053	5.6817	5.1522	5.5212	5.2171	5.1903	5.1807	5.3068	5.3643	5.5961	5.2535	5.0975	5.376	5.4781	5.3569	5.2388	4.8143	5.0554	5.064	5.1222	5.1689	5.221	5.0873	4.7649	4.8569	4.8746	4.6524	4.6676	4.5723	4.6327	4.8316	4.3439	4.3198	4.4585	4.4783	4.1595	4.3678	4.4911	4.6609	4.2536	4.3356	4.6596	4.4995	4.4593	4.3398	4.4094	4.2785	4.2334	4.6951
chr3	4590000	5595000	4.4256	4.1778	4.6947	4.3931	4.5149	4.696	4.5719	4.3218	4.3243	4.1328	3.9325	3.9397	3.8273	3.6778	3.2614	3.3862	3.0765	3.2897	3.0097	3.2162	3.0778	2.8425	2.9477	3.4723	3.1574	3.2312	3.1717	3.2226	3.0424	3.4336	3.5309	3.4206	3.5514	3.4145	3.3844	3.4841	3.6231	3.6287	3.569	3.4041	3.8079	3.4644	3.6209	3.5645	3.6643	3.4927	3.7036	3.5548	3.7454	3.1583	3.1111	3.2616	3.3372	3.4271	3.3692	3.3874	3.0587	3.2862	3.4179	3.0762	3.1868	3.5898	3.2154	3.5283	3.4802	3.2529	3.2877	3.3843	3.1368	3.4141	3.2884	3.3153	3.5002	3.3363	3.3247	3.3248	3.3177	3.2436	3.2782	3.1846	3.4187	3.5478	3.2581	3.3959	3.5654	3.6647	3.7347	3.5067	3.6347	3.5719	3.6664	3.5641	3.7335	3.5203	3.5218	3.3797	3.3309	3.7471	3.8679	3.8371	3.9915	4.2619	4.6105	4.4493	4.2994	4.2945	4.1224	4.1704	4.2798	4.5052	4.5894	4.2259	4.4117	4.5823	4.1467	4.6221	4.731	4.6023	4.4835	4.8303	4.8224	4.5432	4.4919	4.6464	4.7979	4.9987	4.9493	4.7614	4.4429	5.1024	4.7435	4.8543	5.1926	5.0722	4.6535	5.1214	5.1997	5.2899	4.8667	5.5285	5.1388	5.4	5.3663	4.9495	5.3809	5.2479	5.5521	5.8293	5.9414	5.4844	5.3375	5.5387	5.477	5.644	5.1276	5.492	5.2372	5.2464	5.2388	5.2667	5.4534	5.5794	5.1667	5.0593	5.2548	5.2206	5.2765	5.2794	4.8519	5.0946	5.1869	5.1271	5.0668	5.332	5.1707	4.9457	4.9348	5.1491	4.7071	4.6884	4.6206	4.6749	4.8237	4.4706	4.4219	4.4017	4.511	4.2383	4.3854	4.5929	4.7644	4.4563	4.3888	4.5376	4.6531	4.3892	4.4152	4.3833	4.3009	4.1695	4.6805
chr3	4595000	5600000	4.5727	4.3466	4.9381	4.5385	4.8208	4.8043	4.7984	4.4753	4.3163	4.2468	3.8543	3.9485	3.7876	3.719	3.1792	3.3095	3.0626	3.229	2.9676	3.0628	3.043	2.7979	2.9169	3.345	3.1497	3.2478	3.2402	3.3868	3.0209	3.4701	3.6265	3.4152	3.6746	3.5093	3.4997	3.5072	3.7932	3.642	3.5327	3.262	3.9497	3.5688	3.7719	3.7091	3.63	3.6001	3.6435	3.3651	3.7702	3.1278	3.1737	3.3312	3.3159	3.413	3.3206	3.3059	3.0107	3.3166	3.4946	3.0632	3.1382	3.4979	3.1518	3.5474	3.3225	3.2275	3.1896	3.4609	3.2374	3.3777	3.1824	3.2705	3.5201	3.3087	3.3793	3.2555	3.2452	3.2376	3.2372	3.1283	3.2114	3.4822	3.177	3.4342	3.4686	3.4843	3.6713	3.2631	3.3834	3.4954	3.6886	3.5507	3.6821	3.3883	3.4895	3.4529	3.2886	3.6168	3.7021	3.7023	3.7609	4.1359	4.4029	4.3211	4.2115	4.1835	4.0583	4.2051	4.1129	4.3966	4.4494	4.0736	4.3398	4.5812	4.0737	4.6541	4.8049	4.5981	4.5715	4.8428	4.6671	4.4374	4.5572	4.4916	4.7949	4.8134	4.882	4.7569	4.41	5.0474	4.754	4.6639	4.9233	4.9781	4.5599	4.9144	5.1389	5.1145	4.91	5.2353	5.052	5.3483	5.128	4.8791	5.2983	5.0204	5.379	5.6257	5.6856	5.4364	5.3687	5.5022	5.4	5.6048	5.1629	5.4672	5.1474	5.2445	5.3022	5.313	5.5335	5.6372	5.2892	5.0689	5.2913	5.0748	5.2372	5.2374	4.7447	5.1419	5.2794	5.2352	5.1828	5.3848	5.1189	5.041	4.9731	5.115	4.8244	4.6508	4.7802	4.7278	4.8878	4.5555	4.6044	4.5907	4.6713	4.2474	4.4532	4.6197	4.6536	4.5932	4.3957	4.661	4.6647	4.5201	4.4422	4.3487	4.1821	4.1305	4.7258
chr3	4600000	5605000	4.5237	4.4048	4.9562	4.7011	5.0754	4.8909	4.7594	4.656	4.3553	4.2127	3.7329	3.9972	3.7718	3.6821	3.2637	3.4416	3.2541	3.3565	3.14	3.1064	3.0633	2.871	2.9923	3.3149	3.1984	3.1565	3.2813	3.5333	3.1717	3.4085	3.7443	3.4747	3.8388	3.5589	3.6038	3.3802	3.7912	3.6206	3.4377	3.2426	3.9462	3.5541	3.7113	3.7114	3.7248	3.6358	3.6399	3.438	3.7735	3.1202	3.1549	3.4533	3.3458	3.3045	3.325	3.412	3.0545	3.4588	3.5917	3.2041	3.2379	3.6141	3.3036	3.6143	3.3104	3.3856	3.1906	3.452	3.2778	3.4796	3.244	3.1917	3.4396	3.3409	3.3543	3.2964	3.2617	3.3053	3.2868	3.1459	3.1909	3.5228	3.1282	3.3204	3.4368	3.5718	3.6739	3.3805	3.4291	3.4792	3.5874	3.5027	3.6647	3.3483	3.5106	3.4423	3.3373	3.5905	3.6226	3.5821	3.7641	3.9691	4.2469	4.2298	4.0559	4.1126	3.9888	4.1346	4.0629	4.291	4.3818	3.9959	4.2851	4.494	3.9751	4.6314	4.6701	4.5191	4.5209	4.7907	4.5778	4.3142	4.5111	4.5445	4.6222	4.6367	4.8417	4.7145	4.3779	5.0394	4.7077	4.5632	4.686	4.989	4.5082	4.7065	4.8836	4.9877	4.8123	5.1781	4.8656	5.3176	5.0904	4.6988	5.1836	4.958	5.3239	5.5623	5.5357	5.2241	5.1643	5.4236	5.3454	5.5428	5.0843	5.4888	5.1888	5.3663	5.2523	5.3445	5.5759	5.6411	5.2175	5.1487	5.1302	5.0591	5.1349	5.2243	4.8081	5.0891	5.0678	5.201	5.1885	5.3468	5.0486	4.948	4.7494	5.1186	4.9381	4.7533	4.7926	4.8938	5.0418	4.6964	4.6867	4.6853	4.6805	4.2615	4.4967	4.5601	4.6078	4.4521	4.4941	4.6739	4.6473	4.5297	4.4502	4.3958	4.1962	4.1892	4.6651
chr3	4605000	5610000	4.4194	4.4719	4.9181	4.7467	4.8852	4.8615	4.4775	4.5327	4.0411	3.8825	3.5348	3.9193	3.7089	3.9142	3.4031	3.545	3.4577	3.5261	3.3341	3.2675	3.1685	2.9894	3.0074	3.3499	3.1845	3.2104	3.3983	3.5452	3.1539	3.4447	3.9122	3.5171	3.7321	3.5427	3.6196	3.5637	3.9373	3.6594	3.546	3.3658	4.0609	3.5935	3.7915	3.7168	3.6856	3.6191	3.6265	3.4465	3.7262	3.173	3.142	3.5028	3.4221	3.4076	3.4309	3.5184	3.1907	3.5253	3.4526	3.2715	3.2174	3.7811	3.385	3.5508	3.3378	3.3243	3.1828	3.4081	3.2147	3.47	3.2506	3.2183	3.3433	3.366	3.2742	3.2664	3.1172	3.204	3.3589	3.0136	3.1164	3.4757	3.0379	3.1981	3.2912	3.552	3.7251	3.3651	3.4468	3.3905	3.5747	3.605	3.5705	3.354	3.6666	3.5109	3.3851	3.4343	3.5408	3.5553	3.6465	3.7608	4.1195	3.9724	3.8819	3.9941	3.936	4.0848	3.9525	4.1473	4.2294	4.0811	4.211	4.4443	3.9561	4.5353	4.5186	4.5528	4.4675	4.7944	4.5751	4.2898	4.4098	4.3957	4.5685	4.5436	4.7539	4.6086	4.1857	4.8798	4.5859	4.4676	4.732	4.8577	4.4481	4.7588	4.8259	4.9538	4.7744	5.1076	4.6756	5.0532	4.9998	4.5875	4.9858	4.8949	5.1267	5.5774	5.3469	5.1227	5.081	5.2289	5.1264	5.5524	5.1311	5.4458	5.068	5.3547	5.2581	5.3514	5.5212	5.6003	5.2624	5.1224	5.1715	5.0441	5.0792	5.1851	4.7779	5.033	5.087	5.1628	5.0905	5.2316	5.0526	4.9674	4.9207	5.0412	4.8629	4.8849	4.8755	4.9201	5.1611	4.8113	4.8935	4.9407	4.7953	4.3864	4.5426	4.6172	4.6013	4.6278	4.4652	4.6601	4.7166	4.6648	4.5082	4.4299	4.3003	4.2016	4.6761
chr3	4610000	5615000	4.3896	4.5272	4.5447	4.3708	4.2765	4.3313	3.9651	4.0823	3.8803	3.7523	3.4406	3.7768	3.7659	3.928	3.524	3.618	3.4947	3.8299	3.4958	3.397	3.4275	3.1141	3.1381	3.4048	3.2631	3.1542	3.3357	3.4896	3.2037	3.5157	3.835	3.5401	3.7831	3.4929	3.5642	3.5078	3.8712	3.5381	3.6492	3.2716	4.0356	3.5812	3.7699	3.6486	3.4085	3.6787	3.5535	3.3068	3.5914	3.0696	3.1601	3.4317	3.5089	3.4443	3.4556	3.5125	3.1687	3.5969	3.4289	3.3988	3.2128	3.6758	3.2338	3.5535	3.4758	3.3011	3.2163	3.4967	3.2972	3.4796	3.2995	3.2346	3.3253	3.2095	3.1846	3.1005	3.0344	3.157	3.2487	3.0506	2.9844	3.3657	3.1315	3.2547	3.2386	3.4985	3.6455	3.3286	3.3983	3.4455	3.4758	3.6475	3.6266	3.4373	3.6588	3.6295	3.4249	3.4649	3.5602	3.5706	3.4872	3.8115	4.0337	3.8839	3.955	3.8164	3.9216	3.9098	3.9126	4.1939	4.2184	4.1565	4.2423	4.3691	4.0482	4.5532	4.5831	4.4038	4.4335	4.6668	4.4552	4.2353	4.4689	4.4308	4.5832	4.5376	4.8655	4.5532	4.1841	4.7737	4.5955	4.3722	4.7144	4.7848	4.5067	4.6921	4.8695	4.8952	4.7243	5.1351	4.6818	5.0292	5.0543	4.7193	4.9334	4.8149	5.1339	5.4053	5.2274	5.0889	4.9991	5.0415	5.0621	5.455	5.0075	5.5404	4.9543	5.429	5.144	5.4673	5.531	5.5475	5.2301	5.1512	5.1817	5.0549	5.1629	5.2098	4.7657	5.0585	5.0332	5.0326	5.0186	5.0765	5.1195	4.9564	4.8315	5.1735	5.051	4.9371	4.847	5.2606	5.3132	4.9794	4.9267	4.9475	4.9396	4.6972	4.771	4.5992	4.7496	4.6434	4.623	4.7064	4.7598	4.6863	4.5241	4.4655	4.3234	4.2432	4.694
chr3	4615000	5620000	4.1869	4.3096	3.6683	3.6806	3.6191	3.7705	3.7044	3.7413	3.5687	3.6079	3.3316	3.7906	3.7268	3.8978	3.5672	3.7842	3.5551	3.8325	3.5726	3.6334	3.6284	3.3906	3.3908	3.4351	3.4921	3.2196	3.489	3.4887	3.2887	3.4929	3.641	3.2222	3.5861	3.41	3.5691	3.6514	3.9538	3.6223	3.6094	3.27	4.0405	3.5544	3.7269	3.5247	3.3919	3.6806	3.4827	3.3347	3.6672	3.0574	3.2132	3.4556	3.5754	3.5694	3.5336	3.5157	3.2353	3.665	3.4759	3.3973	3.1512	3.7094	3.2848	3.5936	3.3791	3.4055	3.3092	3.5043	3.2848	3.436	3.3111	3.1883	3.2867	3.1655	3.0188	3.0902	3.0361	2.9594	3.2489	3.0272	2.9384	3.2892	2.9868	3.1713	3.2528	3.4267	3.5768	3.379	3.4396	3.5456	3.4226	3.6896	3.6881	3.403	3.604	3.5636	3.2823	3.4651	3.6485	3.4763	3.5473	3.7911	4.0294	3.7842	3.8707	3.8432	3.8085	3.8709	3.7458	4.1187	4.1432	4.0713	4.2262	4.1709	4.1039	4.5489	4.4775	4.3747	4.3855	4.6739	4.3618	4.2896	4.255	4.3071	4.4856	4.4636	4.7558	4.4772	4.2034	4.5924	4.4423	4.259	4.6684	4.7565	4.4255	4.5873	4.7873	4.7931	4.5296	4.9378	4.6584	5.0066	4.8962	4.7732	4.9178	4.6427	5.0568	5.2258	5.0788	5.0587	5.0088	5.0938	5.0188	5.3813	4.961	5.4597	4.9099	5.6104	5.1215	5.3916	5.4441	5.5853	5.3828	5.2141	5.2309	5.1487	5.2395	5.2968	4.9135	4.8978	4.9839	5.0568	5.0835	5.0628	5.138	4.9245	4.9574	5.3324	5.0062	4.9033	4.8885	5.3449	5.3675	5.0641	5.0268	5.0827	5.2478	4.8029	4.9803	4.7127	4.8313	4.7778	4.7003	4.9717	4.84	4.7488	4.7033	4.5668	4.4993	4.4828	4.6803
chr3	4620000	5625000	4.1635	3.7247	3.2307	3.0985	3.3224	3.5013	3.4854	3.6853	3.4134	3.4906	3.2174	3.7092	3.7228	3.9761	3.5804	3.6732	3.542	3.8159	3.6245	3.7316	3.7806	3.5839	3.6676	3.7709	3.7932	3.3825	3.6028	3.4537	3.3302	3.4759	3.6857	3.2307	3.4658	3.3791	3.4688	3.5897	3.847	3.6619	3.6595	3.311	3.9571	3.4703	3.6169	3.3811	3.4247	3.6324	3.3676	3.4042	3.7388	3.1919	3.2303	3.5595	3.5641	3.5319	3.5522	3.5077	3.1878	3.7065	3.4842	3.3569	3.1115	3.6803	3.326	3.588	3.4909	3.3121	3.2915	3.4974	3.2392	3.4476	3.3547	3.1272	3.3361	3.0509	3.0104	2.9466	2.9865	2.7084	3.1307	2.9527	2.9173	3.335	2.9921	3.2369	3.3326	3.3329	3.6072	3.3917	3.4267	3.5038	3.5018	3.5634	3.6432	3.424	3.6458	3.3992	3.3662	3.4514	3.6121	3.3877	3.5804	3.8401	4.0066	3.6987	3.7093	3.7798	3.7077	3.6896	3.6932	4.0383	3.8597	4.0304	4.1631	4.0189	4.0763	4.4092	4.3232	4.2589	4.2346	4.6449	4.2135	4.1722	4.1021	4.275	4.4178	4.3609	4.6568	4.2969	4.1728	4.5065	4.4345	4.1095	4.6044	4.7098	4.3159	4.4859	4.7089	4.7005	4.4284	4.8587	4.6032	4.9719	4.8586	4.623	4.9094	4.6601	5.0432	5.0754	5.0545	4.885	4.7788	4.9763	4.9132	5.1961	4.8665	5.3759	4.7275	5.4177	5.0351	5.4193	5.3634	5.4693	5.3633	5.1346	5.1852	5.1576	5.2962	5.1947	4.8833	4.9225	5.0713	5.087	5.0371	4.9238	5.1187	4.9039	4.9165	5.3297	4.8924	4.9077	4.9873	5.3763	5.3585	4.9998	4.9334	5.1897	5.3723	4.8277	5.1608	4.8775	4.8296	4.8459	4.7981	4.8539	4.9052	4.7995	4.7099	4.7277	4.511	4.3982	4.7537
chr3	4625000	5630000	4.237	3.8029	3.7334	2.8799	3.3439	3.423	3.3337	3.6245	3.3819	3.4568	3.1277	3.6642	3.7584	3.9106	3.6349	3.7136	3.6375	3.9688	3.9009	3.7133	4.0455	3.7816	3.8582	4.0501	3.9352	3.6425	3.5832	3.674	3.4837	3.508	3.7342	3.32	3.4847	3.411	3.4733	3.5407	3.7155	3.5939	3.707	3.3098	3.9058	3.4116	3.5475	3.4604	3.4839	3.5417	3.5383	3.4192	3.8404	3.2627	3.3495	3.5894	3.5867	3.5307	3.5629	3.6661	3.1999	3.7036	3.5402	3.4931	3.2657	3.7639	3.4393	3.5395	3.3485	3.2335	3.3531	3.3688	3.3444	3.4071	3.3082	3.1235	3.035	2.9136	2.9641	2.8496	3.0167	2.7261	3.0327	2.7373	2.9	3.1577	3.0144	3.2819	3.2576	3.3356	3.4392	3.4085	3.3799	3.473	3.4537	3.6017	3.5914	3.4242	3.6702	3.3826	3.2602	3.3666	3.4487	3.3197	3.5151	3.7741	3.9669	3.7349	3.7641	3.7192	3.6616	3.5187	3.6991	4.0594	3.8725	3.7634	4.1377	3.9171	3.9792	4.2215	4.1495	4.0516	4.1597	4.4501	4.1371	4.0341	4.0205	4.1031	4.3618	4.2729	4.5283	4.3455	4.1891	4.5167	4.4519	4.1969	4.6428	4.605	4.3932	4.4252	4.6576	4.5586	4.3623	4.8391	4.5789	4.9483	4.7434	4.5964	4.837	4.6702	4.9426	5.0076	5.0306	4.8576	4.7513	4.8512	4.77	5.1394	4.892	5.3304	4.615	5.2335	4.9013	5.3222	5.252	5.3545	5.4383	5.0274	5.2655	5.2167	5.2555	5.1686	4.9099	4.9455	5.1294	5.0729	5.1694	4.9775	5.1586	4.9227	5.0255	5.2624	4.9092	5.0506	4.9976	5.3963	5.5184	5.0575	5.1159	5.1443	5.3935	4.9985	5.2728	5.0182	4.9857	4.8697	4.9317	4.9685	4.9107	4.9241	4.7329	4.6148	4.4922	4.4447	4.8019
chr3	4630000	5635000	4.4638	3.9306	4.1586	3.5337	3.8571	3.5237	3.6329	3.5589	3.4729	3.4589	3.126	3.6024	3.7012	3.8471	3.6022	3.7703	3.6817	3.9588	3.9734	3.8736	4.101	3.9495	3.9306	4.2012	4.0043	3.6725	3.7468	3.8257	3.6032	3.6191	3.8562	3.4887	3.3835	3.4869	3.4641	3.6813	3.5939	3.531	3.6407	3.2697	3.7468	3.2869	3.4576	3.3769	3.5143	3.5033	3.5697	3.4379	3.7613	3.1715	3.1847	3.5516	3.564	3.3904	3.4774	3.6315	3.0713	3.6266	3.5118	3.4773	3.262	3.8217	3.495	3.6122	3.3193	3.2107	3.2728	3.3033	3.0425	3.2753	3.1526	3.0264	3.0327	2.8353	3.0422	2.9649	3.0479	2.7521	3.0411	2.7655	2.8073	3.0265	3.015	3.1977	3.1323	3.2651	3.3103	3.225	3.2406	3.3399	3.2874	3.5561	3.5326	3.3066	3.569	3.3244	3.1642	3.353	3.3325	3.2558	3.5079	3.6568	3.8674	3.6811	3.805	3.7434	3.7147	3.4864	3.5385	4.0275	3.7847	3.6708	3.9854	3.8396	3.9345	4.1187	3.931	4.0544	4.0183	4.3855	3.9925	3.9022	3.8884	3.9991	4.2241	4.1955	4.44	4.1997	4.2471	4.5089	4.4523	4.1123	4.5949	4.6095	4.2759	4.4064	4.6058	4.5213	4.358	4.669	4.6473	4.7669	4.6923	4.5404	4.651	4.5586	4.7537	4.8741	4.9119	4.6645	4.6673	4.7294	4.787	5.0385	4.8018	5.2271	4.5864	5.0767	4.8078	5.2013	5.0691	5.2174	5.2627	4.9928	5.1817	5.2038	5.3876	5.2003	4.8881	4.906	5.251	5.1071	5.2249	5.005	5.2075	4.9993	5.0255	5.3541	4.9267	5.0622	5.0221	5.387	5.4141	5.0623	5.1047	5.2169	5.569	4.9518	5.228	5.1405	5.1451	5.1128	5.1995	5.0348	5.0977	5.0079	4.8216	4.8415	4.6218	4.581	4.9161
chr3	4635000	5640000	4.519	4.106	4.3782	4.0458	4.4045	3.9665	4.0355	3.7863	3.6598	3.6074	3.2587	3.6123	3.8701	3.8976	3.5901	3.7226	3.8164	3.975	4.1488	4.0118	4.1411	4.142	3.9109	4.2827	4.003	3.87	3.967	4.0979	3.6338	3.8232	3.9868	3.7123	3.5912	3.499	3.5003	3.6019	3.4689	3.3892	3.5855	3.2472	3.6505	3.2719	3.3781	3.3742	3.262	3.3942	3.4891	3.3426	3.7368	3.2003	3.308	3.6204	3.5049	3.4054	3.4002	3.5174	3.1253	3.6474	3.6453	3.5476	3.2993	3.7165	3.4192	3.4905	3.3438	3.0794	3.1426	3.0752	2.9533	3.0699	3.0334	2.8408	3.0179	2.8107	3.1862	2.9459	3.0012	2.7268	3.005	2.7907	2.8702	3.0268	2.9931	3.2122	2.9947	3.1695	3.315	3.2417	3.1939	3.3884	3.3974	3.5059	3.4187	3.2583	3.4509	3.2216	3.086	3.3057	3.2281	3.2872	3.5687	3.6161	3.778	3.663	3.7455	3.6136	3.575	3.4603	3.5913	3.861	3.7217	3.632	3.8598	3.8261	3.8415	3.9937	3.8081	3.8334	3.8519	4.1037	3.937	3.8048	3.8179	3.7064	4.2037	4.0526	4.3844	4.0986	4.2014	4.3554	4.2607	3.9776	4.5674	4.672	4.2018	4.3112	4.4989	4.553	4.2335	4.5498	4.5759	4.6443	4.6141	4.5077	4.5671	4.46	4.7827	4.791	4.7271	4.6514	4.6777	4.6911	4.6488	4.8895	4.575	5.1443	4.382	5.0795	4.8533	4.9761	5.0268	4.9997	5.1987	4.8176	5.0656	5.0723	5.2209	5.2821	4.8469	4.9957	5.2121	5.1698	5.1419	5.0694	5.136	4.9126	5.1147	5.2657	4.9215	5.1238	4.9675	5.3354	5.3943	5.0388	5.11	5.1875	5.4676	4.847	5.2519	5.2646	5.2541	5.2204	5.2163	5.1326	5.1922	5.0777	4.9087	4.9097	4.714	4.834	4.9823
chr3	4640000	5645000	4.6257	4.1289	4.6161	4.2609	4.7218	4.4951	4.436	4.2977	4.2885	3.895	3.5709	3.7368	4.0318	4.0265	3.7825	3.8712	4.0611	3.9802	4.2909	4.1725	4.0888	4.1103	3.9288	4.4467	4.0249	3.9485	4.0358	4.2353	3.8543	3.9443	4.0612	3.9712	3.759	3.5722	3.4602	3.5252	3.3896	3.347	3.5276	3.2253	3.6066	3.1629	3.4103	3.4776	3.3436	3.4343	3.4918	3.4321	3.6636	3.1768	3.3044	3.5649	3.5682	3.4595	3.3864	3.5919	3.2248	3.6463	3.6707	3.5898	3.3188	3.808	3.4573	3.4326	3.2805	3.0534	3.2559	3.0318	2.8717	2.9125	3.0172	2.7128	2.9353	2.8692	3.1466	3.055	3.1069	2.8788	3.1151	2.8084	2.8247	3.1363	2.9104	3.2781	2.9416	3.1063	3.2034	3.2121	3.2123	3.4411	3.3473	3.4873	3.3905	3.28	3.4383	3.2233	3.0342	3.381	3.2031	3.1175	3.5807	3.703	3.825	3.5958	3.7406	3.6731	3.5969	3.4962	3.6046	3.857	3.6856	3.6383	3.8353	3.8303	3.796	3.932	3.7025	3.7525	3.9385	4.1462	3.8701	3.7147	3.6937	3.8188	4.0123	4.0599	4.3584	3.9407	4.0127	4.3487	4.2831	3.9534	4.4103	4.5576	4.1836	4.2916	4.4254	4.5515	4.2478	4.5742	4.4774	4.6655	4.4635	4.4329	4.5445	4.3729	4.6281	4.67	4.7877	4.5832	4.6091	4.7605	4.6705	4.8419	4.6102	5.0968	4.4501	5.071	4.8603	4.8549	4.9725	4.914	5.1326	4.8447	4.9651	5.0236	5.2661	5.2621	4.8492	5.0154	5.1985	5.2519	5.2228	5.218	5.228	4.9327	5.1474	5.3778	5.0351	5.1384	5.1195	5.2725	5.3984	5.0602	5.2313	5.2609	5.4221	4.7747	5.2459	5.3977	5.2314	5.1651	5.2073	5.3381	5.3992	5.1943	5.0742	5.0709	4.8902	4.9951	5.0248
chr3	4645000	5650000	4.7158	4.2771	4.5933	4.4501	4.8662	4.8215	4.7606	4.6257	4.6361	4.3043	4.1404	4.1128	4.4277	4.2057	4.0086	4.041	4.1126	4.0934	4.2653	4.1524	3.9713	4.1279	4.075	4.4401	4.028	4.0522	4.1518	4.4088	3.9288	4.01	4.2041	4.0093	3.8031	3.5899	3.5467	3.6069	3.5671	3.4431	3.4697	3.2455	3.5965	3.1636	3.3058	3.4057	3.3487	3.487	3.4598	3.4047	3.6627	3.2477	3.4012	3.4498	3.6384	3.4313	3.4703	3.5503	3.2107	3.6198	3.7655	3.543	3.2012	3.7534	3.4313	3.4341	3.1255	3.0559	3.1204	2.9673	2.8927	2.8357	2.9903	2.7585	3.0702	2.9768	3.2757	2.9345	2.9962	2.9759	3.1444	2.8504	2.7614	3.0745	2.9017	3.0853	2.9062	3.0456	3.2766	3.1182	3.1599	3.3085	3.2666	3.3279	3.3327	3.3141	3.3952	3.2577	3.0221	3.3957	3.2603	3.1396	3.5919	3.6909	3.6606	3.5538	3.6417	3.643	3.585	3.4511	3.5672	3.7642	3.5495	3.5668	3.8059	3.9327	3.7204	3.9739	3.805	3.7316	3.7701	3.9981	3.8169	3.5498	3.6706	3.7691	3.9026	3.9491	4.2801	3.918	3.9236	4.3967	4.2475	4.0121	4.1992	4.4764	4.1566	4.147	4.334	4.4989	4.3089	4.5512	4.3243	4.5145	4.4531	4.3822	4.4388	4.4073	4.5571	4.6408	4.6551	4.5596	4.5603	4.6245	4.5573	4.7398	4.5026	4.9297	4.3877	4.986	4.7169	4.6999	4.8573	4.868	4.9541	4.7434	4.7669	4.9126	5.0574	5.1218	4.8247	5.0911	5.1201	5.2387	5.1204	5.1274	5.2099	4.9431	5.2706	5.327	5.0707	5.1718	5.1892	5.2485	5.2539	5.1246	5.1937	5.1585	5.3762	4.9319	5.1292	5.4906	5.3083	5.2712	5.189	5.3967	5.2307	5.3004	5.1017	5.1405	5.0431	4.9774	5.1421
chr3	4650000	5655000	4.6866	4.3228	4.6296	4.5479	5.0896	4.9737	4.9788	4.8634	4.8668	4.7773	4.6846	4.6194	4.8606	4.5286	4.31	4.2272	4.1987	4.1881	4.3476	4.1705	4.0539	4.1291	4.1286	4.4166	4.1807	4.1223	4.1875	4.3157	3.8826	4.1261	4.1257	4.0317	3.8197	3.7018	3.674	3.6792	3.8035	3.5169	3.7146	3.4089	3.7362	3.2204	3.3485	3.4156	3.3126	3.4949	3.4816	3.5098	3.6998	3.335	3.368	3.5182	3.6713	3.4661	3.4741	3.5386	3.3002	3.5682	3.7624	3.5511	3.315	3.6676	3.3433	3.3736	3.1733	2.9389	3.234	3.1272	2.9058	2.9759	3.082	2.8807	3.1836	3.1268	3.3711	2.9145	2.9906	3.0297	3.1649	2.9395	2.7873	3.1395	2.9771	3.0139	3.0421	3.2354	3.283	2.9761	3.202	3.3715	3.3532	3.2802	3.4703	3.3956	3.4156	3.2554	3.1334	3.4821	3.3321	3.2203	3.6435	3.8133	3.7111	3.5427	3.4866	3.5321	3.5525	3.5889	3.5839	3.7723	3.5556	3.5255	3.6754	3.9059	3.6932	3.8078	3.8238	3.6782	3.7355	3.8361	3.7894	3.6135	3.5219	3.6675	3.8127	3.8173	4.1911	3.9088	3.86	4.3777	4.1701	3.9882	4.2476	4.2036	4.0252	4.2155	4.2951	4.554	4.265	4.4956	4.2638	4.5232	4.3539	4.3218	4.4339	4.5128	4.3983	4.5384	4.659	4.4688	4.4624	4.5291	4.6427	4.7614	4.435	4.8443	4.3814	4.9055	4.7155	4.6703	4.833	4.7804	4.9084	4.7786	4.7762	4.9642	4.9472	5.056	4.7796	4.9372	5.015	5.3625	5.0551	5.2388	5.2099	4.9261	5.3635	5.4548	5.1259	5.1341	5.274	5.27	5.2871	5.1628	5.1044	5.2025	5.3172	4.9191	5.0883	5.2879	5.3296	5.3657	5.1634	5.541	5.3038	5.3206	5.0196	5.2269	5.0672	5.1173	5.1871
chr3	4655000	5660000	4.762	4.3693	4.7438	4.4403	4.9675	5.0935	5.1735	5.0258	5.148	5.1069	4.9107	4.9075	4.9429	4.8649	4.516	4.3317	4.4093	4.2925	4.4119	4.1605	4.1299	4.1764	4.0957	4.43	4.0783	3.9908	4.0434	4.2576	3.9299	4.0733	3.9947	3.9327	3.848	3.7246	3.7771	3.7249	3.6995	3.6041	3.8214	3.4846	3.7493	3.2774	3.3983	3.3617	3.3864	3.4173	3.4577	3.4472	3.6458	3.3404	3.2978	3.5831	3.6563	3.4389	3.4963	3.545	3.2247	3.5219	3.6735	3.4017	3.185	3.6284	3.2044	3.1338	3.218	3.0577	3.1753	3.1713	2.9247	3.0555	3.122	2.9597	3.2017	3.1708	3.3431	2.9289	3.0041	3.0626	3.1387	2.9781	2.8702	3.1209	3.1104	3.2146	3.1232	3.2446	3.3297	2.9314	3.1896	3.4351	3.3526	3.4169	3.4159	3.3478	3.2702	3.1434	3.0495	3.3371	3.3227	3.2774	3.6997	3.6754	3.6342	3.4605	3.5291	3.6408	3.6258	3.6019	3.6208	3.7771	3.601	3.4718	3.604	3.8708	3.6608	3.8191	3.8592	3.6361	3.7578	3.9047	3.8155	3.5457	3.5583	3.6458	3.7581	3.822	4.1009	3.8299	3.9091	4.2078	4.2022	3.9201	4.1504	4.1002	3.9593	4.2347	4.2605	4.4414	4.1678	4.4162	4.1083	4.5269	4.4269	4.2818	4.4171	4.3473	4.4688	4.5382	4.6832	4.4175	4.4473	4.5768	4.5435	4.6704	4.4525	4.8671	4.3014	4.7705	4.5814	4.6307	4.8035	4.6964	4.8561	4.7466	4.7307	4.8847	4.9618	5.0173	4.6247	4.8244	4.9696	5.3041	4.9132	5.2104	5.2161	4.9687	5.2605	5.554	5.1018	5.0665	5.2821	5.3214	5.3611	5.1533	5.0866	5.1352	5.3599	4.8842	5.0827	5.2476	5.2749	5.0955	5.0643	5.4363	5.3139	5.2772	4.9924	5.2381	4.9363	5.0603	5.2721
chr3	4660000	5665000	4.7641	4.4307	4.8228	4.6194	5.1176	5.1011	5.31	5.207	5.1857	5.0671	4.926	4.9792	4.9541	5.0745	4.7857	4.7103	4.705	4.5909	4.7066	4.3766	4.2788	4.309	4.178	4.5366	4.0642	4.0491	4.0825	4.1093	3.9237	4.0642	3.9499	4.0262	3.9113	3.8138	3.9218	3.9389	3.8951	3.8412	3.8983	3.7324	3.864	3.4448	3.414	3.4812	3.4974	3.5814	3.3994	3.3734	3.5356	3.3634	3.2851	3.6942	3.7129	3.4316	3.5276	3.5964	3.1752	3.4085	3.5152	3.1771	3.1011	3.5407	3.1375	3.091	3.2769	3.102	3.1623	3.0955	2.9351	3.1475	3.1289	2.9095	3.2784	3.2328	3.3382	2.9688	3.0826	2.9618	3.1512	2.98	2.7679	3.0683	3.1815	3.1371	3.0138	3.2193	3.4133	2.9891	3.2985	3.4279	3.5094	3.4251	3.5687	3.2823	3.3707	2.9965	3.0744	3.2743	3.2862	3.2613	3.7356	3.6598	3.5591	3.4685	3.4238	3.6413	3.5585	3.5323	3.5111	3.7036	3.4982	3.4457	3.615	3.7706	3.6475	3.8599	3.8776	3.7136	3.7599	3.9359	3.8691	3.5857	3.5035	3.6272	3.6911	3.6517	4.0853	3.7051	3.7078	4.0682	4.1058	3.9257	4.0259	3.9748	3.828	4.1047	4.2542	4.3481	4.1323	4.3569	4.0514	4.4875	4.3461	4.1975	4.4616	4.3378	4.4349	4.4123	4.6198	4.3809	4.4392	4.4532	4.466	4.5739	4.4028	4.7359	4.2151	4.7164	4.5249	4.5881	4.6945	4.6696	4.739	4.6002	4.6561	4.7763	4.8862	4.9016	4.5546	4.6951	4.7364	5.0941	4.821	4.9481	4.9632	4.8629	4.9867	5.3308	4.8326	4.9263	5.1947	5.0796	5.2258	5.1141	4.9873	5.1289	5.1707	4.7148	4.9469	5.1135	5.1713	4.868	4.8756	5.2864	5.1696	5.0295	4.8994	5.0817	4.8565	4.8428	4.9594
chr3	4665000	5670000	4.8237	4.3562	5.0218	4.7392	5.2732	5.2406	5.2906	5.136	4.914	5.0685	4.7788	4.9973	5.0369	5.1947	4.9342	4.8698	4.9114	5.0255	4.9974	4.6049	4.375	4.3256	4.1725	4.6223	4.1215	3.9424	3.9776	4.115	3.9858	4.1192	3.9628	4.0557	3.9001	3.76	3.9087	3.89	3.9682	4.0466	3.9451	3.9104	3.9409	3.5339	3.5963	3.6624	3.6421	3.5154	3.5685	3.478	3.6332	3.4191	3.361	3.5053	3.5846	3.4417	3.4023	3.5719	3.0981	3.2986	3.4392	3.1701	3.0713	3.5374	3.1363	3.2158	3.2205	3.0856	3.1548	3.2349	2.978	3.1001	3.1848	2.947	3.1774	3.2413	3.1758	3.0763	3.0833	3.0158	3.1659	3.0038	2.7527	3.0695	3.1716	3.1471	3.1608	3.1839	3.4183	3.0597	3.2189	3.4737	3.556	3.5029	3.395	3.3483	3.292	3.1001	3.134	3.1997	3.2492	3.331	3.6536	3.5227	3.5081	3.4267	3.448	3.5565	3.5064	3.4516	3.4964	3.6124	3.3463	3.3809	3.6507	3.7768	3.5956	3.7653	3.8728	3.7179	3.7046	3.837	3.7945	3.4149	3.5234	3.5617	3.6806	3.7312	4.0592	3.6162	3.622	4.0095	4.0265	3.907	3.913	3.9735	3.8257	3.9975	4.1872	4.278	4.0902	4.2605	4.0123	4.361	4.2037	4.168	4.4017	4.3822	4.4767	4.4623	4.6461	4.4068	4.417	4.286	4.5258	4.5549	4.3417	4.7312	4.1222	4.7519	4.3796	4.6368	4.6682	4.6486	4.7129	4.5838	4.7884	4.8162	4.7361	4.6946	4.4687	4.6021	4.7147	5.0526	4.7189	4.904	4.8662	4.7321	4.8122	5.3553	4.8253	5.0606	5.2132	5.1993	5.3468	5.2341	5.198	5.1745	5.3044	4.8503	5.1199	5.1908	5.2542	4.9341	4.9497	5.188	5.2483	5.078	5.0982	5.1016	4.8187	4.9609	5.1068
chr3	4670000	5675000	4.8506	4.5287	5.0998	4.9037	5.1503	5.2378	4.9738	5.0819	4.67	4.9647	4.6796	4.9272	4.9663	5.255	4.9079	5.103	4.9199	5.1192	5.1342	4.7758	4.5916	4.5045	4.1416	4.5272	4.1354	3.8121	3.938	4.0791	3.8457	4.1225	3.8616	4.078	3.9116	3.7992	4.0217	3.975	4.0501	3.9307	4.0446	4.0104	4.0155	3.6404	3.7604	3.6165	3.7366	3.5908	3.6446	3.5247	3.6203	3.2507	3.3359	3.5547	3.436	3.3704	3.2355	3.4447	2.8155	3.1622	3.3979	3.0756	3.0107	3.4793	3.0598	3.2479	3.21	3.1112	3.2554	3.3419	3.1641	3.1091	3.234	3.0114	3.2736	3.1837	3.266	3.1171	3.1959	3.0092	3.166	3.1421	2.8075	3.1359	3.1912	3.1941	3.2874	3.2366	3.4464	3.1124	3.3238	3.6312	3.605	3.5024	3.4664	3.4189	3.433	3.1701	3.2766	3.2834	3.3171	3.441	3.6501	3.5191	3.5216	3.35	3.5031	3.5764	3.454	3.3616	3.5245	3.7014	3.4274	3.4665	3.5761	3.6789	3.6192	3.7637	3.7783	3.6133	3.6484	3.7924	3.7924	3.4475	3.5997	3.6481	3.5191	3.6753	4.0199	3.6459	3.3834	3.8916	3.9334	3.8012	3.9194	3.8794	3.7486	3.912	4.0013	4.2933	3.9338	4.1327	4.0075	4.3151	4.204	4.1702	4.3205	4.3003	4.5018	4.4708	4.4961	4.2445	4.3928	4.2412	4.4163	4.4438	4.3203	4.7447	4.0232	4.6404	4.3398	4.5544	4.567	4.5253	4.5027	4.5319	4.7498	4.6442	4.7298	4.6627	4.4138	4.4597	4.6578	4.9637	4.6398	4.7026	4.8701	4.612	4.7692	5.2158	4.7044	5.0421	5.151	5.0937	5.3027	5.1501	5.1785	5.2756	5.305	4.7961	5.1966	5.2604	5.1471	4.9103	4.8715	5.1952	5.1371	5.0128	4.9042	5.0517	4.6537	4.8704	5.0463
chr3	4675000	5680000	4.7037	4.5913	4.7482	4.7501	4.7296	4.8628	4.6004	4.7002	4.5104	4.79	4.4768	4.7585	4.9136	5.324	4.7992	5.0745	4.7777	5.0129	5.1487	4.8089	4.574	4.5763	4.2751	4.5601	4.2435	3.8929	3.9901	4.0611	3.985	4.0898	4.0298	3.9089	3.9372	3.8092	3.9426	4.0469	4.0629	3.8355	4.0204	3.9004	4.1354	3.7168	3.7768	3.7496	3.721	3.6456	3.742	3.5548	3.6184	3.2067	3.3252	3.389	3.2137	3.1713	2.9833	3.2857	2.7404	3.1468	3.3616	3.1076	3.0042	3.3264	3.1441	3.2486	3.2707	3.2236	3.2111	3.3437	3.2923	3.1563	3.1667	3.038	3.1884	3.2003	3.1457	3.0827	3.1618	3.0114	3.3423	3.1089	2.8948	3.3006	3.2366	3.2177	3.2492	3.3267	3.4431	3.1403	3.2125	3.655	3.5379	3.5542	3.4334	3.4198	3.3727	3.2645	3.3681	3.3144	3.3711	3.3373	3.621	3.4196	3.364	3.4466	3.4514	3.5315	3.3966	3.3249	3.5576	3.6885	3.4721	3.4997	3.49	3.6829	3.5287	3.6645	3.7749	3.6053	3.686	3.6292	3.7726	3.4921	3.6163	3.7189	3.5456	3.6544	4.0129	3.7692	3.4016	3.8997	3.8429	3.589	3.8882	3.7161	3.6299	3.7422	3.9423	4.1271	3.8313	4.1902	3.9731	4.3755	3.9799	4.1773	4.2694	4.1805	4.4933	4.2801	4.4495	4.298	4.4424	4.2979	4.4545	4.4242	4.3168	4.6983	4.0321	4.6703	4.2894	4.5479	4.4983	4.5491	4.6775	4.4828	4.7039	4.6463	4.7879	4.5573	4.3296	4.4946	4.5661	4.8433	4.4835	4.4878	4.8497	4.616	4.6383	5.1289	4.6781	4.9057	5.048	5.1576	5.2708	5.1999	5.2086	5.2685	5.3698	4.9044	5.2426	5.3301	5.3105	5.0091	4.9699	5.2883	5.1477	5.0511	4.9257	4.8495	4.6145	4.8454	5.0177
chr3	4680000	5685000	4.6111	4.4532	4.1645	4.3165	4.3617	4.5845	4.5299	4.5647	4.4734	4.7165	4.4107	4.7944	4.8492	5.2035	4.7076	4.9793	4.7193	4.8667	5.0568	4.7295	4.6558	4.7313	4.403	4.8488	4.5032	4.0587	4.1572	4.099	4.0918	4.1879	4.2137	4.0256	3.9154	3.8259	4.0617	4.0052	4.0116	3.942	4.0816	3.8926	4.1635	3.7128	3.8999	3.8288	3.7144	3.7979	3.757	3.6285	3.7035	3.2907	3.3635	3.2732	3.0601	3.0358	2.9539	3.2276	2.7241	3.1565	3.3296	3.1984	3.1291	3.3698	3.2068	3.3854	3.363	3.3213	3.2414	3.2681	3.3778	3.1808	3.2722	2.9552	3.2313	3.299	3.1861	3.1766	3.2499	3.1194	3.4296	3.1919	2.985	3.3102	3.3812	3.3647	3.319	3.3837	3.4199	3.1406	3.1952	3.658	3.5376	3.5775	3.465	3.358	3.4839	3.3889	3.4385	3.4375	3.3571	3.2076	3.6584	3.4066	3.4872	3.3725	3.5117	3.4286	3.351	3.3679	3.624	3.6729	3.4721	3.527	3.4389	3.68	3.503	3.6515	3.6915	3.6113	3.6005	3.5769	3.7021	3.4379	3.5537	3.746	3.6012	3.7183	3.9767	3.6703	3.4327	3.8447	3.856	3.5702	3.8103	3.7071	3.5834	3.6192	3.7565	3.9826	3.6633	4.0494	3.8755	4.3064	3.9008	4.0864	4.2055	3.9814	4.2931	4.3031	4.3724	4.1988	4.3285	4.3284	4.4135	4.3554	4.3376	4.5747	3.978	4.5682	4.2122	4.5119	4.4444	4.5065	4.5338	4.3381	4.6357	4.7171	4.6945	4.5075	4.3498	4.4626	4.5949	4.8102	4.5943	4.6133	4.7643	4.555	4.5572	5.0233	4.6759	4.7827	5.1019	5.0793	5.2256	5.2059	5.2269	5.3641	5.3827	5.0334	5.2849	5.4119	5.3725	5.0673	5.0855	5.352	5.1218	5.0804	5.1253	4.9188	4.6078	5.017	4.9802
