bin1_start_0based	bin2_start_0based	observed_count
4803000	4803000	53
4803000	4804000	44
4804000	4804000	36
4803000	4805000	15
4804000	4805000	53
4805000	4805000	47
4803000	4806000	10
4804000	4806000	16
4805000	4806000	69
4806000	4806000	52
4803000	4807000	3
4804000	4807000	11
4805000	4807000	19
4806000	4807000	62
4807000	4807000	32
4803000	4808000	6
4804000	4808000	3
4805000	4808000	5
4806000	4808000	7
4807000	4808000	52
4808000	4808000	40
4803000	4809000	4
4804000	4809000	5
4805000	4809000	4
4806000	4809000	2
4807000	4809000	16
4808000	4809000	37
4809000	4809000	31
4803000	4810000	3
4804000	4810000	4
4805000	4810000	2
4806000	4810000	6
4807000	4810000	22
4808000	4810000	21
4809000	4810000	54
4810000	4810000	73
4803000	4811000	1
4805000	4811000	4
4806000	4811000	6
4807000	4811000	5
4808000	4811000	6
4809000	4811000	2
4810000	4811000	41
4811000	4811000	23
4804000	4812000	1
4805000	4812000	3
4806000	4812000	5
4807000	4812000	9
4808000	4812000	4
4809000	4812000	7
4810000	4812000	13
4811000	4812000	18
4812000	4812000	30
4804000	4813000	2
4805000	4813000	3
4806000	4813000	4
4807000	4813000	9
4808000	4813000	2
4809000	4813000	6
4810000	4813000	18
4811000	4813000	18
4812000	4813000	41
4813000	4813000	55
4803000	4814000	7
4804000	4814000	5
4805000	4814000	8
4806000	4814000	11
4807000	4814000	14
4808000	4814000	9
4809000	4814000	10
4810000	4814000	27
4811000	4814000	25
4812000	4814000	44
4813000	4814000	98
4814000	4814000	131
4804000	4815000	2
4805000	4815000	1
4806000	4815000	1
4807000	4815000	3
4808000	4815000	2
4809000	4815000	2
4810000	4815000	8
4811000	4815000	1
4812000	4815000	7
4813000	4815000	14
4814000	4815000	109
4815000	4815000	69
4803000	4816000	2
4804000	4816000	2
4805000	4816000	1
4806000	4816000	2
4807000	4816000	1
4808000	4816000	2
4809000	4816000	2
4810000	4816000	2
4811000	4816000	4
4812000	4816000	4
4813000	4816000	6
4814000	4816000	63
4815000	4816000	63
4816000	4816000	55
4804000	4817000	1
4806000	4817000	2
4807000	4817000	1
4809000	4817000	1
4810000	4817000	2
4811000	4817000	1
4812000	4817000	1
4813000	4817000	4
4814000	4817000	29
4815000	4817000	17
4816000	4817000	56
4817000	4817000	55
4803000	4818000	1
4805000	4818000	2
4806000	4818000	1
4807000	4818000	3
4808000	4818000	4
4810000	4818000	8
4811000	4818000	4
4812000	4818000	3
4814000	4818000	29
4815000	4818000	16
4816000	4818000	34
4817000	4818000	55
4818000	4818000	73
4803000	4819000	2
4805000	4819000	5
4806000	4819000	4
4807000	4819000	4
4808000	4819000	1
4809000	4819000	4
4810000	4819000	3
4811000	4819000	5
4812000	4819000	5
4813000	4819000	3
4814000	4819000	34
4815000	4819000	20
4816000	4819000	23
4817000	4819000	25
4818000	4819000	112
4819000	4819000	122
4803000	4820000	2
4804000	4820000	1
4805000	4820000	1
4808000	4820000	2
4809000	4820000	1
4810000	4820000	2
4811000	4820000	1
4813000	4820000	1
4814000	4820000	19
4815000	4820000	9
4816000	4820000	5
4817000	4820000	15
4818000	4820000	36
4819000	4820000	102
4820000	4820000	53
4806000	4821000	1
4808000	4821000	1
4810000	4821000	2
4812000	4821000	1
4813000	4821000	1
4814000	4821000	7
4815000	4821000	7
4816000	4821000	2
4817000	4821000	1
4818000	4821000	11
4819000	4821000	29
4820000	4821000	49
4821000	4821000	16
4805000	4822000	1
4813000	4822000	2
4814000	4822000	5
4815000	4822000	4
4816000	4822000	5
4817000	4822000	6
4818000	4822000	8
4819000	4822000	28
4820000	4822000	22
4821000	4822000	28
4822000	4822000	38
4814000	4823000	2
4815000	4823000	3
4817000	4823000	3
4818000	4823000	2
4819000	4823000	10
4820000	4823000	7
4821000	4823000	6
4822000	4823000	31
4823000	4823000	27
4804000	4824000	1
4805000	4824000	2
4806000	4824000	1
4807000	4824000	1
4808000	4824000	1
4809000	4824000	2
4811000	4824000	2
4814000	4824000	9
4815000	4824000	3
4816000	4824000	1
4817000	4824000	4
4818000	4824000	12
4819000	4824000	21
4820000	4824000	15
4821000	4824000	8
4822000	4824000	29
4823000	4824000	36
4824000	4824000	74
4803000	4825000	1
4804000	4825000	2
4805000	4825000	5
4806000	4825000	3
4807000	4825000	5
4808000	4825000	1
4809000	4825000	2
4810000	4825000	2
4812000	4825000	1
4813000	4825000	3
4814000	4825000	18
4815000	4825000	13
4816000	4825000	3
4817000	4825000	10
4818000	4825000	15
4819000	4825000	30
4820000	4825000	20
4821000	4825000	15
4822000	4825000	28
4823000	4825000	33
4824000	4825000	117
4825000	4825000	107
4804000	4826000	1
4805000	4826000	2
4807000	4826000	3
4809000	4826000	2
4811000	4826000	1
4812000	4826000	1
4814000	4826000	15
4815000	4826000	5
4816000	4826000	2
4817000	4826000	3
4818000	4826000	6
4819000	4826000	16
4820000	4826000	12
4821000	4826000	2
4822000	4826000	11
4823000	4826000	8
4824000	4826000	38
4825000	4826000	103
4826000	4826000	87
4803000	4827000	1
4804000	4827000	1
4805000	4827000	2
4809000	4827000	1
4810000	4827000	2
4813000	4827000	1
4814000	4827000	7
4815000	4827000	2
4816000	4827000	3
4817000	4827000	2
4818000	4827000	2
4819000	4827000	2
4820000	4827000	2
4821000	4827000	4
4822000	4827000	3
4823000	4827000	6
4824000	4827000	18
4825000	4827000	58
4826000	4827000	95
4827000	4827000	54
4804000	4828000	1
4806000	4828000	3
4807000	4828000	1
4808000	4828000	1
4809000	4828000	2
4810000	4828000	1
4813000	4828000	1
4815000	4828000	4
4816000	4828000	3
4817000	4828000	3
4818000	4828000	3
4819000	4828000	5
4820000	4828000	4
4821000	4828000	2
4822000	4828000	5
4823000	4828000	5
4824000	4828000	14
4825000	4828000	27
4826000	4828000	43
4827000	4828000	59
4828000	4828000	70
4805000	4829000	1
4806000	4829000	2
4810000	4829000	1
4813000	4829000	1
4814000	4829000	3
4815000	4829000	1
4816000	4829000	2
4818000	4829000	2
4819000	4829000	5
4820000	4829000	4
4821000	4829000	1
4822000	4829000	2
4823000	4829000	3
4824000	4829000	4
4825000	4829000	19
4826000	4829000	25
4827000	4829000	19
4828000	4829000	47
4829000	4829000	30
4804000	4830000	1
4809000	4830000	1
4811000	4830000	2
4812000	4830000	1
4814000	4830000	7
4815000	4830000	1
4816000	4830000	1
4817000	4830000	2
4818000	4830000	3
4819000	4830000	6
4820000	4830000	3
4821000	4830000	1
4822000	4830000	1
4823000	4830000	2
4824000	4830000	3
4825000	4830000	11
4826000	4830000	15
4827000	4830000	22
4828000	4830000	39
4829000	4830000	35
4830000	4830000	57
4804000	4831000	2
4805000	4831000	1
4806000	4831000	3
4807000	4831000	1
4810000	4831000	1
4811000	4831000	2
4813000	4831000	1
4814000	4831000	6
4815000	4831000	3
4816000	4831000	1
4817000	4831000	4
4818000	4831000	3
4819000	4831000	3
4820000	4831000	1
4822000	4831000	3
4823000	4831000	1
4824000	4831000	5
4825000	4831000	15
4826000	4831000	16
4827000	4831000	11
4828000	4831000	19
4829000	4831000	23
4830000	4831000	70
4831000	4831000	59
4813000	4832000	1
4814000	4832000	5
4815000	4832000	1
4816000	4832000	1
4817000	4832000	1
4818000	4832000	3
4819000	4832000	3
4820000	4832000	2
4824000	4832000	1
4825000	4832000	3
4826000	4832000	6
4827000	4832000	4
4828000	4832000	8
4829000	4832000	10
4830000	4832000	26
4831000	4832000	75
4832000	4832000	49
4806000	4833000	2
4807000	4833000	1
4814000	4833000	3
4817000	4833000	1
4819000	4833000	6
4820000	4833000	2
4824000	4833000	2
4825000	4833000	4
4826000	4833000	4
4827000	4833000	1
4828000	4833000	1
4829000	4833000	3
4830000	4833000	6
4831000	4833000	26
4832000	4833000	44
4833000	4833000	49
4807000	4834000	3
4808000	4834000	2
4811000	4834000	2
4812000	4834000	3
4814000	4834000	2
4815000	4834000	1
4817000	4834000	1
4819000	4834000	8
4822000	4834000	1
4824000	4834000	8
4825000	4834000	11
4826000	4834000	5
4827000	4834000	7
4828000	4834000	9
4829000	4834000	9
4830000	4834000	14
4831000	4834000	45
4832000	4834000	46
4833000	4834000	53
4834000	4834000	114
4809000	4835000	1
4816000	4835000	1
4817000	4835000	1
4819000	4835000	2
4820000	4835000	2
4821000	4835000	1
4823000	4835000	1
4824000	4835000	1
4825000	4835000	1
4826000	4835000	3
4827000	4835000	3
4828000	4835000	5
4829000	4835000	4
4830000	4835000	6
4831000	4835000	16
4832000	4835000	15
4833000	4835000	13
4834000	4835000	75
4835000	4835000	51
4807000	4836000	1
4810000	4836000	1
4814000	4836000	1
4817000	4836000	1
4819000	4836000	1
4821000	4836000	1
4822000	4836000	1
4823000	4836000	1
4825000	4836000	3
4827000	4836000	3
4829000	4836000	1
4830000	4836000	1
4831000	4836000	10
4832000	4836000	2
4833000	4836000	6
4834000	4836000	49
4835000	4836000	43
4836000	4836000	54
4804000	4837000	1
4815000	4837000	1
4817000	4837000	2
4819000	4837000	1
4825000	4837000	1
4826000	4837000	3
4827000	4837000	2
4828000	4837000	3
4829000	4837000	1
4830000	4837000	1
4831000	4837000	6
4832000	4837000	1
4833000	4837000	2
4834000	4837000	20
4835000	4837000	9
4836000	4837000	34
4837000	4837000	41
4806000	4838000	1
4814000	4838000	2
4815000	4838000	2
4818000	4838000	1
4819000	4838000	2
4820000	4838000	1
4821000	4838000	2
4822000	4838000	1
4825000	4838000	3
4826000	4838000	1
4827000	4838000	3
4828000	4838000	1
4829000	4838000	1
4830000	4838000	2
4831000	4838000	6
4832000	4838000	2
4833000	4838000	2
4834000	4838000	8
4835000	4838000	7
4836000	4838000	12
4837000	4838000	30
4838000	4838000	43
4810000	4839000	1
4817000	4839000	1
4820000	4839000	1
4821000	4839000	2
4825000	4839000	1
4826000	4839000	1
4828000	4839000	2
4829000	4839000	1
4830000	4839000	1
4831000	4839000	1
4832000	4839000	1
4833000	4839000	2
4834000	4839000	7
4835000	4839000	4
4836000	4839000	4
4837000	4839000	10
4838000	4839000	21
4839000	4839000	34
4811000	4840000	1
4814000	4840000	1
4819000	4840000	1
4820000	4840000	1
4825000	4840000	3
4829000	4840000	1
4831000	4840000	5
4832000	4840000	2
4834000	4840000	5
4835000	4840000	8
4836000	4840000	3
4837000	4840000	8
4838000	4840000	15
4839000	4840000	21
4840000	4840000	42
4814000	4841000	1
4817000	4841000	1
4819000	4841000	1
4820000	4841000	3
4824000	4841000	1
4825000	4841000	1
4826000	4841000	1
4830000	4841000	1
4831000	4841000	1
4834000	4841000	2
4835000	4841000	1
4836000	4841000	1
4837000	4841000	5
4838000	4841000	4
4839000	4841000	6
4840000	4841000	29
4841000	4841000	32
4803000	4842000	1
4807000	4842000	1
4822000	4842000	1
4825000	4842000	1
4826000	4842000	4
4831000	4842000	3
4834000	4842000	7
4835000	4842000	1
4836000	4842000	3
4837000	4842000	2
4839000	4842000	8
4840000	4842000	6
4841000	4842000	33
4842000	4842000	40
4815000	4843000	2
4818000	4843000	1
4825000	4843000	1
4826000	4843000	1
4827000	4843000	2
4828000	4843000	1
4831000	4843000	1
4832000	4843000	2
4833000	4843000	2
4834000	4843000	2
4836000	4843000	2
4837000	4843000	1
4838000	4843000	2
4839000	4843000	4
4840000	4843000	4
4841000	4843000	5
4842000	4843000	22
4843000	4843000	43
4814000	4844000	1
4819000	4844000	1
4825000	4844000	1
4826000	4844000	1
4827000	4844000	1
4828000	4844000	3
4830000	4844000	1
4831000	4844000	1
4832000	4844000	1
4833000	4844000	1
4834000	4844000	11
4835000	4844000	1
4836000	4844000	4
4837000	4844000	1
4838000	4844000	3
4839000	4844000	1
4840000	4844000	5
4841000	4844000	1
4842000	4844000	7
4843000	4844000	19
4844000	4844000	28
4810000	4845000	1
4820000	4845000	2
4825000	4845000	1
4828000	4845000	1
4830000	4845000	3
4831000	4845000	3
4832000	4845000	2
4833000	4845000	1
4834000	4845000	2
4835000	4845000	2
4836000	4845000	1
4838000	4845000	1
4839000	4845000	4
4840000	4845000	4
4841000	4845000	2
4842000	4845000	10
4843000	4845000	13
4844000	4845000	29
4845000	4845000	47
4810000	4846000	1
4812000	4846000	1
4820000	4846000	2
4824000	4846000	1
4825000	4846000	1
4826000	4846000	1
4831000	4846000	1
4833000	4846000	1
4834000	4846000	5
4836000	4846000	1
4837000	4846000	1
4838000	4846000	1
4839000	4846000	1
4840000	4846000	1
4841000	4846000	5
4842000	4846000	3
4843000	4846000	3
4844000	4846000	9
4845000	4846000	26
4846000	4846000	46
4814000	4847000	1
4815000	4847000	1
4817000	4847000	1
4819000	4847000	1
4820000	4847000	1
4829000	4847000	1
4830000	4847000	1
4831000	4847000	3
4835000	4847000	2
4837000	4847000	3
4838000	4847000	2
4839000	4847000	2
4841000	4847000	1
4842000	4847000	2
4844000	4847000	4
4845000	4847000	16
4846000	4847000	22
4847000	4847000	36
4814000	4848000	1
4818000	4848000	1
4819000	4848000	3
4826000	4848000	1
4827000	4848000	2
4829000	4848000	1
4830000	4848000	1
4831000	4848000	1
4832000	4848000	1
4833000	4848000	1
4834000	4848000	3
4837000	4848000	4
4838000	4848000	1
4839000	4848000	5
4841000	4848000	1
4842000	4848000	1
4843000	4848000	2
4844000	4848000	5
4845000	4848000	6
4846000	4848000	8
4847000	4848000	17
4848000	4848000	31
4803000	4849000	1
4805000	4849000	1
4806000	4849000	2
4815000	4849000	2
4819000	4849000	1
4824000	4849000	3
4825000	4849000	2
4826000	4849000	2
4828000	4849000	1
4829000	4849000	3
4830000	4849000	1
4831000	4849000	3
4832000	4849000	2
4833000	4849000	3
4834000	4849000	4
4835000	4849000	1
4836000	4849000	4
4837000	4849000	6
4838000	4849000	2
4839000	4849000	1
4840000	4849000	3
4841000	4849000	4
4842000	4849000	2
4843000	4849000	3
4844000	4849000	5
4845000	4849000	3
4846000	4849000	20
4847000	4849000	14
4848000	4849000	43
4849000	4849000	77
4814000	4850000	4
4817000	4850000	1
4819000	4850000	3
4820000	4850000	2
4822000	4850000	1
4825000	4850000	2
4827000	4850000	2
4828000	4850000	2
4830000	4850000	5
4831000	4850000	2
4834000	4850000	7
4835000	4850000	2
4836000	4850000	2
4837000	4850000	2
4838000	4850000	4
4839000	4850000	1
4840000	4850000	6
4841000	4850000	3
4842000	4850000	4
4843000	4850000	5
4844000	4850000	1
4845000	4850000	3
4846000	4850000	7
4847000	4850000	7
4848000	4850000	24
4849000	4850000	96
4850000	4850000	88
4811000	4851000	2
4814000	4851000	1
4815000	4851000	1
4819000	4851000	1
4825000	4851000	2
4826000	4851000	1
4830000	4851000	1
4831000	4851000	4
4832000	4851000	1
4833000	4851000	1
4834000	4851000	4
4836000	4851000	1
4837000	4851000	1
4840000	4851000	2
4843000	4851000	1
4845000	4851000	6
4846000	4851000	4
4847000	4851000	4
4848000	4851000	3
4849000	4851000	26
4850000	4851000	70
4851000	4851000	52
4828000	4852000	1
4829000	4852000	1
4841000	4852000	1
4843000	4852000	1
4848000	4852000	3
4849000	4852000	6
4850000	4852000	11
4851000	4852000	7
4852000	4852000	13
4803000	4853000	1
4807000	4853000	1
4810000	4853000	1
4812000	4853000	4
4814000	4853000	3
4815000	4853000	1
4819000	4853000	3
4821000	4853000	2
4822000	4853000	2
4825000	4853000	2
4826000	4853000	2
4827000	4853000	1
4829000	4853000	2
4830000	4853000	2
4831000	4853000	5
4832000	4853000	2
4833000	4853000	1
4834000	4853000	7
4835000	4853000	3
4838000	4853000	1
4839000	4853000	2
4840000	4853000	1
4841000	4853000	1
4842000	4853000	3
4843000	4853000	1
4844000	4853000	3
4845000	4853000	2
4846000	4853000	4
4847000	4853000	5
4848000	4853000	6
4849000	4853000	23
4850000	4853000	40
4851000	4853000	31
4852000	4853000	34
4853000	4853000	117
4819000	4854000	1
4820000	4854000	1
4824000	4854000	1
4825000	4854000	3
4827000	4854000	1
4832000	4854000	1
4833000	4854000	1
4837000	4854000	1
4841000	4854000	1
4842000	4854000	2
4848000	4854000	1
4849000	4854000	6
4850000	4854000	6
4851000	4854000	6
4852000	4854000	7
4853000	4854000	51
4854000	4854000	27
4808000	4855000	1
4820000	4855000	2
4834000	4855000	3
4844000	4855000	1
4847000	4855000	1
4848000	4855000	4
4849000	4855000	7
4850000	4855000	4
4851000	4855000	8
4852000	4855000	4
4853000	4855000	10
4854000	4855000	27
4855000	4855000	39
4805000	4856000	1
4824000	4856000	1
4827000	4856000	1
4829000	4856000	1
4832000	4856000	1
4833000	4856000	1
4835000	4856000	1
4837000	4856000	1
4838000	4856000	1
4839000	4856000	3
4845000	4856000	1
4847000	4856000	2
4849000	4856000	1
4850000	4856000	5
4851000	4856000	3
4853000	4856000	9
4854000	4856000	9
4855000	4856000	34
4856000	4856000	37
4805000	4857000	1
4818000	4857000	1
4826000	4857000	1
4831000	4857000	1
4834000	4857000	1
4839000	4857000	1
4845000	4857000	1
4848000	4857000	2
4849000	4857000	1
4850000	4857000	1
4853000	4857000	10
4854000	4857000	1
4855000	4857000	9
4856000	4857000	21
4857000	4857000	23
4807000	4858000	1
4814000	4858000	1
4829000	4858000	1
4830000	4858000	1
4833000	4858000	2
4834000	4858000	1
4839000	4858000	1
4846000	4858000	2
4849000	4858000	2
4850000	4858000	1
4851000	4858000	1
4853000	4858000	4
4854000	4858000	4
4856000	4858000	6
4857000	4858000	15
4858000	4858000	30
4815000	4859000	1
4826000	4859000	2
4831000	4859000	1
4834000	4859000	1
4836000	4859000	1
4840000	4859000	1
4847000	4859000	2
4849000	4859000	1
4851000	4859000	1
4853000	4859000	2
4856000	4859000	2
4857000	4859000	7
4858000	4859000	16
4859000	4859000	16
4811000	4860000	1
4824000	4860000	1
4825000	4860000	1
4827000	4860000	2
4832000	4860000	1
4845000	4860000	1
4850000	4860000	2
4851000	4860000	1
4853000	4860000	5
4854000	4860000	1
4855000	4860000	1
4856000	4860000	4
4857000	4860000	2
4858000	4860000	1
4859000	4860000	10
4860000	4860000	13
4822000	4861000	2
4828000	4861000	1
4847000	4861000	1
4849000	4861000	1
4851000	4861000	1
4853000	4861000	5
4856000	4861000	2
4858000	4861000	3
4859000	4861000	6
4860000	4861000	12
4861000	4861000	21
4806000	4862000	1
4826000	4862000	1
4827000	4862000	1
4832000	4862000	1
4838000	4862000	1
4846000	4862000	2
4850000	4862000	2
4851000	4862000	2
4854000	4862000	1
4855000	4862000	3
4856000	4862000	3
4857000	4862000	1
4858000	4862000	1
4859000	4862000	3
4860000	4862000	1
4861000	4862000	21
4862000	4862000	41
4813000	4863000	1
4819000	4863000	1
4825000	4863000	2
4826000	4863000	1
4830000	4863000	1
4831000	4863000	1
4832000	4863000	1
4833000	4863000	2
4837000	4863000	1
4838000	4863000	1
4839000	4863000	1
4840000	4863000	1
4841000	4863000	1
4846000	4863000	1
4847000	4863000	1
4848000	4863000	1
4849000	4863000	2
4851000	4863000	1
4853000	4863000	2
4854000	4863000	2
4856000	4863000	1
4857000	4863000	1
4858000	4863000	1
4860000	4863000	1
4861000	4863000	4
4862000	4863000	26
4863000	4863000	31
4819000	4864000	1
4825000	4864000	1
4832000	4864000	1
4837000	4864000	1
4850000	4864000	1
4851000	4864000	2
4852000	4864000	1
4853000	4864000	2
4854000	4864000	1
4855000	4864000	1
4857000	4864000	2
4858000	4864000	1
4859000	4864000	3
4860000	4864000	2
4861000	4864000	3
4862000	4864000	8
4863000	4864000	27
4864000	4864000	44
4814000	4865000	1
4817000	4865000	1
4818000	4865000	1
4819000	4865000	1
4831000	4865000	1
4832000	4865000	1
4834000	4865000	2
4845000	4865000	1
4848000	4865000	2
4850000	4865000	2
4851000	4865000	3
4853000	4865000	3
4857000	4865000	1
4858000	4865000	1
4859000	4865000	2
4861000	4865000	3
4862000	4865000	6
4863000	4865000	8
4864000	4865000	28
4865000	4865000	19
4807000	4866000	1
4809000	4866000	1
4814000	4866000	1
4816000	4866000	1
4818000	4866000	1
4825000	4866000	2
4826000	4866000	3
4828000	4866000	1
4829000	4866000	1
4835000	4866000	1
4836000	4866000	1
4838000	4866000	1
4841000	4866000	1
4851000	4866000	1
4853000	4866000	2
4854000	4866000	1
4856000	4866000	2
4858000	4866000	1
4859000	4866000	1
4860000	4866000	2
4862000	4866000	3
4863000	4866000	14
4864000	4866000	21
4865000	4866000	25
4866000	4866000	44
4804000	4867000	1
4806000	4867000	1
4810000	4867000	1
4813000	4867000	2
4814000	4867000	4
4818000	4867000	1
4819000	4867000	3
4824000	4867000	2
4825000	4867000	1
4826000	4867000	1
4830000	4867000	4
4831000	4867000	6
4834000	4867000	3
4840000	4867000	1
4842000	4867000	1
4844000	4867000	2
4845000	4867000	2
4847000	4867000	2
4849000	4867000	5
4850000	4867000	5
4851000	4867000	2
4852000	4867000	1
4853000	4867000	3
4854000	4867000	2
4855000	4867000	6
4856000	4867000	2
4858000	4867000	1
4859000	4867000	2
4860000	4867000	3
4861000	4867000	2
4862000	4867000	6
4863000	4867000	7
4864000	4867000	12
4865000	4867000	26
4866000	4867000	70
4867000	4867000	82
4803000	4868000	1
4805000	4868000	2
4806000	4868000	4
4813000	4868000	1
4814000	4868000	3
4815000	4868000	3
4818000	4868000	2
4819000	4868000	3
4820000	4868000	2
4821000	4868000	1
4822000	4868000	2
4823000	4868000	2
4825000	4868000	6
4826000	4868000	4
4827000	4868000	4
4828000	4868000	1
4829000	4868000	3
4830000	4868000	5
4831000	4868000	6
4832000	4868000	4
4833000	4868000	2
4834000	4868000	4
4835000	4868000	11
4837000	4868000	3
4839000	4868000	2
4840000	4868000	2
4841000	4868000	2
4842000	4868000	5
4844000	4868000	1
4845000	4868000	3
4847000	4868000	2
4848000	4868000	1
4849000	4868000	6
4850000	4868000	6
4852000	4868000	1
4853000	4868000	8
4854000	4868000	1
4855000	4868000	2
4857000	4868000	1
4858000	4868000	1
4859000	4868000	3
4860000	4868000	2
4861000	4868000	5
4862000	4868000	7
4863000	4868000	5
4864000	4868000	10
4865000	4868000	24
4866000	4868000	44
4867000	4868000	116
4868000	4868000	126
4807000	4869000	1
4809000	4869000	1
4810000	4869000	2
4813000	4869000	2
4814000	4869000	2
4815000	4869000	1
4816000	4869000	1
4818000	4869000	1
4819000	4869000	1
4822000	4869000	1
4824000	4869000	1
4826000	4869000	1
4827000	4869000	2
4828000	4869000	3
4829000	4869000	2
4830000	4869000	1
4832000	4869000	1
4834000	4869000	5
4835000	4869000	2
4836000	4869000	1
4837000	4869000	1
4839000	4869000	2
4846000	4869000	1
4848000	4869000	1
4849000	4869000	2
4850000	4869000	3
4853000	4869000	4
4856000	4869000	2
4862000	4869000	3
4863000	4869000	6
4864000	4869000	2
4865000	4869000	1
4866000	4869000	3
4867000	4869000	13
4868000	4869000	97
4869000	4869000	61
4814000	4870000	1
4830000	4870000	1
4839000	4870000	2
4844000	4870000	1
4850000	4870000	2
4853000	4870000	2
4858000	4870000	1
4865000	4870000	1
4866000	4870000	2
4867000	4870000	1
4868000	4870000	23
4869000	4870000	49
4870000	4870000	29
4804000	4871000	1
4814000	4871000	3
4825000	4871000	2
4826000	4871000	1
4832000	4871000	1
4834000	4871000	1
4842000	4871000	1
4849000	4871000	2
4850000	4871000	1
4853000	4871000	1
4858000	4871000	1
4861000	4871000	1
4863000	4871000	1
4866000	4871000	1
4867000	4871000	1
4868000	4871000	14
4869000	4871000	31
4870000	4871000	20
4871000	4871000	44
4814000	4872000	1
4815000	4872000	1
4828000	4872000	1
4831000	4872000	2
4836000	4872000	1
4846000	4872000	1
4850000	4872000	1
4857000	4872000	1
4859000	4872000	1
4860000	4872000	1
4868000	4872000	7
4869000	4872000	17
4870000	4872000	5
4871000	4872000	34
4872000	4872000	19
4813000	4873000	2
4814000	4873000	1
4819000	4873000	2
4825000	4873000	1
4832000	4873000	1
4841000	4873000	1
4845000	4873000	1
4846000	4873000	1
4847000	4873000	1
4854000	4873000	1
4859000	4873000	1
4861000	4873000	1
4862000	4873000	1
4867000	4873000	1
4868000	4873000	8
4869000	4873000	8
4870000	4873000	5
4871000	4873000	10
4872000	4873000	10
4873000	4873000	39
4812000	4874000	1
4826000	4874000	1
4827000	4874000	1
4830000	4874000	1
4831000	4874000	1
4834000	4874000	1
4852000	4874000	1
4860000	4874000	1
4863000	4874000	1
4866000	4874000	1
4868000	4874000	4
4869000	4874000	3
4870000	4874000	1
4871000	4874000	1
4872000	4874000	3
4873000	4874000	23
4874000	4874000	27
4810000	4875000	1
4820000	4875000	2
4826000	4875000	2
4831000	4875000	1
4833000	4875000	2
4843000	4875000	1
4844000	4875000	1
4866000	4875000	1
4868000	4875000	5
4869000	4875000	11
4870000	4875000	3
4871000	4875000	5
4872000	4875000	7
4873000	4875000	9
4874000	4875000	20
4875000	4875000	26
4814000	4876000	1
4819000	4876000	1
4825000	4876000	1
4835000	4876000	1
4837000	4876000	1
4842000	4876000	1
4853000	4876000	1
4862000	4876000	2
4866000	4876000	1
4868000	4876000	2
4869000	4876000	5
4870000	4876000	1
4871000	4876000	2
4873000	4876000	4
4874000	4876000	4
4875000	4876000	17
4876000	4876000	23
4805000	4877000	1
4835000	4877000	1
4868000	4877000	2
4869000	4877000	4
4872000	4877000	1
4873000	4877000	2
4874000	4877000	4
4875000	4877000	6
4876000	4877000	13
4877000	4877000	25
4820000	4878000	1
4823000	4878000	1
4836000	4878000	2
4840000	4878000	1
4853000	4878000	1
4867000	4878000	1
4868000	4878000	2
4869000	4878000	5
4872000	4878000	1
4873000	4878000	1
4875000	4878000	5
4876000	4878000	6
4877000	4878000	5
4878000	4878000	26
4815000	4879000	1
4821000	4879000	1
4823000	4879000	1
4831000	4879000	1
4832000	4879000	1
4846000	4879000	1
4862000	4879000	1
4864000	4879000	1
4866000	4879000	1
4868000	4879000	1
4869000	4879000	2
4870000	4879000	1
4871000	4879000	1
4872000	4879000	1
4873000	4879000	2
4874000	4879000	1
4876000	4879000	3
4877000	4879000	2
4878000	4879000	17
4879000	4879000	21
4830000	4880000	1
4831000	4880000	1
4846000	4880000	1
4847000	4880000	1
4849000	4880000	1
4864000	4880000	1
4867000	4880000	2
4869000	4880000	3
4872000	4880000	2
4875000	4880000	2
4876000	4880000	1
4877000	4880000	2
4878000	4880000	5
4879000	4880000	19
4880000	4880000	32
4825000	4881000	1
4826000	4881000	1
4853000	4881000	1
4868000	4881000	3
4869000	4881000	2
4875000	4881000	1
4878000	4881000	2
4879000	4881000	12
4880000	4881000	24
4881000	4881000	28
4808000	4882000	2
4830000	4882000	1
4861000	4882000	1
4866000	4882000	1
4868000	4882000	6
4873000	4882000	2
4876000	4882000	3
4878000	4882000	2
4879000	4882000	7
4880000	4882000	10
4881000	4882000	17
4882000	4882000	33
4815000	4883000	1
4838000	4883000	1
4864000	4883000	1
4868000	4883000	4
4869000	4883000	1
4870000	4883000	1
4874000	4883000	1
4875000	4883000	1
4877000	4883000	1
4878000	4883000	2
4879000	4883000	5
4880000	4883000	7
4881000	4883000	9
4882000	4883000	26
4883000	4883000	31
4805000	4884000	1
4809000	4884000	1
4814000	4884000	1
4819000	4884000	1
4835000	4884000	1
4842000	4884000	1
4850000	4884000	1
4866000	4884000	1
4868000	4884000	4
4873000	4884000	1
4874000	4884000	1
4875000	4884000	1
4876000	4884000	1
4877000	4884000	1
4878000	4884000	1
4879000	4884000	2
4880000	4884000	2
4881000	4884000	3
4882000	4884000	11
4883000	4884000	22
4884000	4884000	29
4803000	4885000	2
4806000	4885000	1
4826000	4885000	1
4835000	4885000	1
4851000	4885000	1
4853000	4885000	2
4863000	4885000	1
4865000	4885000	1
4866000	4885000	1
4868000	4885000	3
4870000	4885000	2
4874000	4885000	3
4875000	4885000	2
4877000	4885000	1
4878000	4885000	1
4879000	4885000	1
4880000	4885000	3
4881000	4885000	3
4882000	4885000	6
4883000	4885000	6
4884000	4885000	42
4885000	4885000	63
4850000	4886000	1
4857000	4886000	1
4869000	4886000	2
4879000	4886000	1
4880000	4886000	1
4881000	4886000	1
4882000	4886000	6
4883000	4886000	3
4884000	4886000	6
4885000	4886000	36
4886000	4886000	29
4834000	4887000	2
4850000	4887000	1
4856000	4887000	2
4864000	4887000	1
4868000	4887000	2
4873000	4887000	1
4878000	4887000	1
4880000	4887000	1
4881000	4887000	1
4882000	4887000	2
4884000	4887000	2
4885000	4887000	8
4886000	4887000	14
4887000	4887000	16
4814000	4888000	1
4822000	4888000	1
4825000	4888000	1
4848000	4888000	1
4851000	4888000	1
4868000	4888000	1
4872000	4888000	1
4876000	4888000	1
4878000	4888000	1
4882000	4888000	1
4883000	4888000	1
4884000	4888000	1
4885000	4888000	9
4886000	4888000	3
4887000	4888000	10
4888000	4888000	28
4815000	4889000	1
4823000	4889000	1
4843000	4889000	1
4865000	4889000	1
4868000	4889000	2
4869000	4889000	2
4874000	4889000	2
4875000	4889000	1
4879000	4889000	1
4883000	4889000	2
4884000	4889000	1
4885000	4889000	2
4886000	4889000	5
4887000	4889000	2
4888000	4889000	16
4889000	4889000	28
4828000	4890000	1
4829000	4890000	1
4851000	4890000	1
4866000	4890000	1
4867000	4890000	1
4869000	4890000	1
4883000	4890000	2
4885000	4890000	5
4888000	4890000	7
4889000	4890000	23
4890000	4890000	25
4813000	4891000	2
4829000	4891000	1
4855000	4891000	1
4865000	4891000	1
4868000	4891000	1
4873000	4891000	1
4875000	4891000	1
4878000	4891000	1
4884000	4891000	1
4885000	4891000	3
4886000	4891000	2
4887000	4891000	3
4888000	4891000	3
4889000	4891000	9
4890000	4891000	14
4891000	4891000	37
4825000	4892000	1
4831000	4892000	1
4869000	4892000	2
4870000	4892000	1
4871000	4892000	2
4874000	4892000	2
4876000	4892000	4
4878000	4892000	1
4879000	4892000	1
4880000	4892000	1
4881000	4892000	2
4884000	4892000	2
4885000	4892000	4
4886000	4892000	3
4888000	4892000	1
4889000	4892000	5
4890000	4892000	1
4891000	4892000	22
4892000	4892000	27
4819000	4893000	1
4826000	4893000	1
4856000	4893000	2
4879000	4893000	1
4880000	4893000	1
4881000	4893000	1
4882000	4893000	1
4884000	4893000	2
4885000	4893000	1
4886000	4893000	1
4888000	4893000	2
4889000	4893000	2
4890000	4893000	3
4891000	4893000	9
4892000	4893000	20
4893000	4893000	31
4812000	4894000	1
4829000	4894000	1
4835000	4894000	1
4850000	4894000	1
4856000	4894000	1
4867000	4894000	1
4871000	4894000	1
4874000	4894000	1
4883000	4894000	1
4884000	4894000	1
4885000	4894000	1
4887000	4894000	1
4889000	4894000	4
4890000	4894000	1
4891000	4894000	4
4892000	4894000	3
4893000	4894000	18
4894000	4894000	31
4814000	4895000	1
4819000	4895000	1
4834000	4895000	2
4874000	4895000	1
4879000	4895000	2
4881000	4895000	1
4882000	4895000	1
4885000	4895000	2
4886000	4895000	1
4887000	4895000	1
4889000	4895000	1
4890000	4895000	2
4891000	4895000	4
4892000	4895000	2
4893000	4895000	4
4894000	4895000	22
4895000	4895000	32
4803000	4896000	1
4831000	4896000	1
4861000	4896000	1
4867000	4896000	1
4868000	4896000	2
4871000	4896000	1
4875000	4896000	1
4877000	4896000	1
4884000	4896000	2
4885000	4896000	2
4889000	4896000	1
4890000	4896000	2
4891000	4896000	2
4892000	4896000	1
4893000	4896000	2
4894000	4896000	8
4895000	4896000	17
4896000	4896000	41
4825000	4897000	1
4827000	4897000	1
4830000	4897000	1
4832000	4897000	1
4867000	4897000	1
4868000	4897000	1
4869000	4897000	2
4871000	4897000	2
4883000	4897000	1
4887000	4897000	1
4889000	4897000	1
4891000	4897000	3
4892000	4897000	1
4893000	4897000	1
4894000	4897000	4
4895000	4897000	8
4896000	4897000	27
4897000	4897000	18
4812000	4898000	1
4813000	4898000	1
4814000	4898000	2
4820000	4898000	1
4821000	4898000	1
4822000	4898000	2
4827000	4898000	1
4828000	4898000	1
4829000	4898000	1
4831000	4898000	1
4833000	4898000	2
4835000	4898000	1
4836000	4898000	1
4839000	4898000	1
4847000	4898000	1
4848000	4898000	1
4853000	4898000	1
4854000	4898000	2
4860000	4898000	1
4867000	4898000	2
4868000	4898000	4
4869000	4898000	1
4871000	4898000	1
4872000	4898000	1
4873000	4898000	2
4876000	4898000	1
4877000	4898000	1
4878000	4898000	1
4879000	4898000	1
4882000	4898000	2
4883000	4898000	2
4884000	4898000	1
4885000	4898000	4
4886000	4898000	5
4887000	4898000	1
4888000	4898000	2
4889000	4898000	1
4890000	4898000	1
4891000	4898000	3
4892000	4898000	7
4893000	4898000	4
4894000	4898000	8
4895000	4898000	6
4896000	4898000	15
4897000	4898000	54
4898000	4898000	122
4807000	4899000	1
4810000	4899000	1
4811000	4899000	1
4814000	4899000	1
4819000	4899000	2
4820000	4899000	1
4829000	4899000	1
4834000	4899000	2
4852000	4899000	2
4853000	4899000	2
4857000	4899000	2
4864000	4899000	1
4867000	4899000	1
4868000	4899000	5
4871000	4899000	1
4874000	4899000	3
4876000	4899000	1
4878000	4899000	1
4879000	4899000	1
4882000	4899000	1
4884000	4899000	1
4885000	4899000	2
4886000	4899000	2
4889000	4899000	3
4890000	4899000	3
4891000	4899000	2
4892000	4899000	1
4893000	4899000	6
4894000	4899000	3
4895000	4899000	1
4896000	4899000	10
4897000	4899000	16
4898000	4899000	89
4899000	4899000	86
4803000	4900000	1
4811000	4900000	1
4824000	4900000	1
4855000	4900000	1
4861000	4900000	1
4869000	4900000	1
4870000	4900000	1
4871000	4900000	1
4873000	4900000	2
4874000	4900000	1
4876000	4900000	2
4883000	4900000	1
4888000	4900000	1
4891000	4900000	2
4894000	4900000	1
4895000	4900000	1
4896000	4900000	1
4897000	4900000	5
4898000	4900000	24
4899000	4900000	42
4900000	4900000	30
4830000	4901000	1
4865000	4901000	2
4869000	4901000	1
4870000	4901000	1
4881000	4901000	1
4886000	4901000	1
4891000	4901000	1
4892000	4901000	1
4894000	4901000	1
4897000	4901000	1
4898000	4901000	7
4899000	4901000	13
4900000	4901000	9
4901000	4901000	10
4825000	4902000	1
4835000	4902000	1
4867000	4902000	1
4868000	4902000	3
4869000	4902000	2
4879000	4902000	1
4880000	4902000	1
4888000	4902000	2
4891000	4902000	1
4893000	4902000	1
4894000	4902000	3
4895000	4902000	1
4897000	4902000	4
4898000	4902000	8
4899000	4902000	15
4900000	4902000	14
4901000	4902000	20
4902000	4902000	41
4866000	4903000	1
4872000	4903000	1
4879000	4903000	1
4884000	4903000	1
4892000	4903000	1
4893000	4903000	1
4894000	4903000	1
4896000	4903000	2
4898000	4903000	11
4899000	4903000	6
4900000	4903000	3
4901000	4903000	2
4902000	4903000	36
4903000	4903000	31
4804000	4904000	2
4813000	4904000	1
4843000	4904000	1
4846000	4904000	1
4849000	4904000	1
4864000	4904000	1
4866000	4904000	1
4867000	4904000	2
4868000	4904000	2
4870000	4904000	2
4871000	4904000	2
4875000	4904000	2
4880000	4904000	1
4883000	4904000	1
4886000	4904000	1
4891000	4904000	1
4893000	4904000	2
4894000	4904000	1
4895000	4904000	1
4896000	4904000	1
4898000	4904000	7
4899000	4904000	4
4901000	4904000	5
4902000	4904000	8
4903000	4904000	37
4904000	4904000	39
4829000	4905000	1
4849000	4905000	1
4863000	4905000	1
4868000	4905000	1
4884000	4905000	1
4889000	4905000	2
4894000	4905000	1
4895000	4905000	1
4896000	4905000	2
4897000	4905000	2
4898000	4905000	1
4899000	4905000	2
4900000	4905000	1
4902000	4905000	5
4903000	4905000	11
4904000	4905000	28
4905000	4905000	21
4803000	4906000	1
4805000	4906000	1
4820000	4906000	1
4824000	4906000	2
4830000	4906000	1
4831000	4906000	1
4837000	4906000	1
4853000	4906000	1
4855000	4906000	2
4875000	4906000	1
4879000	4906000	1
4883000	4906000	1
4884000	4906000	1
4885000	4906000	1
4888000	4906000	1
4893000	4906000	1
4894000	4906000	2
4895000	4906000	2
4896000	4906000	1
4897000	4906000	4
4898000	4906000	9
4899000	4906000	3
4901000	4906000	2
4902000	4906000	6
4903000	4906000	12
4904000	4906000	23
4905000	4906000	50
4906000	4906000	73
4825000	4907000	1
4826000	4907000	1
4830000	4907000	1
4842000	4907000	1
4850000	4907000	1
4854000	4907000	1
4871000	4907000	1
4873000	4907000	1
4876000	4907000	1
4877000	4907000	1
4880000	4907000	1
4885000	4907000	1
4889000	4907000	1
4896000	4907000	1
4898000	4907000	1
4899000	4907000	4
4901000	4907000	1
4903000	4907000	4
4904000	4907000	4
4905000	4907000	13
4906000	4907000	36
4907000	4907000	34
4803000	4908000	1
4814000	4908000	1
4820000	4908000	1
4826000	4908000	1
4827000	4908000	1
4830000	4908000	1
4831000	4908000	2
4842000	4908000	1
4871000	4908000	1
4880000	4908000	1
4882000	4908000	1
4885000	4908000	1
4887000	4908000	1
4897000	4908000	1
4898000	4908000	2
4899000	4908000	5
4900000	4908000	2
4902000	4908000	2
4903000	4908000	3
4904000	4908000	4
4905000	4908000	7
4906000	4908000	23
4907000	4908000	42
4908000	4908000	37
4868000	4909000	2
4872000	4909000	1
4879000	4909000	1
4896000	4909000	1
4898000	4909000	1
4899000	4909000	3
4901000	4909000	2
4902000	4909000	2
4903000	4909000	1
4904000	4909000	1
4905000	4909000	4
4906000	4909000	10
4907000	4909000	8
4908000	4909000	18
4909000	4909000	22
4803000	4910000	1
4821000	4910000	1
4899000	4910000	1
4903000	4910000	2
4904000	4910000	2
4906000	4910000	2
4907000	4910000	3
4908000	4910000	6
4909000	4910000	18
4910000	4910000	22
4838000	4911000	1
4853000	4911000	1
4868000	4911000	2
4869000	4911000	1
4877000	4911000	1
4894000	4911000	1
4898000	4911000	1
4899000	4911000	1
4901000	4911000	1
4902000	4911000	1
4904000	4911000	7
4905000	4911000	2
4906000	4911000	4
4907000	4911000	4
4908000	4911000	7
4909000	4911000	3
4910000	4911000	30
4911000	4911000	27
4837000	4912000	1
4867000	4912000	1
4903000	4912000	1
4904000	4912000	1
4906000	4912000	2
4908000	4912000	1
4910000	4912000	3
4911000	4912000	13
4912000	4912000	22
4835000	4913000	1
4867000	4913000	1
4870000	4913000	1
4897000	4913000	1
4899000	4913000	1
4906000	4913000	1
4907000	4913000	1
4908000	4913000	2
4910000	4913000	1
4911000	4913000	1
4912000	4913000	1
4913000	4913000	12
4856000	4914000	1
4868000	4914000	2
4869000	4914000	1
4881000	4914000	1
4882000	4914000	1
4888000	4914000	1
4897000	4914000	1
4904000	4914000	1
4905000	4914000	1
4906000	4914000	1
4908000	4914000	1
4909000	4914000	2
4910000	4914000	4
4911000	4914000	2
4912000	4914000	4
4913000	4914000	6
4914000	4914000	39
4892000	4915000	1
4899000	4915000	2
4907000	4915000	1
4911000	4915000	1
4913000	4915000	1
4914000	4915000	8
4915000	4915000	13
4814000	4916000	1
4868000	4916000	2
4897000	4916000	1
4899000	4916000	2
4900000	4916000	1
4903000	4916000	1
4906000	4916000	2
4907000	4916000	1
4911000	4916000	3
4912000	4916000	1
4913000	4916000	1
4914000	4916000	1
4915000	4916000	13
4916000	4916000	7
4873000	4922000	1
4885000	4922000	1
4892000	4922000	1
4910000	4922000	1
4915000	4922000	1
4922000	4922000	7
4831000	4923000	1
4868000	4923000	2
4871000	4923000	1
4882000	4923000	1
4884000	4923000	1
4885000	4923000	1
4898000	4923000	1
4904000	4923000	5
4906000	4923000	1
4908000	4923000	1
4909000	4923000	1
4911000	4923000	1
4916000	4923000	1
4922000	4923000	12
4923000	4923000	32
4850000	4924000	1
4867000	4924000	1
4894000	4924000	1
4898000	4924000	2
4914000	4924000	1
4922000	4924000	3
4923000	4924000	9
4924000	4924000	19
4868000	4925000	1
4871000	4925000	1
4877000	4925000	1
4883000	4925000	1
4898000	4925000	1
4899000	4925000	1
4901000	4925000	1
4902000	4925000	1
4905000	4925000	1
4908000	4925000	1
4910000	4925000	1
4915000	4925000	2
4922000	4925000	4
4923000	4925000	5
4924000	4925000	19
4925000	4925000	35
4807000	4926000	1
4817000	4926000	1
4870000	4926000	1
4897000	4926000	1
4902000	4926000	1
4904000	4926000	2
4912000	4926000	1
4922000	4926000	2
4923000	4926000	10
4924000	4926000	9
4925000	4926000	17
4926000	4926000	41
4819000	4927000	1
4835000	4927000	1
4895000	4927000	1
4916000	4927000	1
4922000	4927000	1
4923000	4927000	1
4924000	4927000	1
4925000	4927000	7
4926000	4927000	15
4927000	4927000	22
4827000	4928000	1
4834000	4928000	1
4843000	4928000	1
4849000	4928000	1
4851000	4928000	1
4885000	4928000	1
4905000	4928000	1
4906000	4928000	3
4922000	4928000	1
4925000	4928000	1
4926000	4928000	5
4927000	4928000	18
4928000	4928000	36
4831000	4929000	2
4840000	4929000	1
4861000	4929000	1
4865000	4929000	1
4869000	4929000	1
4873000	4929000	1
4898000	4929000	1
4899000	4929000	1
4909000	4929000	2
4914000	4929000	1
4922000	4929000	1
4923000	4929000	2
4925000	4929000	2
4926000	4929000	1
4927000	4929000	5
4928000	4929000	19
4929000	4929000	33
4814000	4930000	1
4825000	4930000	2
4826000	4930000	2
4827000	4930000	1
4828000	4930000	1
4855000	4930000	1
4867000	4930000	1
4892000	4930000	1
4899000	4930000	4
4906000	4930000	1
4912000	4930000	1
4915000	4930000	1
4924000	4930000	1
4925000	4930000	3
4927000	4930000	4
4928000	4930000	13
4929000	4930000	28
4930000	4930000	33
4824000	4931000	2
4831000	4931000	2
4834000	4931000	1
4837000	4931000	1
4853000	4931000	1
4868000	4931000	2
4873000	4931000	1
4878000	4931000	1
4882000	4931000	1
4902000	4931000	1
4922000	4931000	1
4923000	4931000	1
4924000	4931000	1
4925000	4931000	1
4926000	4931000	2
4928000	4931000	3
4929000	4931000	9
4930000	4931000	21
4931000	4931000	26
4825000	4932000	1
4826000	4932000	1
4869000	4932000	1
4889000	4932000	1
4890000	4932000	1
4906000	4932000	1
4923000	4932000	3
4924000	4932000	1
4925000	4932000	1
4928000	4932000	2
4929000	4932000	8
4930000	4932000	14
4931000	4932000	15
4932000	4932000	25
4899000	4933000	1
4930000	4933000	1
4931000	4933000	5
4932000	4933000	18
4933000	4933000	18
4815000	4934000	2
4834000	4934000	2
4851000	4934000	1
4868000	4934000	1
4899000	4934000	1
4904000	4934000	2
4923000	4934000	1
4924000	4934000	1
4926000	4934000	1
4928000	4934000	6
4929000	4934000	1
4930000	4934000	2
4931000	4934000	3
4932000	4934000	3
4933000	4934000	10
4934000	4934000	43
4826000	4935000	1
4835000	4935000	2
4868000	4935000	1
4871000	4935000	1
4880000	4935000	1
4906000	4935000	1
4907000	4935000	1
4908000	4935000	1
4923000	4935000	1
4928000	4935000	1
4929000	4935000	3
4930000	4935000	4
4932000	4935000	4
4933000	4935000	3
4934000	4935000	21
4935000	4935000	48
4804000	4936000	1
4832000	4936000	1
4868000	4936000	1
4894000	4936000	1
4905000	4936000	1
4909000	4936000	1
4911000	4936000	3
4922000	4936000	2
4923000	4936000	2
4930000	4936000	2
4931000	4936000	1
4932000	4936000	3
4933000	4936000	1
4934000	4936000	4
4935000	4936000	23
4936000	4936000	35
4819000	4937000	1
4824000	4937000	1
4827000	4937000	1
4837000	4937000	1
4838000	4937000	1
4840000	4937000	1
4868000	4937000	2
4889000	4937000	1
4892000	4937000	1
4898000	4937000	2
4899000	4937000	2
4905000	4937000	1
4911000	4937000	1
4923000	4937000	1
4924000	4937000	1
4925000	4937000	2
4926000	4937000	2
4927000	4937000	2
4930000	4937000	3
4931000	4937000	1
4932000	4937000	3
4933000	4937000	2
4934000	4937000	6
4935000	4937000	12
4936000	4937000	44
4937000	4937000	59
4825000	4938000	1
4828000	4938000	1
4831000	4938000	1
4849000	4938000	2
4867000	4938000	1
4883000	4938000	1
4904000	4938000	1
4908000	4938000	1
4926000	4938000	2
4928000	4938000	1
4929000	4938000	1
4930000	4938000	1
4932000	4938000	1
4934000	4938000	3
4935000	4938000	1
4936000	4938000	10
4937000	4938000	43
4938000	4938000	30
4819000	4939000	1
4829000	4939000	3
4846000	4939000	1
4867000	4939000	1
4868000	4939000	2
4908000	4939000	1
4929000	4939000	1
4932000	4939000	1
4933000	4939000	1
4935000	4939000	2
4936000	4939000	3
4937000	4939000	7
4938000	4939000	23
4939000	4939000	10
4825000	4940000	1
4898000	4940000	2
4923000	4940000	2
4924000	4940000	1
4926000	4940000	2
4928000	4940000	1
4931000	4940000	1
4933000	4940000	1
4935000	4940000	1
4937000	4940000	4
4938000	4940000	1
4939000	4940000	6
4940000	4940000	21
4804000	4941000	1
4827000	4941000	1
4835000	4941000	1
4860000	4941000	1
4882000	4941000	1
4906000	4941000	1
4910000	4941000	1
4928000	4941000	1
4931000	4941000	2
4934000	4941000	1
4937000	4941000	4
4938000	4941000	2
4940000	4941000	15
4941000	4941000	32
4810000	4942000	1
4819000	4942000	1
4825000	4942000	1
4828000	4942000	1
4875000	4942000	1
4880000	4942000	1
4893000	4942000	1
4898000	4942000	1
4910000	4942000	2
4912000	4942000	1
4915000	4942000	1
4924000	4942000	1
4928000	4942000	1
4929000	4942000	1
4932000	4942000	1
4934000	4942000	1
4935000	4942000	1
4936000	4942000	2
4937000	4942000	7
4938000	4942000	5
4939000	4942000	3
4940000	4942000	12
4941000	4942000	21
4942000	4942000	56
4814000	4943000	1
4849000	4943000	1
4857000	4943000	1
4867000	4943000	1
4868000	4943000	2
4876000	4943000	2
4888000	4943000	1
4889000	4943000	1
4893000	4943000	1
4909000	4943000	1
4912000	4943000	1
4924000	4943000	1
4925000	4943000	1
4926000	4943000	1
4930000	4943000	1
4931000	4943000	2
4932000	4943000	1
4933000	4943000	2
4936000	4943000	1
4937000	4943000	2
4938000	4943000	4
4939000	4943000	2
4940000	4943000	3
4941000	4943000	9
4942000	4943000	36
4943000	4943000	41
4841000	4944000	1
4867000	4944000	1
4868000	4944000	2
4878000	4944000	1
4930000	4944000	1
4932000	4944000	1
4935000	4944000	2
4936000	4944000	1
4938000	4944000	2
4940000	4944000	6
4941000	4944000	6
4942000	4944000	13
4943000	4944000	46
4944000	4944000	48
4814000	4945000	1
4818000	4945000	1
4826000	4945000	1
4830000	4945000	1
4833000	4945000	1
4834000	4945000	1
4871000	4945000	1
4878000	4945000	2
4881000	4945000	1
4899000	4945000	1
4901000	4945000	1
4933000	4945000	1
4935000	4945000	1
4937000	4945000	1
4938000	4945000	3
4941000	4945000	1
4942000	4945000	5
4943000	4945000	16
4944000	4945000	22
4945000	4945000	14
4843000	4946000	2
4868000	4946000	1
4882000	4946000	1
4894000	4946000	1
4905000	4946000	1
4912000	4946000	1
4927000	4946000	1
4934000	4946000	2
4941000	4946000	1
4942000	4946000	3
4944000	4946000	16
4945000	4946000	24
4946000	4946000	39
4834000	4947000	1
4856000	4947000	2
4869000	4947000	1
4924000	4947000	1
4930000	4947000	1
4934000	4947000	1
4940000	4947000	1
4943000	4947000	3
4944000	4947000	6
4945000	4947000	6
4946000	4947000	18
4947000	4947000	39
4825000	4948000	2
4834000	4948000	1
4896000	4948000	1
4899000	4948000	1
4907000	4948000	1
4910000	4948000	1
4936000	4948000	1
4937000	4948000	2
4938000	4948000	2
4941000	4948000	1
4942000	4948000	2
4943000	4948000	7
4944000	4948000	6
4945000	4948000	2
4946000	4948000	6
4947000	4948000	25
4948000	4948000	22
4840000	4949000	1
4926000	4949000	1
4927000	4949000	1
4932000	4949000	1
4933000	4949000	1
4935000	4949000	1
4936000	4949000	1
4937000	4949000	2
4938000	4949000	3
4939000	4949000	1
4941000	4949000	3
4942000	4949000	2
4943000	4949000	10
4944000	4949000	3
4946000	4949000	3
4947000	4949000	13
4948000	4949000	29
4949000	4949000	63
4803000	4950000	1
4818000	4950000	1
4824000	4950000	1
4826000	4950000	1
4854000	4950000	1
4868000	4950000	2
4869000	4950000	1
4888000	4950000	1
4914000	4950000	2
4929000	4950000	2
4934000	4950000	1
4935000	4950000	2
4938000	4950000	2
4940000	4950000	2
4941000	4950000	1
4944000	4950000	1
4945000	4950000	4
4946000	4950000	2
4947000	4950000	2
4948000	4950000	6
4949000	4950000	29
4950000	4950000	37
4882000	4951000	1
4911000	4951000	1
4925000	4951000	2
4935000	4951000	1
4937000	4951000	1
4942000	4951000	1
4944000	4951000	3
4945000	4951000	1
4946000	4951000	8
4947000	4951000	1
4948000	4951000	1
4949000	4951000	13
4950000	4951000	17
4951000	4951000	10
4843000	4952000	1
4884000	4952000	1
4911000	4952000	1
4936000	4952000	1
4940000	4952000	2
4941000	4952000	1
4943000	4952000	1
4948000	4952000	2
4949000	4952000	4
4950000	4952000	1
4951000	4952000	6
4952000	4952000	22
4806000	4953000	1
4814000	4953000	1
4819000	4953000	1
4833000	4953000	1
4865000	4953000	1
4885000	4953000	1
4903000	4953000	1
4905000	4953000	1
4907000	4953000	1
4914000	4953000	1
4941000	4953000	2
4942000	4953000	1
4943000	4953000	3
4944000	4953000	1
4946000	4953000	1
4947000	4953000	1
4948000	4953000	1
4949000	4953000	1
4950000	4953000	5
4951000	4953000	2
4952000	4953000	13
4953000	4953000	35
4805000	4954000	1
4823000	4954000	2
4825000	4954000	2
4884000	4954000	1
4896000	4954000	1
4923000	4954000	1
4937000	4954000	1
4946000	4954000	1
4947000	4954000	1
4948000	4954000	1
4949000	4954000	2
4950000	4954000	3
4951000	4954000	2
4952000	4954000	2
4953000	4954000	19
4954000	4954000	34
4843000	4955000	1
4860000	4955000	1
4869000	4955000	2
4890000	4955000	1
4892000	4955000	1
4904000	4955000	1
4931000	4955000	1
4934000	4955000	1
4935000	4955000	1
4943000	4955000	1
4946000	4955000	1
4949000	4955000	1
4950000	4955000	4
4951000	4955000	1
4952000	4955000	1
4953000	4955000	10
4954000	4955000	17
4955000	4955000	19
4819000	4956000	1
4907000	4956000	1
4942000	4956000	1
4944000	4956000	1
4949000	4956000	4
4950000	4956000	1
4953000	4956000	3
4954000	4956000	9
4955000	4956000	9
4956000	4956000	20
4853000	4957000	2
4888000	4957000	1
4889000	4957000	1
4898000	4957000	1
4948000	4957000	3
4951000	4957000	3
4952000	4957000	1
4953000	4957000	3
4954000	4957000	5
4955000	4957000	2
4956000	4957000	22
4957000	4957000	14
4816000	4958000	1
4841000	4958000	1
4853000	4958000	2
4866000	4958000	1
4868000	4958000	1
4930000	4958000	1
4934000	4958000	1
4936000	4958000	1
4938000	4958000	1
4941000	4958000	1
4947000	4958000	2
4950000	4958000	2
4952000	4958000	2
4953000	4958000	1
4954000	4958000	1
4956000	4958000	4
4957000	4958000	13
4958000	4958000	23
4820000	4959000	1
4825000	4959000	1
4828000	4959000	1
4832000	4959000	1
4836000	4959000	1
4896000	4959000	1
4937000	4959000	1
4941000	4959000	2
4943000	4959000	1
4949000	4959000	1
4951000	4959000	1
4953000	4959000	1
4954000	4959000	2
4955000	4959000	1
4956000	4959000	1
4957000	4959000	1
4958000	4959000	9
4959000	4959000	18
4825000	4960000	2
4841000	4960000	1
4853000	4960000	1
4868000	4960000	1
4889000	4960000	1
4903000	4960000	1
4905000	4960000	2
4952000	4960000	1
4953000	4960000	1
4956000	4960000	1
4957000	4960000	1
4958000	4960000	5
4959000	4960000	8
4960000	4960000	15
4818000	4961000	2
4825000	4961000	2
4868000	4961000	1
4870000	4961000	1
4908000	4961000	1
4910000	4961000	1
4923000	4961000	1
4937000	4961000	1
4943000	4961000	3
4944000	4961000	1
4947000	4961000	1
4956000	4961000	1
4957000	4961000	1
4958000	4961000	2
4959000	4961000	1
4960000	4961000	14
4961000	4961000	19
4819000	4962000	1
4824000	4962000	1
4848000	4962000	1
4850000	4962000	1
4869000	4962000	1
4887000	4962000	2
4898000	4962000	1
4929000	4962000	1
4942000	4962000	1
4951000	4962000	1
4952000	4962000	2
4956000	4962000	2
4958000	4962000	3
4959000	4962000	3
4960000	4962000	5
4961000	4962000	15
4962000	4962000	21
4814000	4963000	1
4827000	4963000	1
4828000	4963000	1
4834000	4963000	2
4869000	4963000	1
4870000	4963000	1
4871000	4963000	1
4875000	4963000	1
4882000	4963000	1
4886000	4963000	1
4898000	4963000	1
4923000	4963000	1
4931000	4963000	2
4935000	4963000	1
4941000	4963000	1
4946000	4963000	1
4949000	4963000	1
4952000	4963000	1
4953000	4963000	1
4958000	4963000	1
4959000	4963000	4
4960000	4963000	4
4961000	4963000	10
4962000	4963000	15
4963000	4963000	23
4815000	4964000	1
4845000	4964000	1
4853000	4964000	2
4867000	4964000	1
4885000	4964000	1
4893000	4964000	1
4932000	4964000	3
4947000	4964000	1
4951000	4964000	3
4954000	4964000	1
4957000	4964000	2
4958000	4964000	1
4959000	4964000	1
4961000	4964000	3
4962000	4964000	6
4963000	4964000	15
4964000	4964000	35
4822000	4965000	1
4825000	4965000	1
4846000	4965000	4
4880000	4965000	1
4894000	4965000	1
4899000	4965000	1
4900000	4965000	1
4939000	4965000	1
4942000	4965000	1
4956000	4965000	1
4957000	4965000	1
4958000	4965000	3
4959000	4965000	2
4960000	4965000	1
4961000	4965000	2
4962000	4965000	1
4963000	4965000	6
4964000	4965000	20
4965000	4965000	15
4849000	4966000	1
4869000	4966000	1
4900000	4966000	1
4950000	4966000	1
4954000	4966000	1
4959000	4966000	3
4962000	4966000	1
4963000	4966000	1
4964000	4966000	9
4965000	4966000	6
4966000	4966000	2
4814000	4968000	1
4938000	4968000	1
4845000	4969000	1
4850000	4969000	1
4929000	4969000	1
4969000	4969000	1
4816000	4970000	1
4858000	4970000	1
4966000	4970000	1
4828000	4971000	1
4864000	4971000	1
4869000	4971000	1
4954000	4971000	1
4956000	4971000	1
4971000	4971000	1
4804000	4972000	1
4809000	4972000	1
4812000	4972000	1
4817000	4972000	1
4827000	4972000	1
4829000	4972000	1
4866000	4972000	1
4868000	4972000	1
4869000	4972000	2
4875000	4972000	1
4876000	4972000	1
4877000	4972000	1
4883000	4972000	1
4886000	4972000	1
4902000	4972000	1
4947000	4972000	1
4948000	4972000	1
4950000	4972000	1
4957000	4972000	1
4960000	4972000	1
4961000	4972000	1
4964000	4972000	2
4965000	4972000	1
4968000	4972000	2
4971000	4972000	5
4972000	4972000	36
4810000	4973000	1
4814000	4973000	2
4819000	4973000	1
4822000	4973000	1
4825000	4973000	1
4834000	4973000	1
4837000	4973000	1
4839000	4973000	1
4847000	4973000	1
4850000	4973000	1
4856000	4973000	1
4867000	4973000	1
4868000	4973000	2
4874000	4973000	1
4880000	4973000	1
4905000	4973000	2
4906000	4973000	1
4930000	4973000	1
4937000	4973000	1
4938000	4973000	1
4943000	4973000	1
4946000	4973000	1
4959000	4973000	1
4963000	4973000	1
4964000	4973000	1
4966000	4973000	1
4971000	4973000	1
4972000	4973000	22
4973000	4973000	29
4804000	4974000	1
4815000	4974000	2
4819000	4974000	2
4822000	4974000	1
4830000	4974000	2
4832000	4974000	3
4835000	4974000	1
4841000	4974000	1
4849000	4974000	3
4866000	4974000	3
4867000	4974000	1
4868000	4974000	4
4869000	4974000	1
4879000	4974000	1
4891000	4974000	1
4903000	4974000	1
4907000	4974000	1
4930000	4974000	1
4941000	4974000	2
4942000	4974000	1
4943000	4974000	1
4949000	4974000	1
4953000	4974000	1
4960000	4974000	1
4961000	4974000	2
4963000	4974000	1
4964000	4974000	2
4966000	4974000	4
4971000	4974000	1
4972000	4974000	16
4973000	4974000	39
4974000	4974000	54
4804000	4975000	1
4808000	4975000	1
4815000	4975000	1
4825000	4975000	1
4826000	4975000	2
4829000	4975000	2
4830000	4975000	1
4832000	4975000	1
4835000	4975000	1
4852000	4975000	5
4853000	4975000	1
4857000	4975000	1
4866000	4975000	1
4869000	4975000	2
4874000	4975000	1
4875000	4975000	2
4878000	4975000	1
4879000	4975000	1
4886000	4975000	1
4888000	4975000	1
4890000	4975000	1
4897000	4975000	1
4898000	4975000	1
4909000	4975000	1
4924000	4975000	1
4938000	4975000	1
4947000	4975000	2
4950000	4975000	2
4952000	4975000	1
4961000	4975000	1
4962000	4975000	2
4971000	4975000	2
4972000	4975000	4
4973000	4975000	9
4974000	4975000	29
4975000	4975000	27
4803000	4976000	1
4804000	4976000	3
4806000	4976000	7
4807000	4976000	1
4808000	4976000	1
4809000	4976000	5
4811000	4976000	2
4812000	4976000	1
4813000	4976000	3
4814000	4976000	9
4815000	4976000	2
4816000	4976000	3
4817000	4976000	1
4818000	4976000	5
4819000	4976000	5
4820000	4976000	3
4822000	4976000	2
4823000	4976000	1
4824000	4976000	5
4825000	4976000	6
4826000	4976000	6
4827000	4976000	5
4828000	4976000	4
4830000	4976000	5
4831000	4976000	5
4832000	4976000	3
4833000	4976000	2
4834000	4976000	5
4835000	4976000	3
4836000	4976000	1
4838000	4976000	3
4839000	4976000	1
4840000	4976000	2
4841000	4976000	1
4842000	4976000	1
4845000	4976000	2
4847000	4976000	3
4848000	4976000	1
4849000	4976000	1
4850000	4976000	2
4851000	4976000	1
4852000	4976000	2
4853000	4976000	6
4854000	4976000	2
4855000	4976000	4
4856000	4976000	3
4857000	4976000	1
4858000	4976000	1
4863000	4976000	1
4864000	4976000	1
4865000	4976000	2
4866000	4976000	1
4867000	4976000	2
4868000	4976000	9
4869000	4976000	10
4870000	4976000	3
4871000	4976000	1
4873000	4976000	1
4874000	4976000	2
4875000	4976000	3
4877000	4976000	3
4878000	4976000	2
4879000	4976000	1
4882000	4976000	3
4884000	4976000	1
4885000	4976000	2
4886000	4976000	1
4890000	4976000	2
4891000	4976000	1
4894000	4976000	2
4895000	4976000	1
4896000	4976000	2
4897000	4976000	3
4898000	4976000	1
4900000	4976000	4
4902000	4976000	1
4903000	4976000	2
4906000	4976000	1
4907000	4976000	4
4910000	4976000	2
4912000	4976000	1
4914000	4976000	1
4924000	4976000	1
4926000	4976000	1
4927000	4976000	1
4928000	4976000	1
4931000	4976000	1
4934000	4976000	1
4935000	4976000	2
4936000	4976000	3
4937000	4976000	3
4939000	4976000	1
4941000	4976000	1
4942000	4976000	1
4943000	4976000	2
4944000	4976000	1
4945000	4976000	2
4946000	4976000	1
4947000	4976000	1
4948000	4976000	1
4949000	4976000	2
4950000	4976000	4
4951000	4976000	2
4952000	4976000	1
4953000	4976000	1
4954000	4976000	2
4956000	4976000	3
4957000	4976000	1
4959000	4976000	2
4960000	4976000	1
4961000	4976000	5
4962000	4976000	4
4963000	4976000	3
4964000	4976000	2
4965000	4976000	1
4966000	4976000	1
4968000	4976000	1
4969000	4976000	1
4971000	4976000	2
4972000	4976000	18
4973000	4976000	18
4974000	4976000	35
4975000	4976000	69
4976000	4976000	149
4804000	4977000	3
4805000	4977000	1
4806000	4977000	1
4807000	4977000	1
4808000	4977000	1
4809000	4977000	1
4810000	4977000	1
4811000	4977000	1
4812000	4977000	2
4813000	4977000	2
4814000	4977000	10
4815000	4977000	3
4816000	4977000	3
4817000	4977000	3
4818000	4977000	5
4819000	4977000	3
4820000	4977000	3
4822000	4977000	3
4823000	4977000	4
4824000	4977000	3
4825000	4977000	14
4826000	4977000	5
4827000	4977000	4
4828000	4977000	1
4829000	4977000	3
4830000	4977000	2
4831000	4977000	4
4832000	4977000	2
4834000	4977000	9
4835000	4977000	2
4836000	4977000	2
4839000	4977000	2
4840000	4977000	2
4841000	4977000	1
4842000	4977000	1
4845000	4977000	2
4846000	4977000	1
4848000	4977000	3
4850000	4977000	3
4851000	4977000	1
4852000	4977000	1
4853000	4977000	3
4857000	4977000	1
4858000	4977000	1
4862000	4977000	1
4864000	4977000	2
4866000	4977000	1
4867000	4977000	4
4868000	4977000	16
4869000	4977000	7
4870000	4977000	1
4871000	4977000	3
4872000	4977000	1
4873000	4977000	1
4874000	4977000	2
4878000	4977000	1
4879000	4977000	2
4881000	4977000	1
4885000	4977000	1
4886000	4977000	2
4889000	4977000	1
4892000	4977000	2
4894000	4977000	1
4895000	4977000	1
4898000	4977000	2
4899000	4977000	3
4901000	4977000	1
4904000	4977000	1
4906000	4977000	1
4908000	4977000	1
4909000	4977000	1
4911000	4977000	2
4916000	4977000	1
4924000	4977000	1
4925000	4977000	1
4928000	4977000	1
4931000	4977000	1
4934000	4977000	2
4935000	4977000	1
4940000	4977000	1
4942000	4977000	2
4943000	4977000	1
4944000	4977000	3
4946000	4977000	1
4947000	4977000	1
4948000	4977000	1
4949000	4977000	1
4952000	4977000	1
4953000	4977000	1
4954000	4977000	2
4955000	4977000	1
4956000	4977000	1
4958000	4977000	1
4959000	4977000	5
4960000	4977000	3
4962000	4977000	2
4963000	4977000	1
4964000	4977000	4
4965000	4977000	3
4966000	4977000	1
4971000	4977000	4
4972000	4977000	6
4973000	4977000	10
4974000	4977000	23
4975000	4977000	25
4976000	4977000	147
4977000	4977000	118
4804000	4978000	5
4805000	4978000	1
4806000	4978000	2
4810000	4978000	3
4813000	4978000	9
4814000	4978000	3
4815000	4978000	4
4816000	4978000	3
4817000	4978000	1
4819000	4978000	4
4820000	4978000	3
4821000	4978000	1
4825000	4978000	7
4826000	4978000	3
4827000	4978000	4
4828000	4978000	5
4829000	4978000	1
4830000	4978000	2
4831000	4978000	1
4832000	4978000	2
4833000	4978000	3
4834000	4978000	3
4835000	4978000	1
4836000	4978000	2
4837000	4978000	1
4838000	4978000	2
4842000	4978000	1
4845000	4978000	1
4846000	4978000	1
4849000	4978000	2
4850000	4978000	4
4852000	4978000	1
4853000	4978000	7
4855000	4978000	1
4857000	4978000	1
4858000	4978000	2
4864000	4978000	1
4866000	4978000	1
4867000	4978000	1
4868000	4978000	14
4869000	4978000	5
4874000	4978000	2
4881000	4978000	1
4884000	4978000	1
4885000	4978000	2
4886000	4978000	1
4893000	4978000	1
4894000	4978000	2
4898000	4978000	2
4899000	4978000	1
4900000	4978000	1
4902000	4978000	1
4903000	4978000	1
4904000	4978000	2
4906000	4978000	2
4908000	4978000	1
4910000	4978000	1
4912000	4978000	1
4916000	4978000	1
4928000	4978000	2
4930000	4978000	2
4932000	4978000	2
4935000	4978000	1
4937000	4978000	1
4939000	4978000	2
4945000	4978000	2
4949000	4978000	6
4958000	4978000	1
4959000	4978000	2
4960000	4978000	1
4965000	4978000	1
4972000	4978000	2
4973000	4978000	4
4974000	4978000	6
4975000	4978000	5
4976000	4978000	66
4977000	4978000	140
4978000	4978000	191
4803000	4979000	1
4804000	4979000	1
4805000	4979000	1
4807000	4979000	2
4808000	4979000	1
4810000	4979000	1
4812000	4979000	1
4814000	4979000	4
4815000	4979000	2
4818000	4979000	3
4819000	4979000	8
4820000	4979000	4
4822000	4979000	1
4823000	4979000	2
4825000	4979000	6
4826000	4979000	3
4827000	4979000	4
4828000	4979000	4
4830000	4979000	3
4831000	4979000	5
4833000	4979000	2
4834000	4979000	5
4835000	4979000	1
4836000	4979000	1
4837000	4979000	2
4838000	4979000	1
4840000	4979000	1
4842000	4979000	2
4843000	4979000	1
4848000	4979000	1
4849000	4979000	4
4850000	4979000	1
4852000	4979000	1
4853000	4979000	1
4855000	4979000	1
4856000	4979000	1
4860000	4979000	2
4863000	4979000	1
4864000	4979000	1
4865000	4979000	2
4866000	4979000	1
4867000	4979000	3
4868000	4979000	12
4869000	4979000	9
4871000	4979000	1
4892000	4979000	1
4895000	4979000	1
4898000	4979000	6
4899000	4979000	1
4900000	4979000	1
4906000	4979000	1
4907000	4979000	1
4913000	4979000	1
4916000	4979000	1
4923000	4979000	1
4924000	4979000	2
4925000	4979000	2
4926000	4979000	2
4928000	4979000	2
4930000	4979000	1
4931000	4979000	1
4938000	4979000	1
4943000	4979000	1
4944000	4979000	1
4948000	4979000	1
4949000	4979000	1
4950000	4979000	1
4955000	4979000	1
4957000	4979000	1
4959000	4979000	3
4961000	4979000	1
4962000	4979000	1
4963000	4979000	1
4964000	4979000	1
4965000	4979000	3
4972000	4979000	2
4973000	4979000	1
4974000	4979000	7
4975000	4979000	7
4976000	4979000	38
4977000	4979000	37
4978000	4979000	92
4979000	4979000	125
4803000	4980000	3
4806000	4980000	2
4808000	4980000	1
4811000	4980000	2
4812000	4980000	1
4813000	4980000	1
4814000	4980000	5
4815000	4980000	2
4816000	4980000	2
4817000	4980000	1
4818000	4980000	3
4819000	4980000	9
4820000	4980000	3
4821000	4980000	5
4822000	4980000	3
4824000	4980000	1
4825000	4980000	10
4826000	4980000	1
4827000	4980000	1
4828000	4980000	3
4829000	4980000	1
4830000	4980000	5
4831000	4980000	4
4832000	4980000	3
4834000	4980000	4
4835000	4980000	4
4836000	4980000	3
4837000	4980000	1
4838000	4980000	3
4841000	4980000	1
4842000	4980000	1
4847000	4980000	1
4851000	4980000	2
4852000	4980000	2
4854000	4980000	1
4857000	4980000	1
4858000	4980000	1
4863000	4980000	1
4865000	4980000	2
4866000	4980000	1
4867000	4980000	2
4868000	4980000	12
4869000	4980000	3
4870000	4980000	1
4871000	4980000	1
4872000	4980000	2
4876000	4980000	1
4879000	4980000	1
4880000	4980000	1
4882000	4980000	1
4884000	4980000	1
4885000	4980000	1
4889000	4980000	1
4893000	4980000	1
4894000	4980000	1
4897000	4980000	2
4898000	4980000	3
4899000	4980000	1
4905000	4980000	1
4907000	4980000	1
4908000	4980000	2
4924000	4980000	1
4930000	4980000	1
4933000	4980000	1
4934000	4980000	1
4935000	4980000	1
4937000	4980000	3
4938000	4980000	1
4943000	4980000	3
4945000	4980000	2
4947000	4980000	1
4951000	4980000	1
4954000	4980000	3
4958000	4980000	1
4961000	4980000	1
4963000	4980000	1
4964000	4980000	2
4965000	4980000	2
4966000	4980000	1
4968000	4980000	3
4972000	4980000	2
4973000	4980000	2
4975000	4980000	5
4976000	4980000	19
4977000	4980000	31
4978000	4980000	50
4979000	4980000	112
4980000	4980000	100
4803000	4981000	1
4804000	4981000	1
4807000	4981000	1
4808000	4981000	1
4814000	4981000	3
4815000	4981000	1
4818000	4981000	1
4819000	4981000	1
4822000	4981000	1
4826000	4981000	2
4827000	4981000	2
4828000	4981000	1
4831000	4981000	3
4832000	4981000	1
4834000	4981000	3
4838000	4981000	1
4840000	4981000	2
4844000	4981000	1
4849000	4981000	1
4850000	4981000	1
4853000	4981000	1
4862000	4981000	1
4865000	4981000	1
4868000	4981000	4
4869000	4981000	1
4870000	4981000	2
4885000	4981000	1
4891000	4981000	1
4899000	4981000	1
4929000	4981000	1
4931000	4981000	1
4933000	4981000	1
4944000	4981000	2
4945000	4981000	1
4954000	4981000	1
4960000	4981000	1
4965000	4981000	1
4972000	4981000	1
4975000	4981000	3
4976000	4981000	10
4977000	4981000	18
4978000	4981000	15
4979000	4981000	46
4980000	4981000	121
4981000	4981000	102
4806000	4982000	1
4809000	4982000	1
4812000	4982000	3
4814000	4982000	1
4819000	4982000	1
4822000	4982000	1
4831000	4982000	2
4833000	4982000	1
4834000	4982000	1
4837000	4982000	1
4855000	4982000	1
4863000	4982000	2
4866000	4982000	1
4868000	4982000	1
4869000	4982000	3
4870000	4982000	1
4873000	4982000	1
4880000	4982000	1
4892000	4982000	1
4894000	4982000	2
4934000	4982000	1
4936000	4982000	1
4948000	4982000	1
4962000	4982000	1
4972000	4982000	1
4974000	4982000	1
4976000	4982000	4
4977000	4982000	15
4978000	4982000	12
4979000	4982000	30
4980000	4982000	68
4981000	4982000	100
4982000	4982000	119
4808000	4983000	1
4812000	4983000	2
4814000	4983000	6
4815000	4983000	1
4817000	4983000	1
4819000	4983000	3
4825000	4983000	2
4827000	4983000	1
4830000	4983000	1
4831000	4983000	2
4853000	4983000	1
4854000	4983000	1
4862000	4983000	2
4869000	4983000	2
4891000	4983000	1
4899000	4983000	1
4909000	4983000	1
4916000	4983000	2
4930000	4983000	1
4936000	4983000	1
4942000	4983000	1
4944000	4983000	1
4971000	4983000	1
4974000	4983000	1
4975000	4983000	2
4976000	4983000	4
4977000	4983000	15
4978000	4983000	9
4979000	4983000	23
4980000	4983000	50
4981000	4983000	55
4982000	4983000	117
4983000	4983000	75
4803000	4984000	1
4807000	4984000	1
4814000	4984000	1
4819000	4984000	3
4820000	4984000	1
4823000	4984000	1
4825000	4984000	1
4827000	4984000	1
4828000	4984000	2
4830000	4984000	1
4832000	4984000	1
4833000	4984000	1
4834000	4984000	2
4837000	4984000	1
4843000	4984000	1
4848000	4984000	1
4865000	4984000	1
4868000	4984000	1
4883000	4984000	1
4888000	4984000	1
4899000	4984000	1
4900000	4984000	1
4903000	4984000	1
4904000	4984000	1
4906000	4984000	1
4911000	4984000	2
4936000	4984000	1
4955000	4984000	1
4976000	4984000	3
4977000	4984000	8
4978000	4984000	9
4979000	4984000	17
4980000	4984000	27
4981000	4984000	30
4982000	4984000	41
4983000	4984000	78
4984000	4984000	80
4805000	4985000	1
4807000	4985000	3
4814000	4985000	1
4819000	4985000	3
4820000	4985000	2
4825000	4985000	2
4834000	4985000	1
4848000	4985000	1
4850000	4985000	2
4868000	4985000	1
4902000	4985000	2
4934000	4985000	1
4957000	4985000	1
4976000	4985000	4
4977000	4985000	6
4978000	4985000	5
4979000	4985000	11
4980000	4985000	20
4981000	4985000	11
4982000	4985000	27
4983000	4985000	39
4984000	4985000	76
4814000	4986000	2
4816000	4986000	1
4818000	4986000	1
4825000	4986000	1
4826000	4986000	1
4830000	4986000	1
4831000	4986000	1
4850000	4986000	2
4853000	4986000	1
4857000	4986000	1
4868000	4986000	1
4869000	4986000	1
4873000	4986000	1
4882000	4986000	1
4889000	4986000	1
4910000	4986000	2
4942000	4986000	1
4976000	4986000	3
4977000	4986000	9
4978000	4986000	4
4979000	4986000	9
4980000	4986000	22
4981000	4986000	17
4982000	4986000	9
4983000	4986000	19
4984000	4986000	42
4804000	4987000	2
4805000	4987000	1
4809000	4987000	2
4810000	4987000	1
4812000	4987000	1
4813000	4987000	1
4814000	4987000	3
4815000	4987000	3
4817000	4987000	1
4818000	4987000	3
4819000	4987000	2
4820000	4987000	1
4824000	4987000	2
4825000	4987000	9
4827000	4987000	2
4828000	4987000	2
4829000	4987000	1
4830000	4987000	3
4831000	4987000	3
4833000	4987000	1
4835000	4987000	4
4836000	4987000	1
4849000	4987000	1
4850000	4987000	1
4853000	4987000	3
4856000	4987000	1
4857000	4987000	1
4862000	4987000	1
4867000	4987000	1
4868000	4987000	3
4869000	4987000	2
4870000	4987000	1
4871000	4987000	1
4882000	4987000	1
4885000	4987000	1
4895000	4987000	1
4897000	4987000	1
4898000	4987000	1
4910000	4987000	1
4913000	4987000	1
4930000	4987000	1
4937000	4987000	2
4943000	4987000	1
4944000	4987000	1
4959000	4987000	1
4960000	4987000	1
4961000	4987000	1
4964000	4987000	2
4972000	4987000	1
4975000	4987000	4
4976000	4987000	12
4977000	4987000	16
4978000	4987000	15
4979000	4987000	34
4980000	4987000	51
4981000	4987000	34
4982000	4987000	23
4983000	4987000	36
4984000	4987000	56
4807000	4988000	1
4814000	4988000	1
4817000	4988000	1
4819000	4988000	1
4825000	4988000	1
4827000	4988000	1
4829000	4988000	1
4830000	4988000	1
4831000	4988000	1
4834000	4988000	1
4838000	4988000	1
4852000	4988000	1
4853000	4988000	1
4864000	4988000	1
4865000	4988000	1
4869000	4988000	1
4873000	4988000	1
4879000	4988000	1
4882000	4988000	1
4900000	4988000	1
4906000	4988000	1
4966000	4988000	1
4974000	4988000	1
4975000	4988000	2
4977000	4988000	7
4978000	4988000	5
4979000	4988000	6
4980000	4988000	7
4981000	4988000	7
4982000	4988000	9
4983000	4988000	6
4984000	4988000	14
4806000	4989000	3
4809000	4989000	1
4814000	4989000	2
4815000	4989000	1
4816000	4989000	1
4818000	4989000	1
4819000	4989000	5
4820000	4989000	1
4822000	4989000	1
4828000	4989000	1
4829000	4989000	1
4832000	4989000	1
4833000	4989000	1
4834000	4989000	1
4843000	4989000	1
4844000	4989000	1
4848000	4989000	1
4851000	4989000	1
4867000	4989000	2
4868000	4989000	3
4869000	4989000	1
4870000	4989000	1
4882000	4989000	1
4901000	4989000	1
4904000	4989000	1
4911000	4989000	1
4926000	4989000	1
4934000	4989000	1
4950000	4989000	1
4974000	4989000	2
4975000	4989000	1
4976000	4989000	7
4977000	4989000	17
4978000	4989000	12
4979000	4989000	21
4980000	4989000	27
4981000	4989000	17
4982000	4989000	12
4983000	4989000	19
4984000	4989000	19
4814000	4990000	1
4819000	4990000	1
4820000	4990000	1
4824000	4990000	2
4829000	4990000	1
4834000	4990000	1
4849000	4990000	1
4856000	4990000	1
4869000	4990000	1
4955000	4990000	1
4958000	4990000	1
4972000	4990000	1
4975000	4990000	1
4976000	4990000	1
4977000	4990000	4
4979000	4990000	2
4980000	4990000	4
4981000	4990000	4
4982000	4990000	2
4983000	4990000	2
4984000	4990000	1
4809000	4991000	1
4812000	4991000	1
4814000	4991000	1
4843000	4991000	1
4866000	4991000	1
4973000	4991000	1
4978000	4991000	2
4980000	4991000	3
4981000	4991000	1
4982000	4991000	3
4983000	4991000	1
4984000	4991000	2
4824000	4992000	1
4825000	4992000	1
4844000	4992000	1
4853000	4992000	1
4868000	4992000	1
4906000	4992000	1
4951000	4992000	1
4976000	4992000	1
4977000	4992000	3
4978000	4992000	1
4979000	4992000	1
4980000	4992000	6
4981000	4992000	3
4983000	4992000	1
4984000	4992000	1
4806000	4993000	1
4822000	4993000	1
4825000	4993000	1
4854000	4993000	1
4975000	4993000	1
4977000	4993000	4
4978000	4993000	1
4979000	4993000	7
4980000	4993000	2
4982000	4993000	3
4983000	4993000	3
4984000	4993000	2
4814000	4994000	4
4816000	4994000	1
4818000	4994000	1
4822000	4994000	1
4824000	4994000	1
4825000	4994000	1
4831000	4994000	1
4838000	4994000	1
4851000	4994000	1
4858000	4994000	1
4868000	4994000	5
4884000	4994000	1
4887000	4994000	1
4898000	4994000	1
4915000	4994000	1
4934000	4994000	1
4951000	4994000	1
4958000	4994000	1
4975000	4994000	1
4976000	4994000	3
4977000	4994000	5
4978000	4994000	8
4979000	4994000	14
4980000	4994000	13
4981000	4994000	8
4982000	4994000	1
4983000	4994000	2
4984000	4994000	8
4810000	4995000	1
4814000	4995000	1
4816000	4995000	1
4819000	4995000	2
4822000	4995000	1
4824000	4995000	1
4825000	4995000	2
4831000	4995000	1
4834000	4995000	1
4847000	4995000	1
4849000	4995000	1
4866000	4995000	1
4868000	4995000	2
4870000	4995000	1
4876000	4995000	1
4879000	4995000	1
4902000	4995000	1
4906000	4995000	1
4938000	4995000	1
4959000	4995000	2
4972000	4995000	1
4975000	4995000	2
4976000	4995000	3
4977000	4995000	11
4978000	4995000	12
4979000	4995000	13
4980000	4995000	8
4981000	4995000	6
4982000	4995000	7
4983000	4995000	7
4984000	4995000	4
4805000	4996000	1
4814000	4996000	1
4815000	4996000	2
4817000	4996000	1
4818000	4996000	1
4825000	4996000	4
4826000	4996000	1
4830000	4996000	1
4831000	4996000	1
4836000	4996000	1
4837000	4996000	1
4838000	4996000	1
4853000	4996000	1
4863000	4996000	2
4868000	4996000	4
4891000	4996000	1
4909000	4996000	1
4958000	4996000	1
4976000	4996000	3
4977000	4996000	5
4978000	4996000	3
4979000	4996000	9
4980000	4996000	8
4981000	4996000	7
4982000	4996000	5
4983000	4996000	7
4984000	4996000	7
4813000	4997000	1
4822000	4997000	1
4823000	4997000	1
4829000	4997000	1
4849000	4997000	1
4863000	4997000	1
4867000	4997000	1
4900000	4997000	1
4901000	4997000	1
4944000	4997000	1
4977000	4997000	3
4979000	4997000	4
4980000	4997000	6
4982000	4997000	3
4983000	4997000	1
4984000	4997000	2
4849000	4998000	1
4875000	4998000	1
4889000	4998000	1
4898000	4998000	1
4937000	4998000	1
4976000	4998000	2
4977000	4998000	3
4978000	4998000	3
4979000	4998000	3
4981000	4998000	5
4982000	4998000	1
4983000	4998000	2
4984000	4998000	1
4807000	4999000	1
4813000	4999000	1
4816000	4999000	1
4819000	4999000	2
4820000	4999000	1
4824000	4999000	1
4825000	4999000	2
4827000	4999000	1
4828000	4999000	2
4831000	4999000	1
4833000	4999000	1
4834000	4999000	1
4851000	4999000	1
4868000	4999000	2
4881000	4999000	1
4902000	4999000	1
4911000	4999000	1
4926000	4999000	1
4948000	4999000	1
4950000	4999000	1
4976000	4999000	3
4977000	4999000	6
4978000	4999000	6
4979000	4999000	4
4980000	4999000	6
4981000	4999000	5
4982000	4999000	5
4983000	4999000	4
4984000	4999000	4
4804000	5000000	1
4814000	5000000	1
4824000	5000000	1
4831000	5000000	1
4840000	5000000	1
4841000	5000000	1
4855000	5000000	1
4862000	5000000	1
4869000	5000000	1
4881000	5000000	2
4975000	5000000	1
4976000	5000000	6
4977000	5000000	2
4978000	5000000	2
4979000	5000000	3
4980000	5000000	6
4981000	5000000	5
4982000	5000000	1
4983000	5000000	8
4984000	5000000	1
4811000	5001000	1
4816000	5001000	1
4818000	5001000	1
4827000	5001000	1
4849000	5001000	1
4869000	5001000	1
4908000	5001000	2
4932000	5001000	1
4976000	5001000	1
4977000	5001000	2
4978000	5001000	1
4980000	5001000	6
4981000	5001000	2
4984000	5001000	1
4804000	5002000	2
4814000	5002000	1
4815000	5002000	1
4819000	5002000	2
4821000	5002000	1
4823000	5002000	1
4824000	5002000	1
4825000	5002000	2
4827000	5002000	1
4830000	5002000	1
4831000	5002000	2
4832000	5002000	1
4834000	5002000	4
4835000	5002000	1
4842000	5002000	2
4856000	5002000	1
4867000	5002000	1
4868000	5002000	5
4869000	5002000	2
4872000	5002000	1
4879000	5002000	2
4882000	5002000	2
4887000	5002000	1
4894000	5002000	1
4898000	5002000	1
4914000	5002000	1
4928000	5002000	1
4936000	5002000	2
4944000	5002000	1
4969000	5002000	1
4976000	5002000	12
4977000	5002000	12
4978000	5002000	10
4979000	5002000	20
4980000	5002000	24
4981000	5002000	11
4982000	5002000	9
4983000	5002000	10
4984000	5002000	9
4821000	5003000	2
4826000	5003000	1
4830000	5003000	1
4831000	5003000	1
4853000	5003000	1
4854000	5003000	1
4867000	5003000	2
4930000	5003000	1
4943000	5003000	2
4976000	5003000	2
4978000	5003000	1
4979000	5003000	2
4980000	5003000	2
4981000	5003000	2
4983000	5003000	1
4984000	5003000	1
4825000	5004000	2
4831000	5004000	2
4849000	5004000	1
4952000	5004000	1
4972000	5004000	1
4976000	5004000	1
4977000	5004000	2
4979000	5004000	2
4981000	5004000	1
4982000	5004000	2
4984000	5004000	2
4814000	5005000	2
4825000	5005000	2
4826000	5005000	1
4827000	5005000	1
4830000	5005000	1
4833000	5005000	1
4834000	5005000	1
4838000	5005000	1
4848000	5005000	1
4851000	5005000	1
4853000	5005000	2
4857000	5005000	1
4868000	5005000	1
4898000	5005000	1
4938000	5005000	2
4977000	5005000	2
4979000	5005000	4
4980000	5005000	2
4981000	5005000	3
4982000	5005000	3
4983000	5005000	2
4984000	5005000	1
4814000	5006000	1
4817000	5006000	1
4830000	5006000	2
4977000	5006000	1
4978000	5006000	1
4979000	5006000	2
4980000	5006000	3
4982000	5006000	3
4983000	5006000	1
4984000	5006000	2
4807000	5007000	1
4813000	5007000	1
4814000	5007000	2
4822000	5007000	1
4830000	5007000	1
4831000	5007000	1
4832000	5007000	1
4834000	5007000	1
4858000	5007000	1
4868000	5007000	1
4893000	5007000	1
4905000	5007000	1
4931000	5007000	1
4976000	5007000	1
4977000	5007000	3
4978000	5007000	2
4979000	5007000	3
4980000	5007000	3
4981000	5007000	1
4983000	5007000	2
4984000	5007000	1
4814000	5008000	1
4818000	5008000	1
4825000	5008000	1
4831000	5008000	1
4840000	5008000	1
4850000	5008000	1
4868000	5008000	1
4902000	5008000	1
4955000	5008000	1
4977000	5008000	2
4978000	5008000	1
4979000	5008000	5
4980000	5008000	2
4981000	5008000	2
4982000	5008000	2
4984000	5008000	1
4806000	5009000	1
4808000	5009000	1
4819000	5009000	1
4822000	5009000	2
4829000	5009000	1
4845000	5009000	1
4869000	5009000	1
4880000	5009000	1
4975000	5009000	1
4976000	5009000	1
4977000	5009000	3
4978000	5009000	1
4979000	5009000	2
4980000	5009000	1
4982000	5009000	1
4983000	5009000	1
4810000	5010000	1
4814000	5010000	1
4819000	5010000	2
4826000	5010000	1
4827000	5010000	1
4832000	5010000	1
4961000	5010000	1
4975000	5010000	1
4977000	5010000	3
4978000	5010000	2
4979000	5010000	1
4980000	5010000	2
4981000	5010000	2
4982000	5010000	2
4983000	5010000	1
4984000	5010000	1
4804000	5011000	1
4818000	5011000	4
4823000	5011000	1
4824000	5011000	2
4826000	5011000	4
4828000	5011000	1
4830000	5011000	1
4831000	5011000	3
4832000	5011000	1
4835000	5011000	2
4839000	5011000	1
4844000	5011000	2
4850000	5011000	1
4853000	5011000	1
4868000	5011000	1
4869000	5011000	1
4885000	5011000	1
4895000	5011000	1
4898000	5011000	1
4934000	5011000	1
4949000	5011000	1
4962000	5011000	1
4976000	5011000	7
4977000	5011000	6
4978000	5011000	13
4979000	5011000	13
4980000	5011000	15
4981000	5011000	1
4982000	5011000	5
4983000	5011000	2
4984000	5011000	11
4808000	5012000	1
4812000	5012000	1
4814000	5012000	1
4818000	5012000	1
4819000	5012000	1
4821000	5012000	1
4823000	5012000	1
4825000	5012000	1
4826000	5012000	1
4830000	5012000	1
4831000	5012000	1
4834000	5012000	3
4848000	5012000	1
4868000	5012000	2
4892000	5012000	1
4922000	5012000	1
4945000	5012000	1
4973000	5012000	1
4976000	5012000	1
4977000	5012000	3
4978000	5012000	2
4979000	5012000	3
4980000	5012000	4
4983000	5012000	1
4984000	5012000	2
4807000	5013000	1
4808000	5013000	1
4813000	5013000	1
4814000	5013000	1
4820000	5013000	1
4826000	5013000	4
4827000	5013000	1
4831000	5013000	2
4834000	5013000	1
4835000	5013000	1
4853000	5013000	2
4868000	5013000	1
4869000	5013000	1
4871000	5013000	2
4928000	5013000	1
4943000	5013000	1
4946000	5013000	1
4952000	5013000	1
4964000	5013000	1
4965000	5013000	1
4976000	5013000	2
4977000	5013000	2
4978000	5013000	4
4979000	5013000	8
4980000	5013000	16
4981000	5013000	8
4982000	5013000	7
4983000	5013000	1
4984000	5013000	4
4807000	5014000	1
4822000	5014000	1
4834000	5014000	1
4835000	5014000	1
4838000	5014000	1
4840000	5014000	1
4850000	5014000	1
4856000	5014000	1
4867000	5014000	1
4873000	5014000	1
4898000	5014000	1
4926000	5014000	1
4962000	5014000	1
4974000	5014000	1
4976000	5014000	1
4977000	5014000	1
4978000	5014000	3
4979000	5014000	2
4980000	5014000	4
4981000	5014000	2
4982000	5014000	2
4983000	5014000	3
4984000	5014000	2
4805000	5015000	1
4818000	5015000	1
4831000	5015000	1
4853000	5015000	1
4904000	5015000	1
4914000	5015000	1
4943000	5015000	1
4972000	5015000	1
4976000	5015000	1
4977000	5015000	2
4978000	5015000	1
4979000	5015000	1
4981000	5015000	1
4982000	5015000	1
4984000	5015000	1
4809000	5016000	1
4813000	5016000	1
4814000	5016000	1
4816000	5016000	1
4818000	5016000	3
4823000	5016000	1
4824000	5016000	2
4825000	5016000	2
4828000	5016000	1
4832000	5016000	1
4865000	5016000	2
4868000	5016000	2
4891000	5016000	1
4915000	5016000	1
4976000	5016000	3
4977000	5016000	2
4978000	5016000	8
4979000	5016000	4
4980000	5016000	11
4981000	5016000	6
4982000	5016000	7
4983000	5016000	5
4984000	5016000	4
4806000	5017000	1
4807000	5017000	1
4810000	5017000	2
4812000	5017000	1
4814000	5017000	1
4819000	5017000	1
4822000	5017000	1
4824000	5017000	1
4829000	5017000	2
4831000	5017000	1
4832000	5017000	1
4834000	5017000	2
4836000	5017000	1
4837000	5017000	1
4838000	5017000	1
4839000	5017000	1
4840000	5017000	1
4841000	5017000	1
4850000	5017000	1
4853000	5017000	1
4865000	5017000	1
4871000	5017000	3
4906000	5017000	1
4907000	5017000	1
4914000	5017000	1
4938000	5017000	3
4946000	5017000	1
4961000	5017000	1
4973000	5017000	1
4974000	5017000	1
4976000	5017000	4
4977000	5017000	5
4978000	5017000	12
4979000	5017000	19
4980000	5017000	5
4981000	5017000	3
4982000	5017000	6
4983000	5017000	5
4984000	5017000	8
4803000	5018000	2
4804000	5018000	1
4807000	5018000	1
4810000	5018000	1
4813000	5018000	1
4814000	5018000	1
4817000	5018000	1
4819000	5018000	1
4825000	5018000	1
4826000	5018000	1
4827000	5018000	2
4838000	5018000	1
4849000	5018000	1
4863000	5018000	1
4866000	5018000	1
4868000	5018000	1
4870000	5018000	1
4904000	5018000	1
4936000	5018000	1
4974000	5018000	1
4976000	5018000	5
4977000	5018000	6
4978000	5018000	4
4979000	5018000	10
4980000	5018000	11
4981000	5018000	3
4982000	5018000	6
4983000	5018000	6
4984000	5018000	3
4803000	5019000	1
4806000	5019000	1
4810000	5019000	2
4813000	5019000	1
4814000	5019000	4
4815000	5019000	1
4819000	5019000	1
4820000	5019000	1
4824000	5019000	1
4825000	5019000	3
4826000	5019000	2
4827000	5019000	1
4829000	5019000	1
4830000	5019000	1
4832000	5019000	1
4834000	5019000	1
4837000	5019000	1
4862000	5019000	1
4868000	5019000	2
4869000	5019000	1
4872000	5019000	1
4875000	5019000	1
4876000	5019000	1
4891000	5019000	2
4892000	5019000	1
4899000	5019000	1
4900000	5019000	1
4909000	5019000	1
4930000	5019000	1
4945000	5019000	1
4965000	5019000	1
4972000	5019000	1
4976000	5019000	6
4977000	5019000	9
4978000	5019000	11
4979000	5019000	15
4980000	5019000	17
4981000	5019000	4
4982000	5019000	4
4983000	5019000	4
4984000	5019000	2
4831000	5020000	1
4834000	5020000	1
4845000	5020000	1
4853000	5020000	1
4868000	5020000	1
4904000	5020000	1
4974000	5020000	1
4977000	5020000	5
4978000	5020000	3
4979000	5020000	6
4980000	5020000	3
4983000	5020000	1
4984000	5020000	4
4804000	5021000	1
4817000	5021000	1
4828000	5021000	1
4831000	5021000	2
4834000	5021000	1
4866000	5021000	1
4867000	5021000	1
4977000	5021000	6
4978000	5021000	5
4979000	5021000	1
4980000	5021000	3
4981000	5021000	1
4982000	5021000	2
4983000	5021000	2
4984000	5021000	1
4814000	5022000	1
4819000	5022000	1
4833000	5022000	1
4849000	5022000	1
4860000	5022000	1
4883000	5022000	1
4941000	5022000	1
4961000	5022000	1
4964000	5022000	2
4972000	5022000	1
4976000	5022000	1
4977000	5022000	6
4978000	5022000	1
4979000	5022000	3
4980000	5022000	5
4982000	5022000	1
4983000	5022000	1
4984000	5022000	1
4817000	5023000	2
4826000	5023000	1
4829000	5023000	1
4831000	5023000	1
4833000	5023000	2
4849000	5023000	1
4851000	5023000	1
4853000	5023000	1
4866000	5023000	1
4868000	5023000	1
4893000	5023000	1
4898000	5023000	2
4905000	5023000	1
4910000	5023000	1
4943000	5023000	1
4975000	5023000	2
4976000	5023000	2
4977000	5023000	5
4978000	5023000	3
4979000	5023000	4
4980000	5023000	10
4981000	5023000	7
4982000	5023000	3
4983000	5023000	4
4984000	5023000	4
4803000	5024000	1
4810000	5024000	1
4815000	5024000	1
4825000	5024000	1
4841000	5024000	1
4848000	5024000	1
4868000	5024000	1
4888000	5024000	1
4931000	5024000	1
4972000	5024000	2
4976000	5024000	2
4977000	5024000	1
4978000	5024000	1
4979000	5024000	5
4980000	5024000	6
4981000	5024000	3
4983000	5024000	1
4984000	5024000	1
4807000	5025000	1
4818000	5025000	3
4820000	5025000	1
4826000	5025000	1
4827000	5025000	2
4831000	5025000	1
4837000	5025000	1
4838000	5025000	1
4975000	5025000	1
4977000	5025000	5
4978000	5025000	1
4979000	5025000	6
4980000	5025000	5
4981000	5025000	2
4982000	5025000	1
4983000	5025000	1
4808000	5026000	1
4810000	5026000	2
4814000	5026000	1
4815000	5026000	1
4825000	5026000	1
4827000	5026000	3
4834000	5026000	1
4843000	5026000	2
4868000	5026000	1
4887000	5026000	1
4891000	5026000	1
4912000	5026000	1
4952000	5026000	1
4954000	5026000	1
4976000	5026000	5
4977000	5026000	6
4978000	5026000	4
4979000	5026000	7
4980000	5026000	9
4981000	5026000	3
4982000	5026000	2
4983000	5026000	5
4984000	5026000	3
4810000	5027000	1
4813000	5027000	1
4826000	5027000	1
4831000	5027000	2
4834000	5027000	1
4925000	5027000	1
4939000	5027000	1
4977000	5027000	1
4978000	5027000	3
4979000	5027000	1
4980000	5027000	7
4982000	5027000	1
4984000	5027000	1
4825000	5028000	1
4831000	5028000	1
4868000	5028000	4
4869000	5028000	1
4871000	5028000	1
4886000	5028000	1
4939000	5028000	2
4976000	5028000	2
4977000	5028000	1
4978000	5028000	1
4980000	5028000	3
4981000	5028000	3
4982000	5028000	1
4983000	5028000	1
4816000	5029000	1
4834000	5029000	1
4845000	5029000	1
4847000	5029000	1
4856000	5029000	1
4944000	5029000	1
4961000	5029000	1
4976000	5029000	1
4978000	5029000	2
4983000	5029000	3
4984000	5029000	1
4826000	5030000	1
4899000	5030000	1
4944000	5030000	1
4978000	5030000	2
4979000	5030000	1
4980000	5030000	2
4981000	5030000	1
4982000	5030000	1
4814000	5031000	1
4833000	5031000	1
4977000	5031000	1
4979000	5031000	1
4981000	5031000	2
4982000	5031000	1
4984000	5031000	1
4819000	5032000	1
4827000	5032000	2
4832000	5032000	1
4834000	5032000	1
4864000	5032000	1
4906000	5032000	1
4953000	5032000	2
4977000	5032000	2
4978000	5032000	1
4979000	5032000	1
4980000	5032000	7
4983000	5032000	1
4830000	5033000	1
4831000	5033000	1
4844000	5033000	1
4866000	5033000	1
4868000	5033000	2
4870000	5033000	1
4953000	5033000	2
4974000	5033000	1
4977000	5033000	1
4978000	5033000	2
4981000	5033000	1
4814000	5034000	2
4865000	5034000	1
4956000	5034000	1
4979000	5034000	1
4980000	5034000	1
4814000	5035000	1
4830000	5035000	1
4833000	5035000	1
4838000	5035000	1
4870000	5035000	1
4872000	5035000	1
4891000	5035000	1
4896000	5035000	1
4904000	5035000	1
4974000	5035000	1
4976000	5035000	1
4979000	5035000	1
4984000	5035000	1
4810000	5036000	1
4819000	5036000	1
4862000	5036000	1
4946000	5036000	1
4978000	5036000	1
4979000	5036000	2
4980000	5036000	2
4804000	5037000	1
4805000	5037000	1
4815000	5037000	1
4819000	5037000	2
4828000	5037000	1
4850000	5037000	1
4864000	5037000	1
4871000	5037000	3
4931000	5037000	1
4946000	5037000	1
4976000	5037000	1
4978000	5037000	5
4804000	5038000	1
4814000	5038000	1
4815000	5038000	1
4820000	5038000	1
4824000	5038000	1
4827000	5038000	1
4828000	5038000	1
4830000	5038000	3
4832000	5038000	1
4835000	5038000	2
4837000	5038000	1
4846000	5038000	2
4853000	5038000	1
4864000	5038000	1
4868000	5038000	2
4898000	5038000	2
4905000	5038000	1
4938000	5038000	1
4939000	5038000	1
4943000	5038000	1
4952000	5038000	1
4975000	5038000	1
4976000	5038000	3
4978000	5038000	3
4979000	5038000	3
4980000	5038000	5
4981000	5038000	2
4814000	5039000	1
4815000	5039000	1
4818000	5039000	2
4819000	5039000	1
4830000	5039000	1
4889000	5039000	2
4950000	5039000	1
4976000	5039000	2
4978000	5039000	2
4979000	5039000	1
4980000	5039000	3
4982000	5039000	2
4803000	5040000	1
4809000	5040000	1
4825000	5040000	1
4866000	5040000	1
4895000	5040000	1
4922000	5040000	1
4945000	5040000	1
4977000	5040000	1
4978000	5040000	4
4981000	5040000	1
4983000	5040000	2
4814000	5041000	1
4825000	5041000	4
4871000	5041000	1
4873000	5041000	1
4946000	5041000	1
4961000	5041000	1
4975000	5041000	1
4977000	5041000	1
4980000	5041000	2
4982000	5041000	2
4983000	5041000	2
4842000	5042000	1
4926000	5042000	1
4979000	5042000	1
4808000	5043000	2
4887000	5043000	1
4891000	5043000	1
4976000	5044000	1
4978000	5044000	1
4857000	5045000	1
4866000	5045000	1
4877000	5045000	1
4973000	5045000	1
4974000	5045000	1
4975000	5045000	3
4976000	5045000	1
4977000	5045000	2
4979000	5045000	2
4980000	5045000	2
4984000	5045000	2
4813000	5046000	1
4827000	5046000	1
4831000	5046000	2
4842000	5046000	1
4937000	5046000	1
4978000	5046000	1
4814000	5047000	1
4825000	5047000	1
4831000	5047000	1
4978000	5047000	1
4979000	5047000	1
4833000	5048000	1
4869000	5048000	1
4943000	5048000	1
4946000	5048000	1
4977000	5048000	1
4979000	5048000	2
4980000	5048000	1
4875000	5049000	1
4959000	5049000	1
4976000	5049000	3
4977000	5049000	1
4979000	5049000	1
4980000	5049000	2
4982000	5049000	1
4846000	5050000	1
4932000	5050000	1
4953000	5050000	1
4976000	5050000	1
4977000	5050000	2
4820000	5051000	2
4825000	5051000	1
4882000	5051000	1
4929000	5051000	1
4977000	5051000	1
4980000	5051000	1
4982000	5051000	1
4983000	5051000	1
4984000	5051000	1
4810000	5052000	1
4820000	5052000	1
4824000	5052000	1
4976000	5052000	2
4977000	5052000	1
4978000	5052000	1
4979000	5052000	2
4980000	5052000	1
4981000	5052000	3
4982000	5052000	3
4803000	5053000	1
4805000	5053000	1
4822000	5053000	1
4824000	5053000	1
4832000	5053000	1
4835000	5053000	2
4848000	5053000	1
4860000	5053000	1
4866000	5053000	1
4868000	5053000	1
4871000	5053000	1
4886000	5053000	1
4956000	5053000	1
4976000	5053000	3
4977000	5053000	2
4978000	5053000	2
4980000	5053000	2
4981000	5053000	1
4983000	5053000	1
4819000	5054000	2
4820000	5054000	1
4830000	5054000	2
4831000	5054000	1
4849000	5054000	1
4850000	5054000	1
4869000	5054000	1
4905000	5054000	1
4975000	5054000	1
4977000	5054000	5
4983000	5054000	2
4984000	5054000	2
4805000	5055000	2
4819000	5055000	1
4820000	5055000	1
4826000	5055000	1
4827000	5055000	1
4831000	5055000	1
4834000	5055000	1
4867000	5055000	1
4869000	5055000	2
4875000	5055000	1
4885000	5055000	1
4898000	5055000	1
4972000	5055000	1
4973000	5055000	1
4976000	5055000	1
4977000	5055000	2
4978000	5055000	4
4979000	5055000	1
4980000	5055000	2
4981000	5055000	1
4982000	5055000	3
4983000	5055000	1
4984000	5055000	2
4809000	5056000	1
4821000	5056000	1
4822000	5056000	1
4825000	5056000	1
4827000	5056000	1
4868000	5056000	1
4899000	5056000	1
4916000	5056000	1
4976000	5056000	2
4977000	5056000	3
4978000	5056000	2
4979000	5056000	4
4980000	5056000	1
4981000	5056000	1
4982000	5056000	2
4984000	5056000	1
4804000	5057000	1
4806000	5057000	1
4810000	5057000	1
4822000	5057000	2
4825000	5057000	2
4826000	5057000	4
4831000	5057000	1
4832000	5057000	1
4838000	5057000	1
4839000	5057000	1
4848000	5057000	1
4853000	5057000	1
4864000	5057000	1
4866000	5057000	1
4867000	5057000	1
4868000	5057000	3
4869000	5057000	1
4870000	5057000	1
4871000	5057000	1
4885000	5057000	1
4931000	5057000	2
4943000	5057000	1
4947000	5057000	1
4948000	5057000	1
4960000	5057000	1
4974000	5057000	1
4976000	5057000	2
4977000	5057000	3
4978000	5057000	7
4979000	5057000	5
4980000	5057000	9
4981000	5057000	3
4982000	5057000	3
4983000	5057000	7
4984000	5057000	4
4803000	5058000	1
4812000	5058000	1
4816000	5058000	2
4820000	5058000	1
4822000	5058000	1
4832000	5058000	1
4846000	5058000	1
4867000	5058000	2
4868000	5058000	1
4869000	5058000	1
4894000	5058000	1
4895000	5058000	1
4899000	5058000	1
4908000	5058000	1
4930000	5058000	2
4937000	5058000	1
4957000	5058000	1
4964000	5058000	1
4976000	5058000	8
4977000	5058000	5
4978000	5058000	5
4979000	5058000	4
4980000	5058000	4
4981000	5058000	2
4982000	5058000	1
4983000	5058000	2
4984000	5058000	2
4803000	5059000	1
4814000	5059000	2
4819000	5059000	1
4829000	5059000	1
4867000	5059000	1
4869000	5059000	1
4975000	5059000	1
4977000	5059000	1
4978000	5059000	2
4979000	5059000	5
4980000	5059000	1
4981000	5059000	1
4983000	5059000	1
4831000	5060000	1
4836000	5060000	1
4857000	5060000	1
4861000	5060000	1
4867000	5060000	1
4874000	5060000	1
4931000	5060000	1
4976000	5060000	1
4977000	5060000	4
4981000	5060000	2
4984000	5060000	1
4817000	5061000	1
4834000	5061000	1
4906000	5061000	1
4976000	5061000	1
4977000	5061000	1
4981000	5061000	1
4982000	5061000	1
4820000	5062000	1
4853000	5062000	2
4882000	5062000	1
4979000	5062000	1
4980000	5062000	1
4807000	5063000	1
4821000	5063000	1
4844000	5063000	1
4874000	5063000	1
4853000	5064000	2
4881000	5064000	1
4978000	5064000	2
4983000	5064000	1
4844000	5065000	1
4974000	5065000	1
4977000	5065000	1
4980000	5065000	2
4803000	5066000	1
4825000	5066000	1
4831000	5066000	1
4844000	5066000	1
4979000	5066000	1
4980000	5066000	1
4982000	5066000	1
4806000	5067000	1
4868000	5067000	1
4932000	5067000	1
4979000	5067000	3
4803000	5068000	1
4808000	5068000	1
4843000	5068000	1
4868000	5068000	1
4899000	5068000	1
4907000	5068000	1
4910000	5068000	2
4977000	5068000	1
4814000	5069000	1
4819000	5069000	1
4934000	5069000	1
4976000	5069000	1
4804000	5070000	1
4814000	5070000	1
4834000	5070000	1
4978000	5070000	1
4980000	5070000	1
4823000	5071000	2
4868000	5071000	1
4935000	5071000	1
4977000	5071000	1
4806000	5072000	2
4810000	5072000	1
4834000	5072000	1
4868000	5072000	1
4974000	5072000	1
4976000	5072000	2
4977000	5072000	1
4979000	5072000	1
4980000	5072000	3
4983000	5072000	1
4825000	5073000	1
4826000	5073000	1
4839000	5073000	1
4900000	5073000	1
4905000	5073000	1
4908000	5073000	1
4927000	5073000	2
4947000	5073000	1
4976000	5073000	1
4977000	5073000	1
4978000	5073000	1
4979000	5073000	2
4980000	5073000	2
4983000	5073000	1
4819000	5074000	1
4865000	5074000	1
4868000	5074000	1
4869000	5074000	1
4908000	5074000	1
4950000	5074000	1
4975000	5074000	1
4976000	5074000	1
4978000	5074000	2
4979000	5074000	3
4980000	5074000	2
4981000	5074000	1
4803000	5075000	1
4977000	5075000	1
4825000	5076000	1
4826000	5076000	1
4829000	5076000	1
4849000	5076000	1
4948000	5076000	2
4977000	5076000	2
4978000	5076000	1
4979000	5076000	2
4983000	5076000	1
4825000	5077000	1
4868000	5077000	1
4871000	5077000	1
4981000	5077000	1
4813000	5078000	2
4819000	5078000	1
4827000	5078000	1
4850000	5078000	1
4868000	5078000	1
4979000	5078000	3
4806000	5079000	1
4807000	5079000	1
4814000	5079000	1
4823000	5079000	1
4834000	5079000	1
4839000	5079000	1
4866000	5079000	1
4868000	5079000	1
4869000	5079000	2
4943000	5079000	2
4976000	5079000	2
4977000	5079000	1
4978000	5079000	1
4982000	5079000	2
4984000	5079000	1
4814000	5080000	3
4815000	5080000	2
4825000	5080000	1
4826000	5080000	1
4831000	5080000	1
4832000	5080000	1
4833000	5080000	1
4838000	5080000	2
4851000	5080000	1
4852000	5080000	1
4885000	5080000	1
4943000	5080000	1
4949000	5080000	1
4977000	5080000	4
4978000	5080000	2
4979000	5080000	4
4980000	5080000	3
4981000	5080000	1
4982000	5080000	2
4984000	5080000	2
4807000	5081000	1
4815000	5081000	2
4817000	5081000	2
4819000	5081000	1
4826000	5081000	2
4829000	5081000	1
4831000	5081000	1
4839000	5081000	1
4841000	5081000	1
4853000	5081000	1
4855000	5081000	1
4865000	5081000	1
4868000	5081000	1
4873000	5081000	1
4882000	5081000	1
4895000	5081000	1
4898000	5081000	1
4926000	5081000	1
4971000	5081000	2
4976000	5081000	2
4977000	5081000	3
4978000	5081000	2
4979000	5081000	4
4980000	5081000	4
4982000	5081000	2
4984000	5081000	2
4868000	5082000	1
4869000	5082000	1
4937000	5082000	1
4977000	5082000	2
4978000	5082000	3
4979000	5082000	4
4980000	5082000	1
4981000	5082000	3
4984000	5082000	1
4814000	5083000	1
4824000	5083000	1
4914000	5083000	1
4978000	5083000	1
4815000	5084000	1
4825000	5084000	1
4834000	5084000	1
4937000	5084000	1
4977000	5084000	2
4978000	5084000	2
4980000	5084000	3
4981000	5084000	1
4982000	5084000	1
4825000	5085000	1
4834000	5085000	1
4835000	5085000	2
4870000	5085000	1
4903000	5085000	1
4931000	5085000	1
4972000	5085000	1
4979000	5085000	1
4981000	5085000	1
4814000	5086000	1
4830000	5086000	1
4893000	5086000	1
4898000	5086000	1
4909000	5086000	1
4925000	5086000	1
4977000	5086000	1
4979000	5086000	2
4803000	5087000	1
4818000	5087000	1
4830000	5087000	2
4848000	5087000	1
4864000	5087000	1
4868000	5087000	1
4932000	5087000	2
4979000	5087000	1
4980000	5087000	2
4983000	5087000	1
4979000	5088000	1
4980000	5088000	1
4814000	5089000	1
4877000	5089000	2
4963000	5089000	1
4980000	5089000	1
4834000	5090000	1
4869000	5090000	1
4928000	5090000	2
4940000	5090000	1
4954000	5090000	1
4980000	5090000	2
4825000	5091000	1
4831000	5091000	1
4830000	5092000	1
4954000	5092000	1
4977000	5092000	1
4980000	5092000	1
4981000	5092000	1
4984000	5092000	1
4825000	5093000	1
4898000	5093000	1
4980000	5093000	3
4984000	5093000	1
4828000	5094000	1
4845000	5094000	1
4819000	5095000	1
4807000	5096000	1
4981000	5096000	1
4829000	5098000	1
4979000	5098000	2
4816000	5099000	1
4822000	5099000	1
4980000	5100000	1
4916000	5101000	1
4813000	5102000	1
4835000	5102000	1
4807000	5103000	1
4867000	5103000	1
4815000	5105000	1
4825000	5105000	1
4832000	5105000	1
4834000	5105000	2
4850000	5105000	1
4932000	5105000	1
4941000	5105000	1
4976000	5105000	2
4979000	5105000	1
4982000	5105000	1
4818000	5106000	1
4825000	5106000	1
4942000	5106000	1
4972000	5106000	1
4980000	5106000	1
4984000	5106000	1
4811000	5107000	1
4812000	5107000	2
4825000	5107000	1
4865000	5107000	1
4867000	5107000	1
4898000	5107000	2
4908000	5107000	1
4974000	5107000	2
4976000	5107000	1
4977000	5107000	2
4979000	5107000	2
4980000	5107000	1
4984000	5107000	3
4814000	5108000	1
4824000	5108000	2
4827000	5108000	1
4831000	5108000	2
4834000	5108000	2
4849000	5108000	1
4879000	5108000	1
4881000	5108000	1
4901000	5108000	1
4903000	5108000	1
4925000	5108000	1
4943000	5108000	1
4962000	5108000	1
4964000	5108000	1
4976000	5108000	1
4977000	5108000	4
4978000	5108000	4
4979000	5108000	5
4980000	5108000	4
4981000	5108000	2
4982000	5108000	3
4814000	5109000	1
4815000	5109000	1
4828000	5109000	1
4840000	5109000	1
4847000	5109000	2
4852000	5109000	1
4869000	5109000	1
4914000	5109000	1
4930000	5109000	1
4975000	5109000	1
4976000	5109000	1
4977000	5109000	2
4979000	5109000	1
4983000	5109000	1
4807000	5110000	1
4850000	5110000	1
4976000	5110000	2
4980000	5110000	1
4982000	5110000	2
4816000	5111000	1
4816000	5112000	1
4829000	5112000	1
4898000	5112000	1
4855000	5115000	1
4831000	5116000	2
4977000	5116000	1
4981000	5116000	1
4868000	5117000	1
4869000	5117000	1
4977000	5117000	2
4981000	5117000	1
4902000	5120000	1
4964000	5120000	1
4976000	5120000	1
4977000	5120000	1
4838000	5121000	1
4843000	5121000	1
4980000	5121000	1
4814000	5122000	1
4820000	5122000	1
4823000	5122000	1
4824000	5122000	1
4825000	5122000	1
4827000	5122000	1
4830000	5122000	1
4832000	5122000	1
4834000	5122000	2
4853000	5122000	1
4868000	5122000	4
4869000	5122000	1
4898000	5122000	1
4964000	5122000	2
4974000	5122000	1
4976000	5122000	1
4977000	5122000	5
4978000	5122000	3
4979000	5122000	1
4981000	5122000	3
4982000	5122000	1
4983000	5122000	4
4811000	5123000	1
4816000	5123000	1
4826000	5123000	1
4827000	5123000	1
4829000	5123000	1
4867000	5123000	1
4871000	5123000	1
4978000	5123000	1
4979000	5123000	1
4980000	5123000	3
4984000	5123000	1
4811000	5124000	1
4818000	5124000	1
4825000	5124000	1
4827000	5124000	1
4971000	5124000	1
4984000	5124000	1
4827000	5125000	1
4867000	5125000	1
4978000	5125000	1
4981000	5125000	1
4982000	5125000	1
4822000	5126000	1
4825000	5126000	1
4979000	5126000	1
4980000	5126000	1
4983000	5126000	1
4850000	5127000	1
4869000	5127000	1
4895000	5127000	1
4868000	5128000	3
4869000	5128000	1
4975000	5128000	2
4982000	5128000	1
4984000	5128000	1
4814000	5129000	1
4840000	5130000	1
4865000	5130000	1
4898000	5131000	1
4980000	5131000	1
4817000	5133000	1
4871000	5133000	1
4980000	5133000	2
4982000	5134000	1
4868000	5135000	2
4819000	5136000	2
4959000	5136000	1
4978000	5136000	1
4810000	5137000	1
4838000	5137000	1
4890000	5137000	1
4982000	5137000	1
4810000	5138000	1
4835000	5138000	1
4851000	5138000	1
4857000	5138000	1
4864000	5140000	1
4819000	5141000	1
4954000	5141000	1
4957000	5141000	1
4825000	5144000	1
4985000	4985000	72
4985000	4986000	80
4986000	4986000	76
4985000	4987000	71
4986000	4987000	118
4987000	4987000	247
4985000	4988000	10
4986000	4988000	9
4987000	4988000	128
4988000	4988000	59
4985000	4989000	24
4986000	4989000	21
4987000	4989000	149
4988000	4989000	105
4989000	4989000	183
4985000	4990000	1
4986000	4990000	4
4987000	4990000	20
4988000	4990000	14
4989000	4990000	114
4990000	4990000	35
4985000	4991000	4
4987000	4991000	16
4988000	4991000	10
4989000	4991000	54
4990000	4991000	31
4991000	4991000	29
4985000	4992000	3
4986000	4992000	3
4987000	4992000	19
4988000	4992000	5
4989000	4992000	55
4990000	4992000	24
4991000	4992000	36
4992000	4992000	70
4985000	4993000	1
4986000	4993000	4
4987000	4993000	20
4988000	4993000	7
4989000	4993000	63
4990000	4993000	22
4991000	4993000	18
4992000	4993000	51
4993000	4993000	57
4985000	4994000	4
4986000	4994000	4
4987000	4994000	40
4988000	4994000	16
4989000	4994000	84
4990000	4994000	35
4991000	4994000	32
4992000	4994000	49
4993000	4994000	96
4994000	4994000	145
4985000	4995000	1
4986000	4995000	8
4987000	4995000	30
4988000	4995000	12
4989000	4995000	52
4990000	4995000	22
4991000	4995000	14
4992000	4995000	14
4993000	4995000	34
4994000	4995000	131
4995000	4995000	106
4985000	4996000	6
4986000	4996000	3
4987000	4996000	24
4988000	4996000	9
4989000	4996000	37
4990000	4996000	9
4991000	4996000	11
4992000	4996000	15
4993000	4996000	24
4994000	4996000	89
4995000	4996000	171
4996000	4996000	135
4986000	4997000	1
4987000	4997000	7
4988000	4997000	3
4989000	4997000	17
4990000	4997000	1
4991000	4997000	4
4992000	4997000	3
4993000	4997000	8
4994000	4997000	20
4995000	4997000	34
4996000	4997000	76
4997000	4997000	15
4985000	4998000	1
4986000	4998000	3
4987000	4998000	6
4989000	4998000	8
4990000	4998000	1
4991000	4998000	2
4992000	4998000	1
4993000	4998000	3
4994000	4998000	12
4995000	4998000	23
4996000	4998000	25
4997000	4998000	45
4998000	4998000	47
4985000	4999000	2
4986000	4999000	2
4987000	4999000	16
4988000	4999000	8
4989000	4999000	28
4990000	4999000	2
4991000	4999000	7
4992000	4999000	4
4993000	4999000	8
4994000	4999000	24
4995000	4999000	40
4996000	4999000	58
4997000	4999000	38
4998000	4999000	70
4999000	4999000	100
4985000	5000000	3
4986000	5000000	2
4987000	5000000	7
4988000	5000000	1
4989000	5000000	17
4990000	5000000	4
4991000	5000000	3
4992000	5000000	4
4993000	5000000	6
4994000	5000000	9
4995000	5000000	17
4996000	5000000	37
4997000	5000000	11
4998000	5000000	31
4999000	5000000	104
5000000	5000000	70
4987000	5001000	12
4989000	5001000	13
4990000	5001000	2
4992000	5001000	4
4993000	5001000	2
4994000	5001000	13
4995000	5001000	15
4996000	5001000	13
4997000	5001000	11
4998000	5001000	10
4999000	5001000	54
5000000	5001000	75
5001000	5001000	62
4985000	5002000	8
4986000	5002000	11
4987000	5002000	44
4988000	5002000	23
4989000	5002000	58
4990000	5002000	12
4991000	5002000	7
4992000	5002000	7
4993000	5002000	13
4994000	5002000	41
4995000	5002000	39
4996000	5002000	38
4997000	5002000	33
4998000	5002000	19
4999000	5002000	66
5000000	5002000	87
5001000	5002000	97
5002000	5002000	216
4987000	5003000	4
4988000	5003000	1
4989000	5003000	5
4991000	5003000	1
4992000	5003000	2
4994000	5003000	4
4995000	5003000	4
4996000	5003000	1
4997000	5003000	1
4999000	5003000	9
5000000	5003000	7
5001000	5003000	3
5002000	5003000	88
5003000	5003000	34
4985000	5004000	1
4986000	5004000	3
4987000	5004000	5
4988000	5004000	1
4989000	5004000	7
4992000	5004000	1
4993000	5004000	2
4994000	5004000	1
4995000	5004000	5
4996000	5004000	3
4999000	5004000	2
5000000	5004000	6
5001000	5004000	4
5002000	5004000	59
5003000	5004000	21
5004000	5004000	40
4985000	5005000	2
4987000	5005000	14
4988000	5005000	3
4989000	5005000	5
4990000	5005000	1
4992000	5005000	2
4994000	5005000	5
4995000	5005000	5
4996000	5005000	9
4997000	5005000	1
4998000	5005000	5
4999000	5005000	14
5000000	5005000	4
5001000	5005000	8
5002000	5005000	58
5003000	5005000	30
5004000	5005000	60
5005000	5005000	64
4987000	5006000	2
4988000	5006000	1
4989000	5006000	2
4991000	5006000	1
4993000	5006000	1
4994000	5006000	2
4995000	5006000	2
4996000	5006000	1
4997000	5006000	1
4998000	5006000	1
4999000	5006000	2
5000000	5006000	3
5001000	5006000	2
5002000	5006000	15
5003000	5006000	7
5004000	5006000	12
5005000	5006000	37
5006000	5006000	32
4985000	5007000	1
4987000	5007000	8
4988000	5007000	4
4989000	5007000	4
4991000	5007000	1
4992000	5007000	2
4993000	5007000	2
4994000	5007000	6
4995000	5007000	2
4996000	5007000	6
4997000	5007000	1
4998000	5007000	2
4999000	5007000	7
5000000	5007000	4
5001000	5007000	2
5002000	5007000	24
5003000	5007000	8
5004000	5007000	15
5005000	5007000	28
5006000	5007000	40
5007000	5007000	40
4985000	5008000	2
4986000	5008000	3
4987000	5008000	2
4988000	5008000	2
4989000	5008000	8
4990000	5008000	2
4993000	5008000	3
4995000	5008000	5
4996000	5008000	4
4997000	5008000	2
4998000	5008000	5
4999000	5008000	2
5000000	5008000	5
5001000	5008000	1
5002000	5008000	24
5003000	5008000	6
5004000	5008000	10
5005000	5008000	27
5006000	5008000	22
5007000	5008000	61
5008000	5008000	58
4986000	5009000	2
4987000	5009000	6
4988000	5009000	5
4989000	5009000	4
4990000	5009000	1
4991000	5009000	1
4992000	5009000	1
4994000	5009000	6
4995000	5009000	1
4996000	5009000	4
4997000	5009000	4
4999000	5009000	4
5000000	5009000	5
5001000	5009000	4
5002000	5009000	26
5003000	5009000	7
5004000	5009000	7
5005000	5009000	13
5006000	5009000	6
5007000	5009000	23
5008000	5009000	69
5009000	5009000	58
4987000	5010000	4
4988000	5010000	2
4989000	5010000	8
4993000	5010000	1
4994000	5010000	3
4995000	5010000	2
4996000	5010000	4
4998000	5010000	1
4999000	5010000	7
5000000	5010000	4
5001000	5010000	3
5002000	5010000	13
5003000	5010000	7
5004000	5010000	7
5005000	5010000	9
5006000	5010000	5
5007000	5010000	18
5008000	5010000	29
5009000	5010000	69
5010000	5010000	33
4985000	5011000	3
4986000	5011000	4
4987000	5011000	18
4988000	5011000	4
4989000	5011000	17
4990000	5011000	2
4991000	5011000	1
4992000	5011000	2
4993000	5011000	5
4994000	5011000	11
4995000	5011000	13
4996000	5011000	9
4997000	5011000	6
4998000	5011000	4
4999000	5011000	3
5000000	5011000	10
5001000	5011000	3
5002000	5011000	51
5003000	5011000	10
5004000	5011000	8
5005000	5011000	30
5006000	5011000	17
5007000	5011000	39
5008000	5011000	48
5009000	5011000	67
5010000	5011000	94
5011000	5011000	157
4985000	5012000	7
4986000	5012000	1
4987000	5012000	14
4988000	5012000	2
4989000	5012000	12
4991000	5012000	2
4992000	5012000	1
4993000	5012000	1
4994000	5012000	1
4995000	5012000	9
4996000	5012000	4
4997000	5012000	1
4998000	5012000	4
4999000	5012000	4
5000000	5012000	6
5001000	5012000	1
5002000	5012000	14
5003000	5012000	4
5004000	5012000	3
5005000	5012000	6
5006000	5012000	4
5007000	5012000	13
5008000	5012000	9
5009000	5012000	7
5010000	5012000	13
5011000	5012000	108
5012000	5012000	60
4985000	5013000	5
4986000	5013000	3
4987000	5013000	22
4988000	5013000	5
4989000	5013000	12
4990000	5013000	1
4992000	5013000	6
4993000	5013000	3
4994000	5013000	11
4995000	5013000	7
4996000	5013000	9
4997000	5013000	6
4998000	5013000	6
4999000	5013000	16
5000000	5013000	2
5001000	5013000	4
5002000	5013000	33
5003000	5013000	9
5004000	5013000	5
5005000	5013000	18
5006000	5013000	4
5007000	5013000	13
5008000	5013000	19
5009000	5013000	21
5010000	5013000	19
5011000	5013000	111
5012000	5013000	81
5013000	5013000	103
4985000	5014000	1
4986000	5014000	1
4987000	5014000	6
4988000	5014000	4
4989000	5014000	8
4991000	5014000	1
4992000	5014000	1
4994000	5014000	4
4995000	5014000	4
4996000	5014000	3
4997000	5014000	8
4999000	5014000	8
5000000	5014000	4
5001000	5014000	2
5002000	5014000	10
5003000	5014000	2
5004000	5014000	2
5005000	5014000	5
5006000	5014000	2
5007000	5014000	7
5008000	5014000	6
5009000	5014000	2
5010000	5014000	13
5011000	5014000	38
5012000	5014000	26
5013000	5014000	91
5014000	5014000	70
4985000	5015000	2
4986000	5015000	1
4987000	5015000	3
4989000	5015000	4
4990000	5015000	1
4991000	5015000	2
4993000	5015000	1
4994000	5015000	6
4995000	5015000	1
4996000	5015000	2
4999000	5015000	4
5000000	5015000	1
5001000	5015000	2
5002000	5015000	2
5003000	5015000	1
5004000	5015000	1
5005000	5015000	2
5007000	5015000	4
5008000	5015000	1
5010000	5015000	3
5011000	5015000	19
5012000	5015000	6
5013000	5015000	35
5014000	5015000	39
5015000	5015000	16
4985000	5016000	6
4986000	5016000	3
4987000	5016000	16
4988000	5016000	4
4989000	5016000	20
4990000	5016000	8
4993000	5016000	3
4994000	5016000	8
4995000	5016000	7
4996000	5016000	7
4997000	5016000	3
4998000	5016000	5
4999000	5016000	12
5000000	5016000	6
5001000	5016000	6
5002000	5016000	31
5003000	5016000	9
5004000	5016000	3
5005000	5016000	7
5006000	5016000	5
5007000	5016000	11
5008000	5016000	11
5009000	5016000	11
5010000	5016000	8
5011000	5016000	45
5012000	5016000	26
5013000	5016000	71
5014000	5016000	73
5015000	5016000	52
5016000	5016000	98
4985000	5017000	1
4986000	5017000	5
4987000	5017000	17
4988000	5017000	3
4989000	5017000	25
4990000	5017000	2
4991000	5017000	1
4992000	5017000	6
4993000	5017000	2
4994000	5017000	16
4995000	5017000	5
4996000	5017000	18
4997000	5017000	1
4998000	5017000	5
4999000	5017000	15
5000000	5017000	4
5001000	5017000	5
5002000	5017000	40
5003000	5017000	3
5004000	5017000	10
5005000	5017000	7
5006000	5017000	2
5007000	5017000	7
5008000	5017000	4
5009000	5017000	6
5010000	5017000	6
5011000	5017000	35
5012000	5017000	19
5013000	5017000	46
5014000	5017000	34
5015000	5017000	17
5016000	5017000	118
5017000	5017000	125
4985000	5018000	3
4986000	5018000	3
4987000	5018000	23
4988000	5018000	6
4989000	5018000	21
4990000	5018000	3
4991000	5018000	1
4992000	5018000	1
4994000	5018000	11
4995000	5018000	4
4996000	5018000	9
4997000	5018000	2
4998000	5018000	1
4999000	5018000	4
5000000	5018000	5
5001000	5018000	1
5002000	5018000	24
5003000	5018000	4
5004000	5018000	5
5005000	5018000	10
5006000	5018000	2
5007000	5018000	8
5008000	5018000	3
5009000	5018000	8
5010000	5018000	7
5011000	5018000	21
5012000	5018000	17
5013000	5018000	21
5014000	5018000	20
5015000	5018000	6
5016000	5018000	40
5017000	5018000	150
5018000	5018000	108
4985000	5019000	4
4986000	5019000	2
4987000	5019000	17
4988000	5019000	6
4989000	5019000	17
4990000	5019000	2
4991000	5019000	2
4992000	5019000	2
4993000	5019000	1
4994000	5019000	10
4995000	5019000	8
4996000	5019000	6
4997000	5019000	5
4998000	5019000	2
4999000	5019000	12
5000000	5019000	6
5001000	5019000	6
5002000	5019000	24
5003000	5019000	7
5004000	5019000	1
5005000	5019000	6
5006000	5019000	2
5007000	5019000	4
5008000	5019000	9
5009000	5019000	7
5010000	5019000	6
5011000	5019000	29
5012000	5019000	16
5013000	5019000	19
5014000	5019000	16
5015000	5019000	7
5016000	5019000	32
5017000	5019000	82
5018000	5019000	131
5019000	5019000	100
4985000	5020000	2
4986000	5020000	2
4987000	5020000	7
4989000	5020000	5
4990000	5020000	1
4994000	5020000	1
4995000	5020000	1
4996000	5020000	1
4997000	5020000	2
4998000	5020000	1
4999000	5020000	3
5000000	5020000	1
5001000	5020000	1
5002000	5020000	5
5004000	5020000	3
5005000	5020000	4
5006000	5020000	1
5007000	5020000	2
5008000	5020000	3
5009000	5020000	2
5011000	5020000	4
5012000	5020000	1
5014000	5020000	7
5016000	5020000	7
5017000	5020000	25
5018000	5020000	25
5019000	5020000	59
5020000	5020000	45
4985000	5021000	2
4986000	5021000	2
4987000	5021000	1
4988000	5021000	2
4989000	5021000	7
4990000	5021000	2
4995000	5021000	4
4996000	5021000	2
4997000	5021000	1
4998000	5021000	4
4999000	5021000	2
5000000	5021000	1
5001000	5021000	1
5002000	5021000	6
5004000	5021000	1
5005000	5021000	3
5007000	5021000	3
5008000	5021000	1
5011000	5021000	5
5012000	5021000	1
5013000	5021000	6
5015000	5021000	1
5016000	5021000	8
5017000	5021000	16
5018000	5021000	19
5019000	5021000	34
5020000	5021000	32
5021000	5021000	27
4985000	5022000	1
4986000	5022000	3
4987000	5022000	6
4988000	5022000	1
4989000	5022000	2
4992000	5022000	1
4994000	5022000	3
4995000	5022000	3
4997000	5022000	1
4998000	5022000	1
4999000	5022000	1
5002000	5022000	3
5007000	5022000	2
5008000	5022000	1
5009000	5022000	1
5010000	5022000	1
5011000	5022000	3
5012000	5022000	2
5013000	5022000	5
5014000	5022000	3
5016000	5022000	3
5017000	5022000	12
5018000	5022000	16
5019000	5022000	29
5020000	5022000	14
5021000	5022000	49
5022000	5022000	46
4987000	5023000	8
4988000	5023000	5
4989000	5023000	6
4992000	5023000	1
4993000	5023000	5
4994000	5023000	5
4995000	5023000	6
4996000	5023000	6
4997000	5023000	1
5000000	5023000	5
5001000	5023000	1
5002000	5023000	12
5005000	5023000	1
5007000	5023000	4
5008000	5023000	1
5009000	5023000	2
5010000	5023000	2
5011000	5023000	6
5012000	5023000	4
5013000	5023000	6
5014000	5023000	4
5016000	5023000	6
5017000	5023000	12
5018000	5023000	18
5019000	5023000	31
5020000	5023000	15
5021000	5023000	33
5022000	5023000	59
5023000	5023000	78
4985000	5024000	4
4987000	5024000	4
4988000	5024000	1
4989000	5024000	5
4994000	5024000	3
4996000	5024000	1
4998000	5024000	1
4999000	5024000	1
5001000	5024000	1
5002000	5024000	3
5003000	5024000	2
5004000	5024000	1
5005000	5024000	1
5006000	5024000	1
5007000	5024000	1
5011000	5024000	1
5012000	5024000	2
5013000	5024000	8
5016000	5024000	4
5017000	5024000	7
5018000	5024000	8
5019000	5024000	19
5020000	5024000	4
5021000	5024000	5
5022000	5024000	9
5023000	5024000	53
5024000	5024000	63
4986000	5025000	1
4987000	5025000	7
4989000	5025000	5
4994000	5025000	1
4996000	5025000	5
4999000	5025000	3
5000000	5025000	3
5002000	5025000	3
5003000	5025000	1
5006000	5025000	1
5007000	5025000	2
5011000	5025000	2
5012000	5025000	1
5013000	5025000	5
5014000	5025000	1
5015000	5025000	1
5016000	5025000	4
5017000	5025000	6
5018000	5025000	5
5019000	5025000	14
5020000	5025000	5
5021000	5025000	5
5022000	5025000	9
5023000	5025000	32
5024000	5025000	53
5025000	5025000	41
4986000	5026000	1
4987000	5026000	4
4988000	5026000	3
4989000	5026000	5
4993000	5026000	1
4995000	5026000	4
4996000	5026000	7
4997000	5026000	1
4999000	5026000	2
5000000	5026000	1
5001000	5026000	2
5002000	5026000	8
5003000	5026000	1
5004000	5026000	2
5005000	5026000	3
5007000	5026000	1
5008000	5026000	3
5011000	5026000	6
5014000	5026000	1
5016000	5026000	4
5017000	5026000	3
5018000	5026000	5
5019000	5026000	8
5020000	5026000	3
5021000	5026000	9
5022000	5026000	7
5023000	5026000	18
5024000	5026000	18
5025000	5026000	45
5026000	5026000	19
4987000	5027000	2
4988000	5027000	1
4989000	5027000	3
5002000	5027000	2
5004000	5027000	1
5009000	5027000	1
5011000	5027000	1
5012000	5027000	2
5013000	5027000	1
5014000	5027000	1
5015000	5027000	1
5017000	5027000	1
5018000	5027000	1
5019000	5027000	2
5020000	5027000	2
5022000	5027000	1
5023000	5027000	1
5025000	5027000	5
5026000	5027000	9
5027000	5027000	29
4986000	5028000	1
4987000	5028000	2
4991000	5028000	1
4995000	5028000	2
4996000	5028000	1
5002000	5028000	1
5004000	5028000	1
5010000	5028000	1
5011000	5028000	1
5019000	5028000	2
5020000	5028000	1
5022000	5028000	1
5023000	5028000	3
5024000	5028000	1
5025000	5028000	3
5026000	5028000	3
5027000	5028000	33
5028000	5028000	19
4986000	5029000	1
4987000	5029000	1
4989000	5029000	1
4995000	5029000	1
4996000	5029000	1
4999000	5029000	1
5001000	5029000	1
5010000	5029000	1
5013000	5029000	1
5015000	5029000	1
5016000	5029000	1
5017000	5029000	2
5018000	5029000	2
5019000	5029000	3
5021000	5029000	1
5023000	5029000	6
5024000	5029000	2
5025000	5029000	1
5026000	5029000	3
5027000	5029000	5
5028000	5029000	22
5029000	5029000	27
4992000	5030000	1
4994000	5030000	3
4999000	5030000	3
5001000	5030000	1
5002000	5030000	1
5007000	5030000	1
5011000	5030000	1
5016000	5030000	2
5019000	5030000	3
5023000	5030000	1
5024000	5030000	3
5026000	5030000	1
5027000	5030000	3
5028000	5030000	3
5029000	5030000	23
5030000	5030000	18
4987000	5031000	2
4991000	5031000	1
4992000	5031000	1
4994000	5031000	2
4995000	5031000	2
4997000	5031000	2
5002000	5031000	1
5008000	5031000	1
5013000	5031000	3
5017000	5031000	1
5018000	5031000	3
5019000	5031000	1
5021000	5031000	1
5022000	5031000	1
5023000	5031000	2
5024000	5031000	4
5025000	5031000	1
5026000	5031000	4
5027000	5031000	2
5028000	5031000	7
5029000	5031000	5
5030000	5031000	9
5031000	5031000	34
4987000	5032000	2
4988000	5032000	2
4989000	5032000	1
4990000	5032000	1
4995000	5032000	1
4996000	5032000	2
4999000	5032000	4
5002000	5032000	2
5011000	5032000	3
5013000	5032000	1
5016000	5032000	2
5018000	5032000	1
5019000	5032000	1
5020000	5032000	2
5022000	5032000	2
5024000	5032000	1
5025000	5032000	1
5027000	5032000	1
5028000	5032000	2
5029000	5032000	1
5030000	5032000	6
5031000	5032000	33
5032000	5032000	37
4987000	5033000	3
4989000	5033000	2
4995000	5033000	1
4996000	5033000	2
4999000	5033000	1
5005000	5033000	1
5009000	5033000	2
5014000	5033000	2
5017000	5033000	2
5019000	5033000	2
5022000	5033000	1
5023000	5033000	1
5027000	5033000	1
5029000	5033000	3
5030000	5033000	2
5031000	5033000	6
5032000	5033000	34
5033000	5033000	23
4985000	5034000	2
4986000	5034000	2
4987000	5034000	1
4994000	5034000	1
5004000	5034000	2
5013000	5034000	2
5015000	5034000	1
5016000	5034000	1
5017000	5034000	4
5019000	5034000	1
5025000	5034000	1
5027000	5034000	3
5029000	5034000	2
5030000	5034000	3
5031000	5034000	5
5032000	5034000	13
5033000	5034000	11
5034000	5034000	8
4986000	5035000	1
4987000	5035000	1
4989000	5035000	1
4990000	5035000	2
4995000	5035000	1
5005000	5035000	1
5013000	5035000	2
5016000	5035000	1
5018000	5035000	1
5025000	5035000	2
5026000	5035000	1
5027000	5035000	1
5028000	5035000	1
5029000	5035000	1
5031000	5035000	1
5032000	5035000	9
5033000	5035000	8
5034000	5035000	21
5035000	5035000	44
4985000	5036000	2
4987000	5036000	1
4988000	5036000	1
4991000	5036000	1
4999000	5036000	1
5002000	5036000	1
5012000	5036000	1
5013000	5036000	3
5017000	5036000	3
5018000	5036000	2
5019000	5036000	4
5021000	5036000	2
5024000	5036000	1
5025000	5036000	1
5026000	5036000	2
5028000	5036000	1
5031000	5036000	2
5032000	5036000	10
5033000	5036000	5
5034000	5036000	8
5035000	5036000	31
5036000	5036000	45
4987000	5037000	4
4988000	5037000	1
4989000	5037000	3
4990000	5037000	1
4991000	5037000	1
4995000	5037000	1
4996000	5037000	1
4998000	5037000	1
4999000	5037000	2
5002000	5037000	3
5004000	5037000	1
5011000	5037000	1
5012000	5037000	1
5013000	5037000	1
5016000	5037000	2
5019000	5037000	2
5021000	5037000	1
5022000	5037000	1
5023000	5037000	2
5024000	5037000	1
5025000	5037000	1
5026000	5037000	3
5027000	5037000	1
5028000	5037000	2
5029000	5037000	2
5030000	5037000	2
5031000	5037000	9
5033000	5037000	6
5034000	5037000	3
5035000	5037000	16
5036000	5037000	54
5037000	5037000	102
4985000	5038000	1
4986000	5038000	1
4987000	5038000	1
4989000	5038000	3
4993000	5038000	1
4994000	5038000	1
4995000	5038000	1
4997000	5038000	1
4999000	5038000	1
5001000	5038000	2
5002000	5038000	6
5003000	5038000	1
5005000	5038000	2
5006000	5038000	2
5010000	5038000	1
5011000	5038000	1
5013000	5038000	3
5016000	5038000	2
5017000	5038000	3
5018000	5038000	4
5019000	5038000	1
5021000	5038000	1
5024000	5038000	1
5025000	5038000	1
5026000	5038000	2
5027000	5038000	3
5028000	5038000	3
5029000	5038000	3
5030000	5038000	4
5031000	5038000	2
5032000	5038000	6
5033000	5038000	5
5034000	5038000	9
5035000	5038000	15
5036000	5038000	25
5037000	5038000	104
5038000	5038000	75
4987000	5039000	2
4988000	5039000	1
4989000	5039000	2
4991000	5039000	1
4992000	5039000	2
4996000	5039000	2
4999000	5039000	2
5002000	5039000	2
5006000	5039000	3
5007000	5039000	3
5008000	5039000	1
5011000	5039000	1
5013000	5039000	1
5014000	5039000	1
5016000	5039000	1
5017000	5039000	4
5018000	5039000	1
5019000	5039000	3
5021000	5039000	2
5024000	5039000	1
5026000	5039000	1
5028000	5039000	3
5029000	5039000	2
5030000	5039000	1
5031000	5039000	2
5032000	5039000	4
5033000	5039000	3
5034000	5039000	1
5035000	5039000	7
5036000	5039000	8
5037000	5039000	17
5038000	5039000	75
5039000	5039000	39
4988000	5040000	1
4992000	5040000	1
4999000	5040000	2
5002000	5040000	2
5019000	5040000	2
5025000	5040000	1
5026000	5040000	1
5028000	5040000	1
5029000	5040000	3
5031000	5040000	2
5033000	5040000	1
5034000	5040000	2
5035000	5040000	2
5036000	5040000	8
5037000	5040000	8
5038000	5040000	28
5039000	5040000	38
5040000	5040000	19
4985000	5041000	2
4987000	5041000	2
4988000	5041000	1
4994000	5041000	3
4995000	5041000	1
4996000	5041000	1
4998000	5041000	1
5001000	5041000	1
5005000	5041000	2
5012000	5041000	1
5015000	5041000	1
5016000	5041000	1
5017000	5041000	1
5019000	5041000	1
5020000	5041000	1
5021000	5041000	1
5024000	5041000	1
5028000	5041000	2
5032000	5041000	1
5033000	5041000	1
5034000	5041000	1
5035000	5041000	4
5036000	5041000	5
5037000	5041000	5
5038000	5041000	15
5039000	5041000	15
5040000	5041000	17
5041000	5041000	29
4986000	5042000	2
4987000	5042000	1
4988000	5042000	1
4995000	5042000	1
4996000	5042000	1
5017000	5042000	2
5019000	5042000	2
5023000	5042000	2
5030000	5042000	2
5032000	5042000	1
5034000	5042000	1
5035000	5042000	1
5036000	5042000	3
5037000	5042000	2
5038000	5042000	9
5039000	5042000	11
5040000	5042000	5
5041000	5042000	30
5042000	5042000	34
4989000	5043000	1
5002000	5043000	1
5026000	5043000	1
5028000	5043000	1
5032000	5043000	2
5033000	5043000	1
5035000	5043000	1
5036000	5043000	1
5037000	5043000	5
5038000	5043000	4
5039000	5043000	4
5040000	5043000	1
5041000	5043000	7
5042000	5043000	24
5043000	5043000	26
4994000	5044000	2
5005000	5044000	1
5010000	5044000	1
5016000	5044000	1
5031000	5044000	1
5032000	5044000	1
5034000	5044000	2
5036000	5044000	2
5038000	5044000	4
5039000	5044000	4
5040000	5044000	7
5041000	5044000	8
5042000	5044000	9
5043000	5044000	15
5044000	5044000	40
4987000	5045000	1
4994000	5045000	1
4997000	5045000	2
5005000	5045000	2
5011000	5045000	1
5014000	5045000	1
5017000	5045000	1
5031000	5045000	1
5032000	5045000	2
5033000	5045000	1
5036000	5045000	2
5037000	5045000	2
5038000	5045000	12
5039000	5045000	3
5041000	5045000	4
5042000	5045000	5
5043000	5045000	4
5044000	5045000	17
5045000	5045000	44
4987000	5046000	2
5002000	5046000	1
5005000	5046000	1
5006000	5046000	1
5012000	5046000	1
5017000	5046000	1
5020000	5046000	1
5028000	5046000	1
5029000	5046000	1
5038000	5046000	2
5039000	5046000	5
5040000	5046000	4
5041000	5046000	1
5042000	5046000	4
5043000	5046000	3
5044000	5046000	9
5045000	5046000	42
5046000	5046000	35
4990000	5047000	1
4994000	5047000	1
5013000	5047000	1
5014000	5047000	1
5018000	5047000	1
5021000	5047000	1
5022000	5047000	1
5024000	5047000	1
5032000	5047000	1
5035000	5047000	1
5036000	5047000	1
5037000	5047000	2
5038000	5047000	6
5039000	5047000	1
5042000	5047000	3
5043000	5047000	6
5044000	5047000	7
5045000	5047000	4
5046000	5047000	19
5047000	5047000	29
4996000	5048000	1
4999000	5048000	1
5011000	5048000	2
5013000	5048000	1
5015000	5048000	2
5017000	5048000	2
5018000	5048000	2
5025000	5048000	1
5026000	5048000	1
5032000	5048000	1
5037000	5048000	2
5038000	5048000	3
5040000	5048000	1
5041000	5048000	2
5042000	5048000	3
5043000	5048000	1
5044000	5048000	1
5045000	5048000	8
5046000	5048000	11
5047000	5048000	15
5048000	5048000	20
4987000	5049000	3
4988000	5049000	1
4989000	5049000	1
5002000	5049000	1
5019000	5049000	1
5029000	5049000	1
5030000	5049000	1
5034000	5049000	1
5037000	5049000	4
5038000	5049000	4
5040000	5049000	1
5041000	5049000	1
5042000	5049000	1
5044000	5049000	3
5045000	5049000	2
5046000	5049000	4
5047000	5049000	4
5048000	5049000	10
5049000	5049000	26
4987000	5050000	1
4989000	5050000	1
5002000	5050000	1
5028000	5050000	1
5036000	5050000	1
5037000	5050000	1
5038000	5050000	2
5039000	5050000	3
5042000	5050000	1
5043000	5050000	1
5045000	5050000	4
5047000	5050000	6
5048000	5050000	5
5049000	5050000	24
5050000	5050000	23
4991000	5051000	1
4995000	5051000	1
5002000	5051000	1
5014000	5051000	1
5015000	5051000	1
5017000	5051000	2
5029000	5051000	1
5032000	5051000	1
5035000	5051000	1
5036000	5051000	1
5038000	5051000	1
5040000	5051000	1
5042000	5051000	1
5044000	5051000	3
5045000	5051000	2
5046000	5051000	1
5047000	5051000	4
5048000	5051000	3
5049000	5051000	8
5050000	5051000	28
5051000	5051000	39
4985000	5052000	1
4989000	5052000	2
4996000	5052000	1
4999000	5052000	1
5010000	5052000	1
5018000	5052000	2
5021000	5052000	1
5024000	5052000	1
5031000	5052000	1
5035000	5052000	1
5036000	5052000	1
5037000	5052000	3
5038000	5052000	2
5039000	5052000	1
5040000	5052000	1
5041000	5052000	1
5042000	5052000	4
5044000	5052000	2
5045000	5052000	1
5046000	5052000	1
5047000	5052000	4
5048000	5052000	6
5049000	5052000	8
5050000	5052000	4
5051000	5052000	33
5052000	5052000	52
4986000	5053000	1
4987000	5053000	1
4989000	5053000	1
4992000	5053000	1
4996000	5053000	1
5000000	5053000	1
5002000	5053000	3
5006000	5053000	1
5010000	5053000	2
5011000	5053000	1
5012000	5053000	1
5013000	5053000	1
5020000	5053000	1
5026000	5053000	3
5028000	5053000	1
5029000	5053000	2
5032000	5053000	1
5033000	5053000	1
5034000	5053000	1
5036000	5053000	1
5037000	5053000	2
5038000	5053000	9
5039000	5053000	1
5040000	5053000	1
5042000	5053000	1
5043000	5053000	2
5044000	5053000	2
5045000	5053000	1
5047000	5053000	1
5048000	5053000	1
5049000	5053000	2
5050000	5053000	6
5051000	5053000	16
5052000	5053000	57
5053000	5053000	67
4985000	5054000	2
4986000	5054000	1
4987000	5054000	2
4989000	5054000	2
4994000	5054000	2
5002000	5054000	2
5005000	5054000	1
5007000	5054000	2
5012000	5054000	1
5014000	5054000	1
5015000	5054000	1
5019000	5054000	2
5023000	5054000	1
5026000	5054000	1
5027000	5054000	2
5030000	5054000	1
5031000	5054000	2
5032000	5054000	1
5033000	5054000	1
5036000	5054000	2
5037000	5054000	1
5038000	5054000	3
5039000	5054000	5
5040000	5054000	1
5041000	5054000	1
5042000	5054000	2
5045000	5054000	4
5046000	5054000	1
5047000	5054000	1
5048000	5054000	1
5049000	5054000	3
5050000	5054000	9
5051000	5054000	7
5052000	5054000	13
5053000	5054000	22
5054000	5054000	25
4987000	5055000	3
4989000	5055000	1
4996000	5055000	1
4998000	5055000	1
5000000	5055000	1
5002000	5055000	1
5005000	5055000	3
5007000	5055000	1
5011000	5055000	2
5017000	5055000	2
5018000	5055000	1
5019000	5055000	2
5021000	5055000	1
5031000	5055000	1
5037000	5055000	2
5038000	5055000	5
5039000	5055000	4
5041000	5055000	3
5042000	5055000	1
5043000	5055000	1
5044000	5055000	2
5046000	5055000	3
5049000	5055000	4
5050000	5055000	1
5051000	5055000	5
5052000	5055000	7
5053000	5055000	24
5054000	5055000	17
5055000	5055000	27
4987000	5056000	2
4989000	5056000	2
5000000	5056000	1
5002000	5056000	4
5007000	5056000	1
5012000	5056000	2
5013000	5056000	1
5018000	5056000	1
5020000	5056000	2
5021000	5056000	1
5023000	5056000	1
5025000	5056000	2
5035000	5056000	2
5036000	5056000	2
5037000	5056000	2
5038000	5056000	1
5039000	5056000	1
5042000	5056000	3
5046000	5056000	1
5047000	5056000	1
5048000	5056000	1
5049000	5056000	1
5050000	5056000	1
5052000	5056000	5
5053000	5056000	7
5054000	5056000	6
5055000	5056000	58
5056000	5056000	37
4985000	5057000	4
4986000	5057000	3
4987000	5057000	5
4988000	5057000	3
4989000	5057000	3
4991000	5057000	1
4992000	5057000	1
4994000	5057000	4
4996000	5057000	1
4998000	5057000	1
4999000	5057000	2
5000000	5057000	2
5002000	5057000	2
5004000	5057000	2
5005000	5057000	1
5009000	5057000	2
5011000	5057000	3
5012000	5057000	1
5013000	5057000	3
5016000	5057000	1
5017000	5057000	2
5018000	5057000	4
5019000	5057000	4
5020000	5057000	3
5024000	5057000	2
5025000	5057000	1
5026000	5057000	2
5027000	5057000	3
5028000	5057000	1
5029000	5057000	1
5032000	5057000	1
5033000	5057000	2
5034000	5057000	3
5035000	5057000	1
5036000	5057000	1
5037000	5057000	2
5038000	5057000	4
5039000	5057000	6
5041000	5057000	5
5044000	5057000	1
5046000	5057000	3
5047000	5057000	1
5048000	5057000	2
5051000	5057000	5
5052000	5057000	3
5053000	5057000	11
5054000	5057000	6
5055000	5057000	26
5056000	5057000	44
5057000	5057000	74
4987000	5058000	3
4988000	5058000	2
4989000	5058000	3
4994000	5058000	1
4995000	5058000	3
4996000	5058000	2
4999000	5058000	2
5002000	5058000	1
5006000	5058000	1
5007000	5058000	3
5013000	5058000	1
5016000	5058000	2
5017000	5058000	2
5018000	5058000	1
5019000	5058000	2
5021000	5058000	1
5022000	5058000	1
5025000	5058000	3
5026000	5058000	2
5027000	5058000	1
5030000	5058000	1
5031000	5058000	1
5036000	5058000	1
5037000	5058000	2
5038000	5058000	3
5039000	5058000	1
5041000	5058000	1
5047000	5058000	1
5048000	5058000	2
5053000	5058000	6
5054000	5058000	3
5055000	5058000	8
5056000	5058000	10
5057000	5058000	66
5058000	5058000	62
4986000	5059000	2
4987000	5059000	5
4988000	5059000	2
4989000	5059000	1
4994000	5059000	2
4995000	5059000	1
4996000	5059000	2
5002000	5059000	2
5008000	5059000	1
5012000	5059000	1
5013000	5059000	1
5014000	5059000	1
5017000	5059000	1
5018000	5059000	1
5020000	5059000	1
5024000	5059000	1
5026000	5059000	2
5032000	5059000	1
5033000	5059000	1
5036000	5059000	1
5037000	5059000	3
5038000	5059000	1
5039000	5059000	1
5049000	5059000	1
5051000	5059000	1
5055000	5059000	6
5056000	5059000	6
5057000	5059000	15
5058000	5059000	59
5059000	5059000	36
4985000	5060000	2
4988000	5060000	1
5004000	5060000	1
5011000	5060000	1
5017000	5060000	1
5019000	5060000	1
5033000	5060000	1
5040000	5060000	1
5042000	5060000	1
5048000	5060000	2
5049000	5060000	1
5051000	5060000	2
5053000	5060000	1
5054000	5060000	3
5055000	5060000	4
5056000	5060000	3
5057000	5060000	7
5058000	5060000	20
5059000	5060000	60
5060000	5060000	59
4989000	5061000	2
4996000	5061000	1
5010000	5061000	1
5045000	5061000	2
5053000	5061000	1
5055000	5061000	2
5057000	5061000	3
5058000	5061000	11
5059000	5061000	3
5060000	5061000	20
5061000	5061000	21
4985000	5062000	1
4996000	5062000	1
5007000	5062000	1
5031000	5062000	1
5036000	5062000	1
5048000	5062000	2
5055000	5062000	3
5057000	5062000	3
5058000	5062000	4
5059000	5062000	3
5060000	5062000	11
5061000	5062000	12
5062000	5062000	15
4999000	5063000	1
5008000	5063000	1
5030000	5063000	1
5033000	5063000	1
5037000	5063000	1
5044000	5063000	1
5057000	5063000	3
5058000	5063000	3
5059000	5063000	4
5060000	5063000	7
5061000	5063000	3
5062000	5063000	10
5063000	5063000	23
4994000	5064000	2
4999000	5064000	1
5001000	5064000	1
5016000	5064000	2
5017000	5064000	1
5038000	5064000	1
5040000	5064000	1
5048000	5064000	2
5056000	5064000	5
5057000	5064000	2
5058000	5064000	3
5059000	5064000	3
5060000	5064000	6
5061000	5064000	6
5062000	5064000	5
5063000	5064000	18
5064000	5064000	36
4987000	5065000	1
5016000	5065000	1
5030000	5065000	1
5032000	5065000	2
5038000	5065000	1
5042000	5065000	1
5043000	5065000	1
5053000	5065000	1
5058000	5065000	6
5060000	5065000	1
5061000	5065000	1
5062000	5065000	2
5063000	5065000	7
5064000	5065000	11
5065000	5065000	25
4987000	5066000	1
4989000	5066000	1
5005000	5066000	1
5012000	5066000	1
5016000	5066000	1
5017000	5066000	1
5028000	5066000	2
5031000	5066000	1
5046000	5066000	1
5048000	5066000	1
5051000	5066000	1
5055000	5066000	1
5056000	5066000	1
5058000	5066000	4
5059000	5066000	2
5061000	5066000	2
5063000	5066000	7
5064000	5066000	11
5065000	5066000	17
5066000	5066000	51
5002000	5067000	1
5005000	5067000	1
5057000	5067000	1
5058000	5067000	1
5060000	5067000	3
5062000	5067000	2
5063000	5067000	2
5064000	5067000	3
5065000	5067000	6
5066000	5067000	33
5067000	5067000	24
4998000	5068000	1
5000000	5068000	1
5011000	5068000	1
5036000	5068000	1
5048000	5068000	1
5051000	5068000	2
5053000	5068000	3
5056000	5068000	1
5057000	5068000	2
5060000	5068000	4
5064000	5068000	8
5065000	5068000	2
5066000	5068000	6
5067000	5068000	15
5068000	5068000	32
4993000	5069000	3
4996000	5069000	1
5000000	5069000	1
5002000	5069000	1
5019000	5069000	1
5038000	5069000	3
5059000	5069000	1
5060000	5069000	1
5061000	5069000	1
5062000	5069000	1
5063000	5069000	1
5064000	5069000	2
5066000	5069000	3
5067000	5069000	7
5068000	5069000	37
5069000	5069000	36
4989000	5070000	1
4995000	5070000	1
4998000	5070000	1
5004000	5070000	1
5006000	5070000	1
5010000	5070000	2
5046000	5070000	1
5050000	5070000	1
5056000	5070000	1
5059000	5070000	1
5060000	5070000	1
5064000	5070000	3
5066000	5070000	3
5067000	5070000	6
5068000	5070000	13
5069000	5070000	22
5070000	5070000	23
4999000	5071000	1
5029000	5071000	1
5040000	5071000	1
5042000	5071000	1
5058000	5071000	1
5059000	5071000	1
5060000	5071000	1
5061000	5071000	2
5064000	5071000	1
5066000	5071000	3
5067000	5071000	1
5068000	5071000	5
5069000	5071000	10
5070000	5071000	18
5071000	5071000	19
4987000	5072000	1
4989000	5072000	2
4992000	5072000	1
5007000	5072000	1
5011000	5072000	1
5021000	5072000	1
5024000	5072000	1
5025000	5072000	1
5032000	5072000	2
5035000	5072000	1
5036000	5072000	1
5039000	5072000	1
5048000	5072000	2
5051000	5072000	1
5052000	5072000	1
5053000	5072000	1
5056000	5072000	1
5059000	5072000	1
5060000	5072000	1
5064000	5072000	1
5065000	5072000	2
5066000	5072000	2
5068000	5072000	6
5069000	5072000	9
5070000	5072000	8
5071000	5072000	26
5072000	5072000	53
4987000	5073000	2
4992000	5073000	1
4994000	5073000	2
4995000	5073000	1
5002000	5073000	1
5015000	5073000	1
5016000	5073000	1
5018000	5073000	1
5025000	5073000	1
5038000	5073000	2
5039000	5073000	1
5049000	5073000	1
5054000	5073000	1
5055000	5073000	1
5056000	5073000	1
5057000	5073000	2
5058000	5073000	4
5059000	5073000	1
5060000	5073000	2
5061000	5073000	2
5062000	5073000	1
5063000	5073000	1
5064000	5073000	1
5065000	5073000	1
5066000	5073000	2
5067000	5073000	2
5068000	5073000	7
5069000	5073000	4
5070000	5073000	11
5071000	5073000	10
5072000	5073000	51
5073000	5073000	53
5000000	5074000	1
5004000	5074000	1
5014000	5074000	1
5018000	5074000	1
5019000	5074000	3
5031000	5074000	1
5034000	5074000	1
5038000	5074000	1
5044000	5074000	1
5045000	5074000	1
5056000	5074000	1
5057000	5074000	3
5058000	5074000	3
5061000	5074000	1
5064000	5074000	1
5065000	5074000	2
5066000	5074000	2
5067000	5074000	1
5068000	5074000	4
5069000	5074000	2
5070000	5074000	7
5071000	5074000	6
5072000	5074000	26
5073000	5074000	46
5074000	5074000	33
4989000	5075000	1
5013000	5075000	1
5051000	5075000	1
5053000	5075000	2
5058000	5075000	1
5061000	5075000	1
5069000	5075000	4
5070000	5075000	3
5072000	5075000	7
5073000	5075000	9
5074000	5075000	32
5075000	5075000	13
4999000	5076000	1
5002000	5076000	2
5013000	5076000	1
5017000	5076000	1
5024000	5076000	1
5035000	5076000	1
5038000	5076000	1
5047000	5076000	1
5048000	5076000	2
5053000	5076000	1
5055000	5076000	1
5059000	5076000	1
5061000	5076000	2
5062000	5076000	2
5065000	5076000	1
5068000	5076000	3
5072000	5076000	1
5073000	5076000	11
5074000	5076000	16
5075000	5076000	10
5076000	5076000	16
4985000	5077000	1
4989000	5077000	1
5013000	5077000	1
5017000	5077000	2
5019000	5077000	1
5058000	5077000	1
5059000	5077000	1
5064000	5077000	3
5065000	5077000	1
5066000	5077000	2
5068000	5077000	1
5069000	5077000	2
5070000	5077000	3
5071000	5077000	2
5072000	5077000	3
5073000	5077000	5
5074000	5077000	10
5075000	5077000	3
5076000	5077000	18
5077000	5077000	16
4985000	5078000	1
4999000	5078000	1
5026000	5078000	1
5028000	5078000	1
5051000	5078000	1
5057000	5078000	2
5058000	5078000	1
5059000	5078000	1
5061000	5078000	1
5062000	5078000	1
5064000	5078000	1
5066000	5078000	1
5068000	5078000	4
5069000	5078000	2
5070000	5078000	3
5071000	5078000	1
5072000	5078000	3
5073000	5078000	5
5074000	5078000	6
5075000	5078000	5
5076000	5078000	10
5077000	5078000	27
5078000	5078000	45
4987000	5079000	1
4988000	5079000	1
4994000	5079000	2
4996000	5079000	1
4997000	5079000	1
5009000	5079000	1
5011000	5079000	1
5013000	5079000	3
5015000	5079000	2
5016000	5079000	2
5018000	5079000	1
5020000	5079000	1
5022000	5079000	1
5023000	5079000	1
5024000	5079000	1
5028000	5079000	1
5037000	5079000	2
5039000	5079000	1
5042000	5079000	1
5046000	5079000	1
5052000	5079000	1
5055000	5079000	1
5057000	5079000	2
5058000	5079000	1
5059000	5079000	3
5060000	5079000	5
5061000	5079000	1
5062000	5079000	1
5064000	5079000	1
5066000	5079000	2
5067000	5079000	3
5068000	5079000	1
5069000	5079000	1
5071000	5079000	2
5072000	5079000	1
5073000	5079000	5
5074000	5079000	9
5075000	5079000	4
5076000	5079000	10
5077000	5079000	20
5078000	5079000	51
5079000	5079000	65
4985000	5080000	1
4987000	5080000	1
4989000	5080000	5
4990000	5080000	1
4992000	5080000	1
4993000	5080000	1
4994000	5080000	2
4995000	5080000	4
4996000	5080000	1
4998000	5080000	1
4999000	5080000	1
5000000	5080000	1
5002000	5080000	4
5005000	5080000	1
5007000	5080000	1
5008000	5080000	1
5011000	5080000	1
5013000	5080000	3
5014000	5080000	2
5016000	5080000	3
5017000	5080000	1
5028000	5080000	1
5029000	5080000	1
5030000	5080000	2
5036000	5080000	1
5037000	5080000	1
5038000	5080000	1
5039000	5080000	1
5046000	5080000	1
5051000	5080000	1
5055000	5080000	2
5057000	5080000	1
5058000	5080000	2
5059000	5080000	4
5060000	5080000	1
5064000	5080000	1
5065000	5080000	1
5066000	5080000	4
5068000	5080000	3
5069000	5080000	2
5070000	5080000	4
5071000	5080000	3
5072000	5080000	4
5073000	5080000	9
5074000	5080000	11
5075000	5080000	2
5076000	5080000	6
5077000	5080000	13
5078000	5080000	16
5079000	5080000	66
5080000	5080000	90
4985000	5081000	1
4987000	5081000	3
4988000	5081000	1
4989000	5081000	2
4990000	5081000	2
4992000	5081000	2
4993000	5081000	1
4994000	5081000	3
4996000	5081000	5
4997000	5081000	2
5000000	5081000	1
5002000	5081000	4
5003000	5081000	2
5009000	5081000	3
5010000	5081000	1
5011000	5081000	1
5013000	5081000	2
5014000	5081000	1
5017000	5081000	6
5018000	5081000	6
5019000	5081000	3
5020000	5081000	2
5023000	5081000	2
5026000	5081000	2
5029000	5081000	1
5033000	5081000	1
5035000	5081000	1
5039000	5081000	1
5040000	5081000	1
5054000	5081000	2
5055000	5081000	2
5056000	5081000	3
5057000	5081000	4
5058000	5081000	9
5059000	5081000	9
5060000	5081000	4
5061000	5081000	2
5062000	5081000	1
5063000	5081000	3
5064000	5081000	1
5065000	5081000	1
5066000	5081000	3
5067000	5081000	3
5068000	5081000	4
5069000	5081000	1
5071000	5081000	3
5072000	5081000	4
5073000	5081000	10
5074000	5081000	15
5075000	5081000	2
5076000	5081000	7
5077000	5081000	3
5078000	5081000	15
5079000	5081000	46
5080000	5081000	119
5081000	5081000	57
4987000	5082000	2
4989000	5082000	3
4995000	5082000	1
4996000	5082000	2
5002000	5082000	2
5007000	5082000	2
5008000	5082000	1
5009000	5082000	1
5011000	5082000	1
5013000	5082000	4
5016000	5082000	1
5017000	5082000	1
5022000	5082000	2
5023000	5082000	2
5024000	5082000	1
5026000	5082000	3
5036000	5082000	2
5038000	5082000	2
5039000	5082000	4
5043000	5082000	1
5044000	5082000	1
5045000	5082000	1
5050000	5082000	1
5052000	5082000	1
5053000	5082000	1
5055000	5082000	2
5056000	5082000	1
5057000	5082000	5
5058000	5082000	2
5059000	5082000	2
5060000	5082000	1
5062000	5082000	2
5063000	5082000	2
5066000	5082000	1
5068000	5082000	2
5069000	5082000	4
5070000	5082000	1
5071000	5082000	1
5072000	5082000	1
5073000	5082000	8
5074000	5082000	5
5076000	5082000	3
5077000	5082000	4
5078000	5082000	5
5079000	5082000	15
5080000	5082000	27
5081000	5082000	39
5082000	5082000	50
4987000	5083000	1
4998000	5083000	1
4999000	5083000	1
5017000	5083000	2
5019000	5083000	2
5025000	5083000	1
5039000	5083000	1
5041000	5083000	1
5052000	5083000	1
5055000	5083000	1
5058000	5083000	1
5060000	5083000	1
5061000	5083000	1
5065000	5083000	1
5070000	5083000	1
5072000	5083000	2
5074000	5083000	1
5079000	5083000	6
5080000	5083000	4
5081000	5083000	5
5082000	5083000	52
5083000	5083000	29
4985000	5084000	1
4987000	5084000	2
4989000	5084000	2
4993000	5084000	1
5000000	5084000	1
5002000	5084000	1
5004000	5084000	1
5005000	5084000	1
5016000	5084000	2
5019000	5084000	2
5028000	5084000	1
5033000	5084000	1
5037000	5084000	2
5040000	5084000	1
5042000	5084000	1
5049000	5084000	1
5054000	5084000	1
5056000	5084000	2
5057000	5084000	1
5058000	5084000	1
5059000	5084000	1
5060000	5084000	2
5062000	5084000	1
5064000	5084000	1
5065000	5084000	1
5068000	5084000	1
5070000	5084000	1
5072000	5084000	2
5073000	5084000	1
5074000	5084000	3
5077000	5084000	1
5079000	5084000	5
5080000	5084000	6
5081000	5084000	13
5082000	5084000	38
5083000	5084000	49
5084000	5084000	86
4987000	5085000	3
4989000	5085000	1
4997000	5085000	1
5004000	5085000	1
5011000	5085000	1
5012000	5085000	2
5015000	5085000	1
5022000	5085000	2
5023000	5085000	1
5031000	5085000	1
5052000	5085000	1
5053000	5085000	1
5055000	5085000	1
5057000	5085000	3
5059000	5085000	2
5068000	5085000	1
5070000	5085000	1
5075000	5085000	1
5076000	5085000	1
5077000	5085000	1
5080000	5085000	4
5081000	5085000	2
5082000	5085000	7
5083000	5085000	12
5084000	5085000	48
5085000	5085000	36
5002000	5086000	1
5019000	5086000	1
5038000	5086000	2
5057000	5086000	3
5066000	5086000	1
5067000	5086000	1
5075000	5086000	1
5078000	5086000	1
5080000	5086000	1
5081000	5086000	5
5082000	5086000	8
5083000	5086000	9
5084000	5086000	29
5085000	5086000	53
5086000	5086000	46
4989000	5087000	1
4999000	5087000	1
5002000	5087000	1
5012000	5087000	1
5016000	5087000	1
5019000	5087000	2
5049000	5087000	1
5057000	5087000	1
5058000	5087000	3
5059000	5087000	2
5060000	5087000	1
5068000	5087000	1
5072000	5087000	1
5076000	5087000	1
5078000	5087000	1
5079000	5087000	2
5080000	5087000	4
5081000	5087000	3
5082000	5087000	5
5083000	5087000	6
5084000	5087000	24
5085000	5087000	29
5086000	5087000	43
5087000	5087000	54
4985000	5088000	1
4987000	5088000	2
4989000	5088000	1
4990000	5088000	1
4997000	5088000	1
5018000	5088000	1
5022000	5088000	1
5032000	5088000	1
5035000	5088000	1
5048000	5088000	1
5053000	5088000	1
5062000	5088000	1
5079000	5088000	1
5081000	5088000	1
5082000	5088000	4
5084000	5088000	9
5085000	5088000	3
5086000	5088000	11
5087000	5088000	30
5088000	5088000	24
4989000	5089000	2
5009000	5089000	1
5033000	5089000	3
5037000	5089000	1
5038000	5089000	2
5041000	5089000	1
5044000	5089000	1
5052000	5089000	1
5056000	5089000	1
5062000	5089000	1
5074000	5089000	3
5077000	5089000	1
5078000	5089000	1
5079000	5089000	1
5081000	5089000	3
5082000	5089000	4
5083000	5089000	2
5084000	5089000	7
5085000	5089000	8
5086000	5089000	3
5087000	5089000	15
5088000	5089000	28
5089000	5089000	48
4985000	5090000	1
4987000	5090000	1
5013000	5090000	1
5052000	5090000	1
5081000	5090000	5
5082000	5090000	4
5083000	5090000	1
5084000	5090000	6
5085000	5090000	4
5086000	5090000	4
5087000	5090000	9
5088000	5090000	19
5089000	5090000	51
5090000	5090000	47
5011000	5091000	1
5061000	5091000	1
5068000	5091000	1
5079000	5091000	2
5080000	5091000	1
5082000	5091000	1
5083000	5091000	1
5084000	5091000	4
5085000	5091000	1
5087000	5091000	2
5088000	5091000	3
5089000	5091000	9
5090000	5091000	28
5091000	5091000	14
4987000	5092000	2
4988000	5092000	1
5002000	5092000	1
5032000	5092000	1
5037000	5092000	1
5039000	5092000	1
5064000	5092000	1
5074000	5092000	1
5083000	5092000	2
5084000	5092000	2
5085000	5092000	3
5086000	5092000	3
5087000	5092000	3
5088000	5092000	4
5089000	5092000	4
5090000	5092000	15
5091000	5092000	27
5092000	5092000	36
4995000	5093000	1
5018000	5093000	1
5057000	5093000	1
5058000	5093000	1
5064000	5093000	1
5077000	5093000	1
5079000	5093000	1
5082000	5093000	2
5085000	5093000	3
5087000	5093000	1
5088000	5093000	1
5089000	5093000	4
5090000	5093000	4
5091000	5093000	5
5092000	5093000	21
5093000	5093000	9
4987000	5094000	2
4996000	5094000	2
5006000	5094000	2
5033000	5094000	1
5038000	5094000	2
5047000	5094000	1
5052000	5094000	1
5058000	5094000	1
5060000	5094000	1
5064000	5094000	1
5074000	5094000	1
5080000	5094000	2
5081000	5094000	3
5082000	5094000	1
5083000	5094000	1
5084000	5094000	1
5086000	5094000	3
5087000	5094000	1
5088000	5094000	1
5089000	5094000	1
5090000	5094000	7
5091000	5094000	4
5092000	5094000	8
5093000	5094000	20
5094000	5094000	59
4988000	5095000	1
5018000	5095000	1
5039000	5095000	1
5047000	5095000	1
5059000	5095000	1
5072000	5095000	1
5073000	5095000	1
5078000	5095000	1
5081000	5095000	2
5082000	5095000	1
5084000	5095000	2
5086000	5095000	1
5088000	5095000	2
5089000	5095000	1
5092000	5095000	3
5093000	5095000	4
5094000	5095000	11
5095000	5095000	25
5022000	5096000	1
5035000	5096000	1
5037000	5096000	1
5057000	5096000	1
5058000	5096000	1
5079000	5096000	1
5083000	5096000	1
5089000	5096000	4
5090000	5096000	1
5092000	5096000	1
5093000	5096000	1
5094000	5096000	6
5095000	5096000	7
5096000	5096000	19
5007000	5097000	1
5019000	5097000	1
5030000	5097000	1
5045000	5097000	1
5064000	5097000	1
5079000	5097000	1
5081000	5097000	1
5084000	5097000	1
5085000	5097000	1
5086000	5097000	1
5088000	5097000	1
5089000	5097000	2
5091000	5097000	2
5092000	5097000	3
5093000	5097000	2
5094000	5097000	6
5095000	5097000	4
5096000	5097000	17
5097000	5097000	25
5007000	5098000	2
5013000	5098000	1
5021000	5098000	1
5031000	5098000	1
5058000	5098000	1
5060000	5098000	1
5074000	5098000	1
5078000	5098000	1
5079000	5098000	2
5080000	5098000	1
5083000	5098000	1
5084000	5098000	3
5088000	5098000	1
5089000	5098000	1
5090000	5098000	1
5091000	5098000	2
5093000	5098000	2
5094000	5098000	3
5095000	5098000	1
5096000	5098000	4
5097000	5098000	17
5098000	5098000	27
4999000	5099000	1
5009000	5099000	1
5010000	5099000	1
5022000	5099000	1
5023000	5099000	2
5060000	5099000	1
5063000	5099000	2
5064000	5099000	1
5070000	5099000	1
5071000	5099000	1
5074000	5099000	1
5075000	5099000	1
5081000	5099000	1
5082000	5099000	1
5084000	5099000	1
5085000	5099000	3
5087000	5099000	2
5088000	5099000	1
5089000	5099000	1
5090000	5099000	1
5091000	5099000	1
5092000	5099000	2
5094000	5099000	3
5095000	5099000	1
5096000	5099000	1
5097000	5099000	6
5098000	5099000	17
5099000	5099000	22
4999000	5100000	1
5009000	5100000	2
5019000	5100000	1
5060000	5100000	1
5068000	5100000	1
5081000	5100000	1
5089000	5100000	3
5090000	5100000	1
5094000	5100000	2
5095000	5100000	1
5098000	5100000	3
5099000	5100000	7
5100000	5100000	7
5018000	5101000	1
5019000	5101000	1
5056000	5101000	1
5063000	5101000	1
5065000	5101000	1
5080000	5101000	2
5084000	5101000	2
5088000	5101000	1
5090000	5101000	1
5094000	5101000	2
5095000	5101000	1
5096000	5101000	1
5097000	5101000	1
5098000	5101000	2
5099000	5101000	4
5100000	5101000	8
5101000	5101000	20
4989000	5102000	1
5004000	5102000	1
5019000	5102000	2
5025000	5102000	1
5059000	5102000	1
5066000	5102000	1
5079000	5102000	1
5080000	5102000	3
5084000	5102000	3
5085000	5102000	1
5087000	5102000	1
5088000	5102000	3
5093000	5102000	2
5094000	5102000	7
5095000	5102000	1
5096000	5102000	1
5098000	5102000	1
5099000	5102000	3
5100000	5102000	1
5101000	5102000	9
5102000	5102000	20
5004000	5103000	1
5011000	5103000	1
5026000	5103000	2
5048000	5103000	1
5060000	5103000	1
5061000	5103000	2
5065000	5103000	1
5072000	5103000	1
5081000	5103000	3
5082000	5103000	1
5084000	5103000	4
5085000	5103000	2
5086000	5103000	2
5087000	5103000	1
5088000	5103000	3
5091000	5103000	1
5094000	5103000	1
5097000	5103000	1
5098000	5103000	3
5099000	5103000	3
5100000	5103000	4
5101000	5103000	8
5102000	5103000	33
5103000	5103000	31
4989000	5104000	1
5014000	5104000	1
5018000	5104000	1
5027000	5104000	1
5054000	5104000	1
5069000	5104000	3
5070000	5104000	2
5078000	5104000	1
5079000	5104000	1
5080000	5104000	2
5087000	5104000	1
5089000	5104000	1
5097000	5104000	1
5098000	5104000	1
5101000	5104000	2
5102000	5104000	8
5103000	5104000	15
5104000	5104000	11
4988000	5105000	1
4995000	5105000	1
5002000	5105000	2
5005000	5105000	1
5007000	5105000	1
5030000	5105000	1
5032000	5105000	1
5057000	5105000	1
5062000	5105000	1
5067000	5105000	1
5071000	5105000	1
5073000	5105000	1
5078000	5105000	1
5079000	5105000	1
5080000	5105000	4
5081000	5105000	4
5082000	5105000	3
5083000	5105000	3
5084000	5105000	1
5085000	5105000	1
5087000	5105000	1
5088000	5105000	2
5089000	5105000	1
5090000	5105000	2
5094000	5105000	4
5096000	5105000	1
5097000	5105000	6
5098000	5105000	3
5101000	5105000	6
5102000	5105000	9
5103000	5105000	14
5104000	5105000	30
5105000	5105000	61
4992000	5106000	1
4994000	5106000	1
4996000	5106000	1
5003000	5106000	1
5006000	5106000	1
5012000	5106000	1
5023000	5106000	1
5031000	5106000	2
5049000	5106000	1
5059000	5106000	1
5063000	5106000	1
5069000	5106000	1
5081000	5106000	1
5082000	5106000	1
5083000	5106000	1
5084000	5106000	2
5085000	5106000	3
5092000	5106000	1
5093000	5106000	1
5097000	5106000	1
5098000	5106000	1
5100000	5106000	1
5101000	5106000	3
5102000	5106000	4
5103000	5106000	6
5104000	5106000	4
5105000	5106000	23
5106000	5106000	18
4987000	5107000	1
4989000	5107000	2
4991000	5107000	3
4996000	5107000	1
4997000	5107000	1
4999000	5107000	1
5000000	5107000	1
5006000	5107000	1
5010000	5107000	1
5012000	5107000	1
5013000	5107000	2
5016000	5107000	2
5017000	5107000	3
5018000	5107000	3
5021000	5107000	1
5023000	5107000	2
5027000	5107000	2
5029000	5107000	1
5034000	5107000	1
5039000	5107000	2
5040000	5107000	1
5053000	5107000	1
5057000	5107000	3
5058000	5107000	3
5059000	5107000	1
5060000	5107000	2
5067000	5107000	1
5068000	5107000	1
5074000	5107000	1
5078000	5107000	1
5079000	5107000	3
5080000	5107000	1
5081000	5107000	7
5082000	5107000	5
5083000	5107000	2
5084000	5107000	6
5085000	5107000	2
5086000	5107000	4
5087000	5107000	3
5088000	5107000	1
5089000	5107000	3
5092000	5107000	2
5094000	5107000	2
5097000	5107000	2
5098000	5107000	1
5099000	5107000	3
5101000	5107000	2
5102000	5107000	5
5103000	5107000	4
5104000	5107000	8
5105000	5107000	31
5106000	5107000	46
5107000	5107000	56
4985000	5108000	1
4987000	5108000	4
4989000	5108000	3
4994000	5108000	1
4997000	5108000	1
4998000	5108000	1
5000000	5108000	2
5002000	5108000	6
5003000	5108000	1
5008000	5108000	1
5013000	5108000	2
5017000	5108000	1
5018000	5108000	3
5019000	5108000	3
5021000	5108000	1
5023000	5108000	1
5024000	5108000	1
5026000	5108000	1
5027000	5108000	1
5032000	5108000	3
5039000	5108000	1
5056000	5108000	1
5058000	5108000	5
5059000	5108000	3
5060000	5108000	3
5070000	5108000	1
5071000	5108000	1
5072000	5108000	1
5073000	5108000	1
5074000	5108000	2
5075000	5108000	1
5077000	5108000	1
5079000	5108000	4
5080000	5108000	13
5081000	5108000	5
5082000	5108000	9
5083000	5108000	3
5084000	5108000	7
5085000	5108000	3
5087000	5108000	3
5088000	5108000	2
5089000	5108000	1
5091000	5108000	2
5092000	5108000	1
5094000	5108000	2
5095000	5108000	4
5097000	5108000	1
5098000	5108000	1
5099000	5108000	1
5100000	5108000	2
5101000	5108000	2
5102000	5108000	2
5103000	5108000	7
5104000	5108000	3
5105000	5108000	17
5106000	5108000	14
5107000	5108000	69
5108000	5108000	91
4985000	5109000	2
4987000	5109000	2
4990000	5109000	1
4991000	5109000	1
5000000	5109000	1
5002000	5109000	1
5011000	5109000	1
5012000	5109000	1
5015000	5109000	1
5019000	5109000	2
5020000	5109000	1
5021000	5109000	1
5022000	5109000	1
5033000	5109000	2
5038000	5109000	2
5039000	5109000	1
5052000	5109000	2
5055000	5109000	1
5056000	5109000	1
5057000	5109000	2
5059000	5109000	2
5060000	5109000	2
5062000	5109000	1
5066000	5109000	3
5068000	5109000	1
5073000	5109000	1
5074000	5109000	3
5076000	5109000	1
5079000	5109000	1
5080000	5109000	2
5081000	5109000	2
5082000	5109000	3
5083000	5109000	2
5084000	5109000	3
5085000	5109000	1
5086000	5109000	2
5087000	5109000	1
5088000	5109000	1
5089000	5109000	2
5090000	5109000	1
5091000	5109000	1
5092000	5109000	1
5094000	5109000	1
5099000	5109000	1
5101000	5109000	2
5102000	5109000	2
5103000	5109000	4
5105000	5109000	2
5106000	5109000	4
5107000	5109000	17
5108000	5109000	77
5109000	5109000	51
4987000	5110000	2
4989000	5110000	1
4996000	5110000	1
4997000	5110000	1
4999000	5110000	2
5013000	5110000	2
5052000	5110000	1
5076000	5110000	1
5080000	5110000	4
5081000	5110000	1
5084000	5110000	1
5087000	5110000	1
5092000	5110000	3
5104000	5110000	2
5107000	5110000	6
5108000	5110000	20
5109000	5110000	47
5110000	5110000	26
4987000	5111000	1
5001000	5111000	1
5015000	5111000	1
5042000	5111000	2
5047000	5111000	1
5057000	5111000	1
5088000	5111000	1
5089000	5111000	2
5090000	5111000	1
5093000	5111000	1
5100000	5111000	1
5103000	5111000	2
5105000	5111000	1
5107000	5111000	3
5108000	5111000	11
5109000	5111000	20
5110000	5111000	12
5111000	5111000	16
4989000	5112000	1
5008000	5112000	1
5079000	5112000	1
5081000	5112000	2
5082000	5112000	1
5099000	5112000	1
5108000	5112000	9
5109000	5112000	14
5110000	5112000	9
5111000	5112000	21
5112000	5112000	19
5016000	5113000	1
5027000	5113000	1
5097000	5113000	1
5107000	5113000	1
5108000	5113000	4
5109000	5113000	1
5110000	5113000	2
5111000	5113000	2
5112000	5113000	4
5113000	5113000	4
5039000	5114000	1
5066000	5114000	1
5074000	5114000	1
5107000	5114000	1
5109000	5114000	1
5112000	5114000	1
5114000	5114000	3
4987000	5115000	1
5021000	5115000	1
5029000	5115000	1
5037000	5115000	1
5069000	5115000	1
5074000	5115000	1
5077000	5115000	1
5080000	5115000	1
5081000	5115000	2
5084000	5115000	1
5085000	5115000	1
5087000	5115000	1
5099000	5115000	2
5105000	5115000	1
5107000	5115000	2
5108000	5115000	8
5109000	5115000	8
5110000	5115000	3
5111000	5115000	2
5112000	5115000	5
5114000	5115000	9
5115000	5115000	39
4988000	5116000	1
4989000	5116000	2
4991000	5116000	1
5002000	5116000	1
5013000	5116000	1
5018000	5116000	1
5019000	5116000	1
5020000	5116000	1
5053000	5116000	1
5059000	5116000	2
5074000	5116000	1
5075000	5116000	1
5080000	5116000	1
5084000	5116000	1
5105000	5116000	1
5106000	5116000	1
5107000	5116000	1
5108000	5116000	6
5109000	5116000	2
5110000	5116000	4
5111000	5116000	2
5112000	5116000	2
5115000	5116000	25
5116000	5116000	34
5011000	5117000	1
5029000	5117000	1
5060000	5117000	1
5065000	5117000	1
5067000	5117000	1
5083000	5117000	1
5084000	5117000	2
5088000	5117000	1
5089000	5117000	1
5108000	5117000	3
5109000	5117000	2
5110000	5117000	1
5112000	5117000	1
5115000	5117000	8
5116000	5117000	21
5117000	5117000	9
5117000	5118000	1
4985000	5120000	1
4996000	5120000	2
5013000	5120000	1
5019000	5120000	1
5027000	5120000	1
5028000	5120000	1
5039000	5120000	1
5048000	5120000	1
5049000	5120000	2
5055000	5120000	1
5056000	5120000	1
5074000	5120000	1
5078000	5120000	1
5081000	5120000	1
5083000	5120000	1
5092000	5120000	1
5102000	5120000	1
5105000	5120000	1
5107000	5120000	2
5111000	5120000	1
5114000	5120000	1
5115000	5120000	3
5116000	5120000	2
5117000	5120000	2
5118000	5120000	1
5120000	5120000	17
4989000	5121000	1
4993000	5121000	1
5002000	5121000	1
5005000	5121000	1
5011000	5121000	2
5019000	5121000	2
5020000	5121000	1
5031000	5121000	2
5037000	5121000	1
5038000	5121000	1
5058000	5121000	1
5063000	5121000	1
5069000	5121000	1
5074000	5121000	1
5081000	5121000	4
5082000	5121000	3
5087000	5121000	1
5091000	5121000	2
5101000	5121000	2
5105000	5121000	1
5107000	5121000	4
5108000	5121000	3
5115000	5121000	3
5116000	5121000	1
5117000	5121000	5
5120000	5121000	14
5121000	5121000	31
4985000	5122000	1
4987000	5122000	5
4989000	5122000	9
4990000	5122000	1
4992000	5122000	1
4993000	5122000	1
4994000	5122000	2
4996000	5122000	1
4999000	5122000	1
5001000	5122000	2
5002000	5122000	3
5004000	5122000	1
5013000	5122000	4
5017000	5122000	1
5018000	5122000	1
5020000	5122000	1
5022000	5122000	1
5026000	5122000	1
5029000	5122000	2
5031000	5122000	2
5032000	5122000	1
5033000	5122000	1
5035000	5122000	1
5036000	5122000	1
5037000	5122000	5
5038000	5122000	1
5039000	5122000	1
5042000	5122000	1
5044000	5122000	1
5046000	5122000	1
5053000	5122000	1
5056000	5122000	1
5057000	5122000	5
5058000	5122000	4
5060000	5122000	3
5069000	5122000	1
5072000	5122000	1
5077000	5122000	1
5079000	5122000	3
5080000	5122000	9
5081000	5122000	3
5082000	5122000	5
5084000	5122000	3
5085000	5122000	2
5086000	5122000	1
5088000	5122000	2
5089000	5122000	5
5090000	5122000	2
5092000	5122000	2
5094000	5122000	1
5099000	5122000	1
5100000	5122000	1
5101000	5122000	3
5102000	5122000	3
5103000	5122000	4
5104000	5122000	1
5105000	5122000	3
5106000	5122000	2
5107000	5122000	5
5108000	5122000	6
5109000	5122000	12
5110000	5122000	7
5111000	5122000	4
5112000	5122000	8
5113000	5122000	1
5114000	5122000	1
5115000	5122000	6
5116000	5122000	9
5117000	5122000	9
5120000	5122000	31
5121000	5122000	48
5122000	5122000	137
4985000	5123000	1
4987000	5123000	2
4988000	5123000	1
4989000	5123000	3
4990000	5123000	1
4994000	5123000	1
4995000	5123000	1
4999000	5123000	1
5007000	5123000	1
5013000	5123000	2
5015000	5123000	1
5017000	5123000	1
5018000	5123000	1
5020000	5123000	1
5022000	5123000	1
5024000	5123000	1
5026000	5123000	1
5035000	5123000	2
5037000	5123000	1
5039000	5123000	1
5040000	5123000	1
5045000	5123000	1
5049000	5123000	1
5052000	5123000	1
5053000	5123000	2
5055000	5123000	1
5056000	5123000	1
5057000	5123000	1
5060000	5123000	1
5062000	5123000	1
5068000	5123000	1
5072000	5123000	1
5073000	5123000	3
5079000	5123000	4
5081000	5123000	5
5082000	5123000	1
5084000	5123000	3
5085000	5123000	1
5086000	5123000	1
5087000	5123000	1
5089000	5123000	1
5090000	5123000	1
5092000	5123000	1
5102000	5123000	1
5107000	5123000	2
5108000	5123000	3
5109000	5123000	2
5111000	5123000	1
5112000	5123000	1
5115000	5123000	4
5116000	5123000	3
5117000	5123000	2
5120000	5123000	3
5121000	5123000	5
5122000	5123000	134
5123000	5123000	109
4993000	5124000	1
5013000	5124000	1
5027000	5124000	1
5036000	5124000	1
5038000	5124000	1
5046000	5124000	1
5048000	5124000	1
5052000	5124000	1
5057000	5124000	2
5073000	5124000	1
5075000	5124000	1
5077000	5124000	1
5080000	5124000	2
5082000	5124000	1
5083000	5124000	2
5092000	5124000	1
5105000	5124000	1
5106000	5124000	1
5107000	5124000	1
5108000	5124000	3
5111000	5124000	2
5115000	5124000	1
5120000	5124000	1
5121000	5124000	3
5122000	5124000	54
5123000	5124000	86
5124000	5124000	53
4986000	5125000	1
4991000	5125000	1
5027000	5125000	3
5057000	5125000	1
5058000	5125000	1
5105000	5125000	1
5107000	5125000	1
5115000	5125000	2
5121000	5125000	1
5122000	5125000	24
5123000	5125000	40
5124000	5125000	35
5125000	5125000	26
4988000	5126000	1
4989000	5126000	1
4990000	5126000	1
4999000	5126000	1
5002000	5126000	2
5005000	5126000	2
5013000	5126000	1
5016000	5126000	1
5018000	5126000	1
5038000	5126000	1
5043000	5126000	1
5044000	5126000	1
5058000	5126000	1
5061000	5126000	1
5072000	5126000	1
5080000	5126000	2
5081000	5126000	2
5082000	5126000	1
5083000	5126000	1
5089000	5126000	1
5091000	5126000	1
5095000	5126000	1
5099000	5126000	1
5106000	5126000	2
5107000	5126000	2
5108000	5126000	2
5109000	5126000	2
5110000	5126000	1
5113000	5126000	1
5115000	5126000	3
5116000	5126000	1
5120000	5126000	1
5122000	5126000	34
5123000	5126000	31
5124000	5126000	33
5125000	5126000	41
5126000	5126000	52
4988000	5127000	1
5078000	5127000	1
5080000	5127000	1
5087000	5127000	1
5109000	5127000	1
5122000	5127000	9
5123000	5127000	14
5124000	5127000	9
5125000	5127000	8
5126000	5127000	37
5127000	5127000	24
5009000	5128000	1
5019000	5128000	1
5028000	5128000	2
5058000	5128000	1
5088000	5128000	1
5096000	5128000	1
5112000	5128000	1
5121000	5128000	4
5122000	5128000	12
5123000	5128000	12
5124000	5128000	5
5125000	5128000	8
5126000	5128000	21
5127000	5128000	19
5128000	5128000	50
5002000	5129000	1
5012000	5129000	1
5015000	5129000	1
5059000	5129000	1
5066000	5129000	2
5068000	5129000	1
5073000	5129000	1
5085000	5129000	1
5105000	5129000	1
5109000	5129000	1
5110000	5129000	1
5111000	5129000	1
5122000	5129000	1
5123000	5129000	5
5124000	5129000	6
5125000	5129000	5
5126000	5129000	15
5127000	5129000	7
5128000	5129000	21
5129000	5129000	31
5057000	5130000	1
5080000	5130000	1
5083000	5130000	1
5084000	5130000	1
5122000	5130000	5
5123000	5130000	6
5124000	5130000	1
5125000	5130000	2
5126000	5130000	9
5127000	5130000	2
5128000	5130000	8
5129000	5130000	20
5130000	5130000	34
5014000	5131000	1
5067000	5131000	1
5105000	5131000	2
5109000	5131000	1
5122000	5131000	3
5123000	5131000	1
5125000	5131000	2
5126000	5131000	5
5127000	5131000	4
5128000	5131000	7
5129000	5131000	3
5130000	5131000	3
5131000	5131000	25
4995000	5132000	1
5012000	5132000	2
5016000	5132000	1
5022000	5132000	1
5041000	5132000	1
5073000	5132000	1
5081000	5132000	2
5115000	5132000	1
5121000	5132000	1
5122000	5132000	4
5123000	5132000	6
5124000	5132000	2
5125000	5132000	3
5126000	5132000	5
5128000	5132000	7
5129000	5132000	9
5130000	5132000	11
5131000	5132000	26
5132000	5132000	48
5067000	5133000	1
5078000	5133000	1
5111000	5133000	2
5123000	5133000	5
5124000	5133000	3
5125000	5133000	1
5126000	5133000	3
5127000	5133000	2
5128000	5133000	2
5129000	5133000	5
5130000	5133000	6
5131000	5133000	5
5132000	5133000	33
5133000	5133000	41
4989000	5134000	1
4993000	5134000	1
5001000	5134000	1
5017000	5134000	1
5058000	5134000	2
5081000	5134000	3
5083000	5134000	1
5098000	5134000	1
5107000	5134000	1
5116000	5134000	1
5122000	5134000	2
5123000	5134000	3
5124000	5134000	1
5126000	5134000	3
5127000	5134000	2
5128000	5134000	4
5129000	5134000	3
5130000	5134000	8
5131000	5134000	6
5132000	5134000	16
5133000	5134000	43
5134000	5134000	45
4993000	5135000	2
5006000	5135000	1
5037000	5135000	1
5079000	5135000	1
5102000	5135000	1
5122000	5135000	1
5123000	5135000	1
5124000	5135000	2
5125000	5135000	1
5126000	5135000	1
5130000	5135000	1
5131000	5135000	3
5132000	5135000	4
5133000	5135000	9
5134000	5135000	20
5135000	5135000	10
4999000	5136000	1
5013000	5136000	2
5016000	5136000	1
5057000	5136000	2
5058000	5136000	1
5062000	5136000	1
5074000	5136000	1
5082000	5136000	2
5089000	5136000	1
5097000	5136000	1
5107000	5136000	1
5108000	5136000	1
5115000	5136000	1
5116000	5136000	1
5121000	5136000	1
5122000	5136000	4
5123000	5136000	4
5124000	5136000	4
5125000	5136000	1
5126000	5136000	3
5127000	5136000	1
5128000	5136000	2
5129000	5136000	9
5130000	5136000	3
5131000	5136000	2
5132000	5136000	7
5133000	5136000	8
5134000	5136000	17
5135000	5136000	15
5136000	5136000	49
5057000	5137000	1
5059000	5137000	1
5069000	5137000	1
5071000	5137000	1
5075000	5137000	1
5082000	5137000	1
5087000	5137000	1
5106000	5137000	1
5109000	5137000	1
5111000	5137000	1
5122000	5137000	1
5123000	5137000	1
5127000	5137000	1
5128000	5137000	3
5129000	5137000	4
5130000	5137000	2
5131000	5137000	1
5132000	5137000	7
5133000	5137000	3
5134000	5137000	8
5135000	5137000	5
5136000	5137000	57
5137000	5137000	38
4989000	5138000	1
5009000	5138000	1
5037000	5138000	3
5040000	5138000	1
5074000	5138000	1
5081000	5138000	3
5093000	5138000	1
5098000	5138000	3
5108000	5138000	1
5109000	5138000	1
5120000	5138000	2
5121000	5138000	1
5122000	5138000	4
5123000	5138000	2
5124000	5138000	3
5125000	5138000	1
5126000	5138000	2
5127000	5138000	1
5128000	5138000	3
5129000	5138000	3
5130000	5138000	1
5132000	5138000	3
5133000	5138000	3
5134000	5138000	4
5135000	5138000	3
5136000	5138000	45
5137000	5138000	43
5138000	5138000	72
4996000	5139000	1
5024000	5139000	1
5072000	5139000	1
5081000	5139000	2
5109000	5139000	1
5121000	5139000	1
5122000	5139000	4
5123000	5139000	1
5127000	5139000	1
5128000	5139000	1
5129000	5139000	1
5130000	5139000	1
5133000	5139000	1
5134000	5139000	7
5135000	5139000	1
5136000	5139000	14
5137000	5139000	12
5138000	5139000	50
5139000	5139000	45
5006000	5140000	1
5074000	5140000	1
5122000	5140000	2
5124000	5140000	1
5129000	5140000	1
5130000	5140000	1
5133000	5140000	1
5135000	5140000	1
5136000	5140000	1
5137000	5140000	1
5138000	5140000	8
5139000	5140000	24
5140000	5140000	23
5002000	5141000	1
5102000	5141000	1
5122000	5141000	1
5128000	5141000	1
5133000	5141000	1
5134000	5141000	2
5136000	5141000	4
5137000	5141000	4
5138000	5141000	7
5139000	5141000	8
5140000	5141000	7
5141000	5141000	25
4993000	5142000	1
5046000	5142000	1
5077000	5142000	1
5106000	5142000	1
5109000	5142000	1
5122000	5142000	4
5123000	5142000	1
5128000	5142000	3
5132000	5142000	1
5134000	5142000	2
5136000	5142000	6
5137000	5142000	5
5138000	5142000	4
5139000	5142000	8
5140000	5142000	5
5141000	5142000	16
5142000	5142000	29
5003000	5143000	1
5034000	5143000	1
5081000	5143000	2
5097000	5143000	1
5123000	5143000	1
5125000	5143000	1
5128000	5143000	1
5135000	5143000	1
5136000	5143000	2
5137000	5143000	2
5138000	5143000	4
5139000	5143000	5
5140000	5143000	1
5141000	5143000	8
5142000	5143000	24
5143000	5143000	26
4994000	5144000	1
4996000	5144000	1
5000000	5144000	1
5059000	5144000	1
5083000	5144000	1
5091000	5144000	1
5129000	5144000	1
5132000	5144000	1
5134000	5144000	1
5136000	5144000	3
5137000	5144000	3
5138000	5144000	4
5139000	5144000	1
5140000	5144000	4
5141000	5144000	5
5142000	5144000	6
5143000	5144000	21
5144000	5144000	17
